Order ID,Order Date,Ship Date,Segment,Region,Category,Sub-Category,Sales,Quantity,Discount,Profit
US-01041,2014-01-01,2014-01-02,Consumer,Central,Furniture,Chairs,595.4,2,0.0,169.05
US-02923,2014-01-01,2014-01-01,Home Office,South,Office Supplies,Paper,73.36,2,0.0,6.77
US-00009,2014-01-02,2014-01-06,Consumer,West,Furniture,Tables,5631.31,4,0.2,192.28
US-00009,2014-01-02,2014-01-06,Home Office,South,Office Supplies,Art,1233.23,5,0.0,108.19
US-00009,2014-01-02,2014-01-05,Consumer,East,Technology,Phones,656.01,1,0.1,32.18
US-01139,2014-01-02,2014-01-02,Corporate,East,Office Supplies,Appliances,358.99,1,0.0,85.02
US-02120,2014-01-02,2014-01-04,Corporate,East,Office Supplies,Labels,34.95,2,0.1,1.66
US-02120,2014-01-02,2014-01-06,Home Office,South,Technology,Copiers,809.08,1,0.0,118.9
US-00047,2014-01-03,2014-01-03,Corporate,South,Office Supplies,Supplies,20.3,2,0.1,2.41
US-00047,2014-01-03,2014-01-08,Corporate,South,Technology,Copiers,3571.05,2,0.0,853.5
US-01262,2014-01-03,2014-01-04,Consumer,West,Technology,Phones,1002.49,2,0.0,128.94
US-01367,2014-01-03,2014-01-08,Home Office,West,Furniture,Bookcases,1115.98,4,0.0,296.29
US-03293,2014-01-03,2014-01-06,Corporate,Central,Technology,Accessories,100.09,1,0.0,16.8
US-03293,2014-01-03,2014-01-09,Corporate,West,Office Supplies,Storage,332.46,1,0.0,96.09
US-00022,2014-01-04,2014-01-09,Corporate,South,Furniture,Chairs,335.34,3,0.0,48.35
US-00022,2014-01-04,2014-01-07,Corporate,South,Office Supplies,Supplies,107.96,3,0.0,11.61
US-01678,2014-01-04,2014-01-07,Corporate,South,Furniture,Tables,1380.32,1,0.0,479.54
US-02075,2014-01-04,2014-01-05,Consumer,East,Technology,Machines,314.64,1,0.0,86.07
US-02075,2014-01-04,2014-01-07,Consumer,East,Technology,Phones,1254.33,2,0.0,346.83
US-02604,2014-01-04,2014-01-06,Home Office,South,Office Supplies,Supplies,154.88,2,0.0,49.37
US-02604,2014-01-04,2014-01-08,Consumer,South,Furniture,Chairs,236.98,3,0.0,13.94
US-03402,2014-01-04,2014-01-06,Home Office,East,Office Supplies,Appliances,195.0,1,0.0,56.86
US-03402,2014-01-04,2014-01-10,Consumer,East,Office Supplies,Appliances,250.89,4,0.0,76.98
US-03943,2014-01-04,2014-01-09,Corporate,West,Technology,Phones,1545.24,2,0.0,441.19
US-03943,2014-01-04,2014-01-05,Home Office,Central,Office Supplies,Storage,206.03,1,0.1,26.86
US-04168,2014-01-04,2014-01-10,Home Office,East,Furniture,Chairs,347.08,1,0.0,32.94
US-04168,2014-01-04,2014-01-04,Corporate,West,Technology,Copiers,1602.27,4,0.0,296.66
US-00575,2014-01-05,2014-01-05,Home Office,East,Office Supplies,Binders,35.42,1,0.15,5.68
US-01255,2014-01-05,2014-01-05,Home Office,South,Technology,Accessories,106.98,1,0.15,7.58
US-01255,2014-01-05,2014-01-11,Home Office,West,Office Supplies,Appliances,114.63,1,0.15,-13.56
US-01752,2014-01-05,2014-01-08,Consumer,Central,Furniture,Tables,1476.58,2,0.0,94.99
US-03759,2014-01-05,2014-01-07,Corporate,West,Technology,Machines,1088.99,1,0.15,85.36
US-03759,2014-01-05,2014-01-06,Corporate,East,Technology,Phones,1152.44,2,0.0,223.41
US-00171,2014-01-06,2014-01-10,Consumer,West,Technology,Accessories,193.99,1,0.0,63.89
US-00171,2014-01-06,2014-01-06,Consumer,Central,Office Supplies,Paper,228.68,4,0.0,68.1
US-01272,2014-01-06,2014-01-12,Consumer,Central,Office Supplies,Paper,158.45,3,0.15,5.45
US-01440,2014-01-06,2014-01-08,Corporate,West,Office Supplies,Labels,148.44,5,0.2,21.76
US-04606,2014-01-06,2014-01-08,Consumer,West,Furniture,Chairs,2128.44,3,0.0,195.95
US-04606,2014-01-06,2014-01-08,Corporate,South,Office Supplies,Fasteners,21.75,1,0.15,0.86
US-00705,2014-01-07,2014-01-07,Consumer,Central,Furniture,Furnishings,975.2,4,0.0,320.92
US-00705,2014-01-07,2014-01-09,Consumer,Central,Technology,Accessories,1202.74,5,0.15,227.05
US-00965,2014-01-07,2014-01-13,Home Office,West,Office Supplies,Paper,786.01,4,0.0,141.67
US-00965,2014-01-07,2014-01-11,Corporate,Central,Office Supplies,Binders,56.73,1,0.1,-0.6
US-00965,2014-01-07,2014-01-13,Home Office,West,Furniture,Tables,1400.5,1,0.0,409.82
US-02028,2014-01-07,2014-01-13,Home Office,Central,Furniture,Bookcases,603.48,1,0.0,148.52
US-03362,2014-01-07,2014-01-11,Consumer,West,Technology,Copiers,9167.74,5,0.15,1066.4
US-00481,2014-01-08,2014-01-09,Corporate,East,Office Supplies,Envelopes,42.7,3,0.4,-11.01
US-01070,2014-01-08,2014-01-13,Corporate,South,Technology,Accessories,367.24,1,0.2,-4.57
US-02366,2014-01-08,2014-01-10,Corporate,West,Technology,Copiers,5295.06,4,0.1,457.8
US-02366,2014-01-08,2014-01-10,Corporate,East,Furniture,Tables,2938.92,2,0.0,616.56
US-02366,2014-01-08,2014-01-13,Corporate,Central,Furniture,Bookcases,1141.52,3,0.0,182.02
US-02884,2014-01-08,2014-01-08,Consumer,South,Furniture,Tables,410.51,1,0.15,69.46
US-03556,2014-01-08,2014-01-13,Corporate,South,Office Supplies,Envelopes,64.57,4,0.0,7.03
US-03556,2014-01-08,2014-01-14,Corporate,East,Office Supplies,Labels,97.24,3,0.0,25.43
US-04665,2014-01-08,2014-01-11,Home Office,West,Technology,Phones,1336.45,4,0.0,268.79
US-00904,2014-01-09,2014-01-13,Consumer,South,Furniture,Bookcases,228.17,1,0.0,16.62
US-01759,2014-01-09,2014-01-15,Corporate,East,Office Supplies,Storage,268.46,1,0.3,-24.49
US-01759,2014-01-09,2014-01-15,Corporate,West,Office Supplies,Appliances,425.22,4,0.0,94.45
US-02243,2014-01-09,2014-01-12,Corporate,West,Office Supplies,Art,180.39,2,0.0,23.54
US-02243,2014-01-09,2014-01-14,Corporate,South,Office Supplies,Paper,88.65,1,0.0,30.9
US-03991,2014-01-09,2014-01-15,Corporate,South,Office Supplies,Fasteners,3.28,1,0.0,0.58
US-00615,2014-01-10,2014-01-13,Consumer,South,Office Supplies,Fasteners,6.07,2,0.0,0.92
US-00615,2014-01-10,2014-01-14,Home Office,Central,Technology,Phones,850.42,3,0.0,184.49
US-01284,2014-01-10,2014-01-16,Consumer,East,Furniture,Bookcases,1528.33,5,0.4,-259.94
US-02808,2014-01-10,2014-01-13,Consumer,West,Office Supplies,Paper,68.75,5,0.0,9.98
US-04581,2014-01-10,2014-01-13,Home Office,West,Office Supplies,Appliances,641.61,1,0.0,110.77
US-00471,2014-01-11,2014-01-12,Consumer,West,Furniture,Furnishings,495.33,1,0.1,110.53
US-02131,2014-01-11,2014-01-12,Home Office,West,Furniture,Furnishings,437.59,2,0.0,92.27
US-03158,2014-01-11,2014-01-17,Consumer,West,Office Supplies,Supplies,69.8,1,0.0,21.68
US-03158,2014-01-11,2014-01-15,Corporate,West,Office Supplies,Art,241.47,1,0.0,12.23
US-02529,2014-01-12,2014-01-13,Consumer,South,Technology,Machines,2807.97,2,0.0,174.18
US-04016,2014-01-12,2014-01-17,Home Office,South,Office Supplies,Appliances,650.12,1,0.0,37.6
US-04016,2014-01-12,2014-01-17,Home Office,South,Technology,Accessories,1362.75,5,0.2,-75.79
US-04990,2014-01-12,2014-01-15,Corporate,South,Furniture,Bookcases,432.22,4,0.1,28.54
US-01081,2014-01-13,2014-01-19,Corporate,West,Furniture,Bookcases,273.42,2,0.5,-85.37
US-01081,2014-01-13,2014-01-19,Corporate,East,Technology,Accessories,530.06,3,0.0,84.18
US-00002,2014-01-14,2014-01-14,Home Office,South,Office Supplies,Binders,37.32,1,0.4,-2.8
US-00002,2014-01-14,2014-01-18,Home Office,Central,Furniture,Furnishings,1222.26,3,0.0,417.93
US-00482,2014-01-14,2014-01-16,Corporate,West,Furniture,Bookcases,423.91,1,0.0,101.48
US-01515,2014-01-14,2014-01-20,Consumer,East,Technology,Machines,2732.57,2,0.0,451.62
US-01515,2014-01-14,2014-01-18,Corporate,West,Office Supplies,Fasteners,79.45,4,0.15,0.89
US-02127,2014-01-14,2014-01-20,Home Office,Central,Technology,Machines,1396.04,1,0.0,402.79
US-02127,2014-01-14,2014-01-20,Consumer,South,Office Supplies,Fasteners,20.2,1,0.0,2.92
US-03007,2014-01-14,2014-01-18,Consumer,West,Furniture,Bookcases,1949.74,3,0.0,165.76
US-04635,2014-01-14,2014-01-18,Home Office,South,Furniture,Chairs,2955.49,4,0.0,311.64
US-04635,2014-01-14,2014-01-20,Consumer,West,Technology,Copiers,3492.73,2,0.2,-257.23
US-04635,2014-01-14,2014-01-16,Consumer,East,Technology,Accessories,537.22,5,0.0,137.5
US-00550,2014-01-15,2014-01-19,Home Office,Central,Office Supplies,Supplies,84.6,3,0.4,-12.65
US-01390,2014-01-15,2014-01-15,Consumer,East,Furniture,Tables,7308.7,5,0.1,1448.43
US-01594,2014-01-15,2014-01-20,Corporate,South,Office Supplies,Fasteners,47.32,4,0.0,11.85
US-01594,2014-01-15,2014-01-19,Corporate,Central,Technology,Machines,643.55,4,0.0,91.82
US-01841,2014-01-15,2014-01-20,Consumer,Central,Furniture,Chairs,531.92,1,0.2,22.97
US-01841,2014-01-15,2014-01-18,Corporate,South,Furniture,Chairs,941.89,5,0.0,274.34
US-01841,2014-01-15,2014-01-16,Consumer,Central,Office Supplies,Appliances,277.86,1,0.0,62.58
US-02714,2014-01-15,2014-01-20,Home Office,South,Technology,Accessories,1170.43,3,0.0,405.2
US-03515,2014-01-15,2014-01-19,Consumer,South,Office Supplies,Labels,57.65,2,0.0,19.63
US-03515,2014-01-15,2014-01-18,Consumer,South,Technology,Copiers,3731.04,3,0.1,572.59
US-00710,2014-01-17,2014-01-18,Corporate,Central,Technology,Phones,600.7,1,0.3,-63.77
US-01118,2014-01-17,2014-01-19,Home Office,West,Furniture,Furnishings,411.09,1,0.0,38.14
US-01517,2014-01-17,2014-01-17,Home Office,East,Office Supplies,Envelopes,142.97,3,0.0,46.6
US-01517,2014-01-17,2014-01-23,Consumer,Central,Technology,Machines,969.5,3,0.1,254.56
US-04616,2014-01-17,2014-01-22,Consumer,East,Technology,Accessories,413.36,2,0.0,133.21
US-04745,2014-01-17,2014-01-20,Home Office,West,Technology,Copiers,3887.21,3,0.4,-301.18
US-00207,2014-01-18,2014-01-23,Home Office,Central,Technology,Machines,722.14,1,0.0,90.7
US-00207,2014-01-18,2014-01-22,Home Office,West,Furniture,Tables,1047.76,5,0.4,-58.04
US-00630,2014-01-18,2014-01-18,Corporate,East,Furniture,Chairs,447.16,1,0.0,44.17
US-00882,2014-01-18,2014-01-24,Corporate,West,Furniture,Chairs,1722.7,4,0.0,172.44
US-01518,2014-01-18,2014-01-20,Consumer,West,Furniture,Bookcases,109.79,1,0.2,-5.39
US-01518,2014-01-18,2014-01-24,Corporate,South,Furniture,Bookcases,1818.71,3,0.0,347.18
US-04050,2014-01-18,2014-01-24,Consumer,East,Technology,Copiers,693.43,3,0.0,82.52
US-04050,2014-01-18,2014-01-22,Home Office,Central,Furniture,Chairs,633.35,2,0.3,6.72
US-04608,2014-01-18,2014-01-22,Corporate,East,Office Supplies,Paper,58.62,1,0.0,5.62
US-04608,2014-01-18,2014-01-20,Home Office,East,Furniture,Chairs,371.74,1,0.0,101.16
US-04954,2014-01-19,2014-01-22,Corporate,South,Technology,Copiers,1572.93,1,0.4,-186.17
US-00016,2014-01-20,2014-01-22,Consumer,East,Furniture,Bookcases,393.65,1,0.0,27.81
US-00016,2014-01-20,2014-01-22,Home Office,West,Technology,Machines,2103.23,2,0.4,-767.26
US-00016,2014-01-20,2014-01-22,Home Office,East,Technology,Accessories,232.43,2,0.15,-7.09
US-01254,2014-01-20,2014-01-21,Consumer,South,Technology,Copiers,4306.12,3,0.2,50.57
US-02358,2014-01-20,2014-01-24,Home Office,East,Technology,Copiers,1771.21,3,0.0,609.62
US-02358,2014-01-20,2014-01-22,Corporate,West,Technology,Machines,361.42,1,0.15,71.61
US-02358,2014-01-20,2014-01-22,Home Office,East,Furniture,Bookcases,2699.73,5,0.0,274.93
US-02575,2014-01-20,2014-01-25,Consumer,Central,Office Supplies,Labels,54.57,5,0.15,-2.41
US-02575,2014-01-20,2014-01-22,Corporate,Central,Furniture,Tables,1599.74,2,0.1,265.49
US-02780,2014-01-20,2014-01-26,Home Office,South,Technology,Machines,892.01,1,0.0,250.86
US-03980,2014-01-20,2014-01-20,Corporate,South,Furniture,Furnishings,1696.05,4,0.0,297.21
US-04198,2014-01-20,2014-01-24,Home Office,Central,Technology,Machines,215.58,1,0.0,19.69
US-02290,2014-01-21,2014-01-23,Corporate,South,Technology,Machines,3450.52,4,0.1,819.53
US-02290,2014-01-21,2014-01-22,Consumer,South,Office Supplies,Storage,131.63,1,0.0,21.47
US-03578,2014-01-21,2014-01-21,Consumer,East,Furniture,Furnishings,1324.48,5,0.4,-76.77
US-03578,2014-01-21,2014-01-23,Corporate,West,Furniture,Bookcases,422.24,1,0.15,46.63
US-04781,2014-01-21,2014-01-22,Corporate,South,Office Supplies,Art,416.67,2,0.0,116.48
US-00145,2014-01-22,2014-01-24,Home Office,East,Technology,Copiers,1002.4,1,0.15,99.27
US-03473,2014-01-22,2014-01-26,Corporate,East,Furniture,Chairs,2768.94,4,0.15,315.4
US-03718,2014-01-22,2014-01-23,Home Office,East,Technology,Machines,3395.73,4,0.0,845.31
US-00833,2014-01-23,2014-01-24,Consumer,Central,Technology,Copiers,736.53,3,0.15,-36.98
US-00833,2014-01-23,2014-01-28,Home Office,East,Furniture,Tables,2916.0,3,0.0,385.1
US-02826,2014-01-23,2014-01-28,Corporate,East,Technology,Phones,759.6,1,0.2,43.35
US-02826,2014-01-23,2014-01-24,Consumer,Central,Technology,Phones,1407.83,2,0.0,481.08
US-03565,2014-01-23,2014-01-25,Consumer,East,Technology,Machines,1437.17,1,0.0,93.8
US-02064,2014-01-24,2014-01-28,Consumer,Central,Office Supplies,Labels,68.98,3,0.0,6.99
US-03314,2014-01-24,2014-01-25,Consumer,West,Technology,Accessories,1280.62,4,0.0,293.65
US-03314,2014-01-24,2014-01-25,Home Office,East,Office Supplies,Storage,293.05,2,0.2,5.94
US-03314,2014-01-24,2014-01-29,Consumer,East,Furniture,Bookcases,601.26,1,0.0,184.41
US-04141,2014-01-25,2014-01-25,Home Office,East,Office Supplies,Storage,752.24,4,0.4,-44.26
US-04520,2014-01-25,2014-01-31,Corporate,East,Technology,Copiers,5260.94,3,0.15,-358.8
US-04590,2014-01-25,2014-01-31,Home Office,East,Office Supplies,Labels,53.75,2,0.2,1.71
US-00286,2014-01-26,2014-01-31,Corporate,South,Technology,Copiers,3224.46,5,0.0,872.53
US-00477,2014-01-26,2014-01-30,Home Office,East,Furniture,Bookcases,640.71,1,0.0,100.35
US-00522,2014-01-26,2014-01-29,Home Office,South,Technology,Accessories,330.18,2,0.3,5.25
US-00522,2014-01-26,2014-02-01,Corporate,Central,Technology,Phones,951.1,2,0.3,-74.47
US-03884,2014-01-26,2014-01-27,Home Office,West,Technology,Copiers,2493.87,3,0.4,-501.96
US-03792,2014-01-27,2014-01-31,Home Office,East,Office Supplies,Art,555.71,4,0.5,-120.02
US-03887,2014-01-27,2014-01-31,Home Office,West,Technology,Accessories,397.94,3,0.3,22.23
US-03887,2014-01-27,2014-01-30,Corporate,Central,Office Supplies,Storage,1268.68,4,0.0,353.91
US-04541,2014-01-27,2014-01-30,Home Office,South,Office Supplies,Storage,184.07,4,0.1,46.92
US-04541,2014-01-27,2014-01-30,Consumer,Central,Furniture,Bookcases,1349.57,2,0.0,120.6
US-01539,2014-01-28,2014-02-01,Home Office,West,Technology,Phones,469.4,1,0.15,-41.11
US-01741,2014-01-28,2014-01-29,Consumer,East,Technology,Machines,1192.8,1,0.0,88.08
US-01929,2014-01-28,2014-02-03,Consumer,West,Technology,Phones,1276.05,2,0.0,78.4
US-01929,2014-01-28,2014-02-02,Home Office,Central,Technology,Phones,548.14,2,0.0,162.29
US-03955,2014-01-28,2014-02-03,Corporate,East,Office Supplies,Art,226.51,2,0.3,-37.04
US-00920,2014-01-29,2014-02-01,Home Office,South,Furniture,Bookcases,591.33,2,0.0,151.69
US-01132,2014-01-29,2014-02-02,Corporate,West,Furniture,Chairs,1288.49,4,0.2,-11.5
US-02203,2014-01-29,2014-02-02,Corporate,East,Office Supplies,Envelopes,58.38,4,0.3,-16.66
US-04948,2014-01-29,2014-01-30,Home Office,East,Technology,Accessories,718.86,2,0.0,197.36
US-04948,2014-01-29,2014-01-30,Home Office,Central,Furniture,Chairs,987.88,2,0.0,194.6
US-04948,2014-01-29,2014-01-29,Consumer,East,Technology,Copiers,472.74,1,0.1,67.47
US-03169,2014-01-30,2014-02-05,Consumer,South,Technology,Copiers,6709.55,5,0.1,1030.91
US-03169,2014-01-30,2014-01-31,Consumer,South,Technology,Machines,2861.07,2,0.0,940.07
US-04913,2014-01-30,2014-02-04,Corporate,East,Office Supplies,Art,500.17,2,0.15,4.9
US-04913,2014-01-30,2014-02-05,Corporate,Central,Furniture,Furnishings,218.83,4,0.15,-16.2
US-03283,2014-01-31,2014-01-31,Home Office,Central,Office Supplies,Binders,110.1,3,0.2,-4.01
US-04316,2014-01-31,2014-02-04,Home Office,Central,Office Supplies,Storage,533.12,4,0.2,-71.98
US-04316,2014-01-31,2014-02-03,Home Office,South,Technology,Accessories,1093.99,3,0.0,293.66
US-04399,2014-01-31,2014-02-02,Home Office,Central,Office Supplies,Art,129.04,1,0.0,34.16
US-00631,2014-02-01,2014-02-03,Corporate,West,Furniture,Chairs,99.36,1,0.0,24.65
US-00631,2014-02-01,2014-02-01,Home Office,East,Technology,Machines,4312.43,3,0.0,1163.99
US-02281,2014-02-01,2014-02-06,Home Office,Central,Office Supplies,Binders,7.28,1,0.1,1.84
US-02281,2014-02-01,2014-02-01,Corporate,South,Technology,Phones,260.29,2,0.0,30.38
US-03274,2014-02-01,2014-02-05,Consumer,East,Office Supplies,Art,108.42,4,0.1,21.37
US-04838,2014-02-01,2014-02-05,Consumer,East,Technology,Phones,4306.1,5,0.0,448.63
US-01907,2014-02-02,2014-02-07,Consumer,South,Office Supplies,Storage,275.16,1,0.15,-14.29
US-01907,2014-02-02,2014-02-03,Home Office,East,Office Supplies,Envelopes,32.97,3,0.0,6.64
US-02085,2014-02-02,2014-02-04,Corporate,South,Office Supplies,Supplies,78.97,1,0.0,14.92
US-02904,2014-02-02,2014-02-07,Home Office,East,Technology,Accessories,228.52,1,0.0,66.39
US-01166,2014-02-03,2014-02-09,Consumer,East,Technology,Copiers,2907.25,4,0.0,855.6
US-01166,2014-02-03,2014-02-06,Home Office,West,Technology,Phones,1513.88,2,0.1,137.49
US-03477,2014-02-03,2014-02-03,Corporate,East,Office Supplies,Supplies,114.7,3,0.0,15.89
US-02608,2014-02-04,2014-02-08,Consumer,South,Furniture,Chairs,1386.9,2,0.0,432.53
US-02812,2014-02-04,2014-02-04,Home Office,West,Furniture,Bookcases,1720.43,3,0.1,152.86
US-01176,2014-02-05,2014-02-06,Corporate,West,Furniture,Tables,768.58,2,0.0,123.48
US-00404,2014-02-06,2014-02-10,Corporate,West,Office Supplies,Appliances,319.23,1,0.0,59.98
US-00955,2014-02-06,2014-02-09,Consumer,East,Office Supplies,Envelopes,19.98,1,0.1,3.84
US-00955,2014-02-06,2014-02-08,Consumer,Central,Technology,Phones,849.26,1,0.4,7.77
US-02337,2014-02-06,2014-02-11,Corporate,South,Office Supplies,Supplies,217.8,3,0.15,32.35
US-04304,2014-02-06,2014-02-09,Corporate,Central,Furniture,Chairs,2372.17,3,0.0,489.37
US-04304,2014-02-06,2014-02-07,Corporate,East,Furniture,Furnishings,855.6,2,0.3,-245.45
US-04680,2014-02-06,2014-02-10,Consumer,South,Office Supplies,Envelopes,35.27,1,0.0,2.4
US-04680,2014-02-06,2014-02-07,Consumer,South,Furniture,Bookcases,434.41,3,0.0,121.01
US-03227,2014-02-07,2014-02-11,Consumer,South,Technology,Phones,926.97,2,0.0,61.58
US-04460,2014-02-07,2014-02-09,Corporate,Central,Office Supplies,Labels,66.65,4,0.0,7.9
US-04383,2014-02-08,2014-02-14,Home Office,Central,Furniture,Bookcases,385.68,1,0.0,73.96
US-04383,2014-02-08,2014-02-09,Consumer,West,Office Supplies,Supplies,74.43,1,0.2,0.52
US-04597,2014-02-08,2014-02-08,Consumer,West,Office Supplies,Appliances,721.75,1,0.1,161.69
US-04597,2014-02-08,2014-02-14,Home Office,South,Furniture,Chairs,224.18,1,0.0,67.74
US-04728,2014-02-08,2014-02-08,Home Office,Central,Furniture,Tables,2767.96,3,0.3,-372.66
US-01089,2014-02-09,2014-02-14,Home Office,South,Technology,Machines,1070.67,1,0.15,24.58
US-01089,2014-02-09,2014-02-10,Corporate,Central,Office Supplies,Envelopes,35.84,1,0.0,1.8
US-01089,2014-02-09,2014-02-09,Home Office,Central,Technology,Machines,1327.1,1,0.0,232.65
US-01095,2014-02-09,2014-02-10,Home Office,West,Furniture,Tables,295.79,1,0.0,38.11
US-01302,2014-02-09,2014-02-11,Corporate,East,Office Supplies,Art,417.71,3,0.3,-38.48
US-01887,2014-02-09,2014-02-12,Corporate,East,Technology,Phones,516.92,1,0.0,180.53
US-04492,2014-02-09,2014-02-15,Home Office,South,Technology,Copiers,1223.87,2,0.2,-49.12
US-04502,2014-02-09,2014-02-14,Corporate,East,Furniture,Furnishings,249.36,2,0.0,36.7
US-00685,2014-02-10,2014-02-10,Corporate,West,Office Supplies,Appliances,628.74,1,0.0,175.92
US-00685,2014-02-10,2014-02-11,Home Office,East,Furniture,Furnishings,1971.62,4,0.0,523.16
US-02133,2014-02-10,2014-02-13,Consumer,Central,Office Supplies,Art,407.78,2,0.0,85.44
US-03780,2014-02-10,2014-02-15,Home Office,South,Furniture,Bookcases,285.84,1,0.0,58.39
US-03780,2014-02-10,2014-02-12,Corporate,Central,Technology,Copiers,1795.94,1,0.0,248.26
US-03780,2014-02-10,2014-02-15,Consumer,South,Office Supplies,Supplies,7.66,1,0.0,0.58
US-01556,2014-02-11,2014-02-16,Home Office,Central,Office Supplies,Envelopes,95.28,2,0.0,6.46
US-02595,2014-02-11,2014-02-17,Consumer,East,Technology,Machines,2016.96,2,0.0,570.06
US-03675,2014-02-11,2014-02-15,Home Office,West,Technology,Accessories,294.27,2,0.0,55.3
US-01185,2014-02-12,2014-02-16,Home Office,West,Office Supplies,Binders,10.93,1,0.0,1.08
US-01525,2014-02-12,2014-02-18,Consumer,Central,Furniture,Bookcases,493.25,1,0.0,37.39
US-01525,2014-02-12,2014-02-17,Consumer,South,Furniture,Chairs,1418.57,2,0.1,223.22
US-01600,2014-02-12,2014-02-16,Corporate,West,Furniture,Chairs,487.44,1,0.5,-80.91
US-01994,2014-02-12,2014-02-14,Consumer,East,Furniture,Bookcases,1152.92,3,0.0,125.9
US-03061,2014-02-12,2014-02-12,Corporate,West,Technology,Phones,2976.28,5,0.2,559.97
US-00754,2014-02-13,2014-02-18,Consumer,South,Furniture,Furnishings,29.06,1,0.0,3.71
US-00754,2014-02-13,2014-02-14,Corporate,East,Office Supplies,Supplies,156.29,2,0.0,49.09
US-00754,2014-02-13,2014-02-17,Consumer,Central,Technology,Copiers,526.86,1,0.1,104.76
US-01889,2014-02-13,2014-02-16,Corporate,West,Furniture,Chairs,901.04,2,0.15,159.2
US-03196,2014-02-13,2014-02-18,Corporate,East,Office Supplies,Storage,113.76,1,0.0,9.24
US-03387,2014-02-13,2014-02-17,Consumer,East,Office Supplies,Binders,18.24,3,0.0,4.39
US-03387,2014-02-13,2014-02-14,Home Office,East,Technology,Phones,1163.97,2,0.1,21.05
US-03443,2014-02-13,2014-02-16,Consumer,West,Technology,Accessories,70.55,4,0.15,0.4
US-04245,2014-02-13,2014-02-14,Consumer,Central,Office Supplies,Envelopes,18.36,3,0.1,1.23
US-04245,2014-02-13,2014-02-17,Home Office,West,Furniture,Chairs,465.51,1,0.5,-160.55
US-01971,2014-02-14,2014-02-18,Corporate,East,Furniture,Furnishings,893.87,2,0.1,13.07
US-01971,2014-02-14,2014-02-17,Consumer,Central,Furniture,Furnishings,1022.9,3,0.1,112.49
US-02770,2014-02-14,2014-02-15,Home Office,Central,Furniture,Bookcases,581.94,2,0.0,39.43
US-02770,2014-02-14,2014-02-17,Consumer,East,Furniture,Tables,1309.43,3,0.0,67.7
US-02770,2014-02-14,2014-02-17,Home Office,South,Office Supplies,Art,184.87,1,0.2,0.79
US-04157,2014-02-14,2014-02-17,Corporate,East,Office Supplies,Art,1490.23,5,0.2,275.28
US-00846,2014-02-15,2014-02-15,Consumer,Central,Technology,Accessories,130.63,2,0.4,-14.51
US-03706,2014-02-15,2014-02-17,Consumer,South,Office Supplies,Art,432.1,3,0.0,73.18
US-00948,2014-02-16,2014-02-17,Corporate,East,Office Supplies,Art,342.53,2,0.0,118.07
US-00948,2014-02-16,2014-02-17,Home Office,Central,Furniture,Bookcases,309.83,3,0.0,94.77
US-00948,2014-02-16,2014-02-22,Consumer,Central,Technology,Machines,3770.46,4,0.0,1012.5
US-01222,2014-02-16,2014-02-19,Consumer,South,Office Supplies,Binders,49.46,1,0.0,10.79
US-01280,2014-02-16,2014-02-21,Home Office,South,Furniture,Chairs,446.71,1,0.0,85.05
US-01280,2014-02-16,2014-02-22,Corporate,West,Technology,Accessories,352.87,2,0.0,100.13
US-01909,2014-02-16,2014-02-20,Home Office,East,Office Supplies,Envelopes,22.43,1,0.15,3.33
US-01909,2014-02-16,2014-02-19,Home Office,South,Office Supplies,Envelopes,54.33,2,0.1,2.71
US-01909,2014-02-16,2014-02-21,Home Office,East,Office Supplies,Appliances,1626.42,4,0.0,538.85
US-00751,2014-02-17,2014-02-19,Corporate,South,Technology,Phones,2205.47,3,0.2,-375.95
US-00751,2014-02-17,2014-02-21,Consumer,Central,Technology,Phones,1443.23,2,0.0,346.83
US-00947,2014-02-17,2014-02-21,Corporate,Central,Office Supplies,Storage,176.25,1,0.0,39.25
US-01236,2014-02-17,2014-02-23,Corporate,East,Technology,Copiers,2482.88,3,0.4,268.55
US-01381,2014-02-17,2014-02-18,Consumer,East,Office Supplies,Labels,62.32,2,0.0,11.86
US-03764,2014-02-17,2014-02-21,Consumer,West,Technology,Accessories,488.26,4,0.0,145.25
US-02544,2014-02-18,2014-02-22,Consumer,East,Technology,Machines,1695.26,2,0.3,-195.78
US-00848,2014-02-19,2014-02-23,Consumer,South,Office Supplies,Envelopes,205.43,5,0.0,44.98
US-00848,2014-02-19,2014-02-21,Consumer,West,Office Supplies,Storage,128.88,1,0.0,38.18
US-01495,2014-02-19,2014-02-21,Home Office,South,Furniture,Tables,465.85,1,0.0,118.88
US-01495,2014-02-19,2014-02-22,Consumer,South,Furniture,Bookcases,1175.23,2,0.0,239.5
US-01495,2014-02-19,2014-02-25,Consumer,Central,Technology,Machines,409.96,1,0.4,-126.68
US-02379,2014-02-19,2014-02-22,Consumer,South,Furniture,Chairs,1016.89,2,0.0,90.04
US-02379,2014-02-19,2014-02-25,Consumer,East,Furniture,Tables,4142.78,5,0.4,-1002.75
US-02609,2014-02-19,2014-02-23,Corporate,West,Furniture,Bookcases,316.25,1,0.0,99.0
US-02609,2014-02-19,2014-02-25,Consumer,West,Technology,Machines,1411.15,1,0.3,-290.1
US-03529,2014-02-19,2014-02-19,Home Office,Central,Furniture,Bookcases,957.59,2,0.0,335.13
US-04609,2014-02-19,2014-02-20,Home Office,South,Office Supplies,Storage,1131.31,4,0.0,283.71
US-04609,2014-02-19,2014-02-23,Consumer,West,Office Supplies,Binders,108.74,2,0.0,8.37
US-02143,2014-02-20,2014-02-20,Consumer,Central,Technology,Machines,1402.63,1,0.0,330.91
US-02143,2014-02-20,2014-02-25,Consumer,Central,Office Supplies,Binders,71.75,1,0.3,1.74
US-00001,2014-02-21,2014-02-21,Consumer,East,Office Supplies,Envelopes,112.84,3,0.3,-18.34
US-00001,2014-02-21,2014-02-23,Home Office,West,Technology,Copiers,3630.72,3,0.15,194.93
US-00806,2014-02-21,2014-02-24,Consumer,Central,Office Supplies,Art,171.49,1,0.4,-55.69
US-00806,2014-02-21,2014-02-21,Home Office,East,Furniture,Bookcases,528.93,1,0.0,169.5
US-04277,2014-02-21,2014-02-24,Consumer,Central,Office Supplies,Labels,91.0,4,0.3,4.23
US-00209,2014-02-22,2014-02-24,Corporate,South,Office Supplies,Fasteners,39.99,3,0.0,13.93
US-01034,2014-02-22,2014-02-26,Corporate,South,Technology,Accessories,404.63,3,0.2,-9.1
US-02253,2014-02-22,2014-02-27,Consumer,South,Technology,Accessories,183.52,2,0.0,30.78
US-02724,2014-02-22,2014-02-23,Home Office,West,Office Supplies,Art,12.01,1,0.0,3.94
US-02801,2014-02-22,2014-02-23,Consumer,West,Technology,Accessories,22.39,2,0.2,-1.56
US-03136,2014-02-22,2014-02-22,Consumer,South,Office Supplies,Storage,117.0,1,0.0,14.92
US-03220,2014-02-22,2014-02-28,Corporate,West,Furniture,Furnishings,31.51,1,0.0,4.17
US-03859,2014-02-22,2014-02-26,Home Office,East,Office Supplies,Envelopes,36.16,1,0.15,-1.95
US-01473,2014-02-23,2014-03-01,Corporate,West,Technology,Accessories,268.7,1,0.2,28.95
US-02835,2014-02-23,2014-03-01,Home Office,South,Furniture,Tables,2935.37,2,0.2,-83.71
US-00434,2014-02-24,2014-02-27,Home Office,East,Technology,Copiers,1968.84,2,0.15,1.33
US-00434,2014-02-24,2014-03-02,Consumer,West,Technology,Phones,191.19,1,0.15,41.04
US-00434,2014-02-24,2014-03-01,Consumer,Central,Furniture,Chairs,1925.51,4,0.0,100.82
US-03768,2014-02-24,2014-02-27,Corporate,East,Furniture,Chairs,461.67,1,0.1,64.13
US-03768,2014-02-24,2014-03-02,Home Office,South,Office Supplies,Supplies,94.4,3,0.2,-1.82
US-00350,2014-02-25,2014-02-25,Consumer,West,Technology,Accessories,342.06,1,0.0,45.94
US-00350,2014-02-25,2014-02-26,Home Office,East,Office Supplies,Binders,67.62,1,0.0,19.26
US-01016,2014-02-25,2014-02-26,Home Office,East,Technology,Accessories,100.01,5,0.4,-12.46
US-02377,2014-02-25,2014-02-26,Corporate,East,Office Supplies,Appliances,1722.97,3,0.0,270.0
US-02377,2014-02-25,2014-02-25,Consumer,West,Furniture,Tables,632.34,1,0.0,98.25
US-02377,2014-02-25,2014-03-03,Consumer,South,Furniture,Furnishings,396.01,4,0.0,30.56
US-04439,2014-02-25,2014-03-03,Corporate,South,Furniture,Furnishings,128.99,3,0.0,33.74
US-04439,2014-02-25,2014-03-03,Home Office,Central,Office Supplies,Paper,154.08,1,0.2,16.49
US-02868,2014-02-26,2014-03-01,Corporate,East,Office Supplies,Labels,120.33,4,0.4,-39.46
US-02868,2014-02-26,2014-03-01,Home Office,South,Technology,Machines,3446.63,5,0.0,775.88
US-04640,2014-02-26,2014-03-01,Home Office,East,Office Supplies,Fasteners,39.17,4,0.5,-3.27
US-01423,2014-02-27,2014-03-03,Home Office,West,Office Supplies,Labels,91.17,4,0.0,29.95
US-01423,2014-02-27,2014-03-02,Home Office,West,Furniture,Tables,863.97,1,0.2,65.9
US-02427,2014-02-27,2014-02-28,Home Office,South,Technology,Copiers,1062.09,1,0.0,157.15
US-03743,2014-02-27,2014-03-04,Consumer,Central,Technology,Machines,308.22,1,0.0,92.38
US-00712,2014-02-28,2014-02-28,Corporate,East,Technology,Copiers,3825.38,2,0.0,952.6
US-00762,2014-02-28,2014-03-01,Home Office,East,Office Supplies,Appliances,732.59,1,0.0,168.17
US-03089,2014-02-28,2014-03-06,Home Office,East,Furniture,Tables,1296.33,2,0.0,152.58
US-03896,2014-02-28,2014-03-02,Consumer,West,Technology,Machines,1380.94,2,0.1,230.49
US-00412,2014-03-01,2014-03-01,Home Office,East,Technology,Machines,1019.8,1,0.15,207.9
US-03222,2014-03-01,2014-03-01,Home Office,South,Technology,Copiers,4427.86,3,0.0,1473.58
US-03827,2014-03-01,2014-03-03,Corporate,Central,Office Supplies,Appliances,219.4,1,0.2,-28.44
US-03827,2014-03-01,2014-03-04,Consumer,Central,Furniture,Bookcases,734.91,2,0.0,224.14
US-04043,2014-03-01,2014-03-02,Consumer,Central,Furniture,Bookcases,352.58,1,0.0,91.26
US-04043,2014-03-01,2014-03-07,Home Office,South,Office Supplies,Fasteners,7.75,2,0.5,-2.07
US-04043,2014-03-01,2014-03-07,Home Office,West,Furniture,Bookcases,193.19,1,0.0,35.79
US-04104,2014-03-01,2014-03-02,Consumer,South,Technology,Accessories,1409.03,4,0.0,439.29
US-04104,2014-03-01,2014-03-05,Home Office,West,Furniture,Tables,1039.3,1,0.0,338.0
US-00483,2014-03-02,2014-03-02,Consumer,East,Technology,Machines,4035.8,3,0.0,873.15
US-00644,2014-03-02,2014-03-08,Consumer,West,Office Supplies,Binders,136.4,2,0.1,11.03
US-01275,2014-03-02,2014-03-03,Consumer,Central,Technology,Phones,2848.03,5,0.0,846.26
US-01360,2014-03-02,2014-03-06,Corporate,Central,Technology,Accessories,146.86,5,0.1,39.46
US-03067,2014-03-02,2014-03-07,Consumer,South,Office Supplies,Fasteners,5.79,2,0.0,1.83
US-01349,2014-03-03,2014-03-08,Corporate,East,Office Supplies,Appliances,1268.24,3,0.4,106.46
US-01349,2014-03-03,2014-03-06,Consumer,West,Furniture,Furnishings,221.1,1,0.4,-32.23
US-01702,2014-03-03,2014-03-04,Home Office,South,Furniture,Tables,907.66,1,0.0,107.65
US-01974,2014-03-03,2014-03-06,Consumer,South,Office Supplies,Fasteners,6.01,2,0.0,1.27
US-02777,2014-03-03,2014-03-05,Home Office,West,Furniture,Bookcases,1601.03,3,0.0,221.42
US-02777,2014-03-03,2014-03-05,Corporate,South,Furniture,Bookcases,455.72,1,0.0,38.16
US-02777,2014-03-03,2014-03-06,Consumer,Central,Office Supplies,Appliances,219.82,1,0.0,74.89
US-03824,2014-03-03,2014-03-08,Consumer,West,Office Supplies,Supplies,106.4,2,0.0,12.31
US-00938,2014-03-04,2014-03-08,Home Office,West,Technology,Copiers,348.74,1,0.4,-118.55
US-00938,2014-03-04,2014-03-08,Home Office,West,Office Supplies,Appliances,2904.98,5,0.0,731.05
US-02078,2014-03-04,2014-03-08,Corporate,West,Furniture,Tables,1044.74,2,0.0,326.91
US-02078,2014-03-04,2014-03-04,Home Office,West,Furniture,Chairs,1255.5,2,0.0,311.99
US-03027,2014-03-04,2014-03-09,Home Office,South,Office Supplies,Fasteners,26.88,1,0.0,7.26
US-00328,2014-03-05,2014-03-10,Home Office,East,Furniture,Tables,942.28,1,0.0,291.52
US-02181,2014-03-05,2014-03-10,Corporate,West,Technology,Accessories,79.72,1,0.0,5.57
US-02241,2014-03-05,2014-03-10,Corporate,East,Office Supplies,Storage,453.34,3,0.1,8.27
US-02241,2014-03-05,2014-03-05,Consumer,South,Technology,Machines,1436.35,1,0.0,114.11
US-02671,2014-03-05,2014-03-08,Home Office,West,Technology,Phones,624.57,1,0.1,48.08
US-02671,2014-03-05,2014-03-10,Corporate,West,Technology,Phones,280.73,2,0.1,2.38
US-02671,2014-03-05,2014-03-11,Corporate,South,Technology,Machines,6403.29,5,0.5,-2091.35
US-04040,2014-03-05,2014-03-05,Consumer,East,Technology,Copiers,1533.24,1,0.0,451.3
US-04599,2014-03-05,2014-03-08,Consumer,South,Technology,Accessories,314.32,1,0.0,28.08
US-04599,2014-03-05,2014-03-06,Corporate,Central,Technology,Phones,1427.5,2,0.0,332.52
US-04630,2014-03-05,2014-03-07,Corporate,East,Office Supplies,Binders,26.97,1,0.0,6.21
US-04630,2014-03-05,2014-03-05,Home Office,South,Furniture,Chairs,561.45,1,0.0,87.45
US-04630,2014-03-05,2014-03-08,Corporate,East,Office Supplies,Storage,1474.45,5,0.0,424.74
US-04641,2014-03-05,2014-03-08,Home Office,West,Furniture,Bookcases,443.43,3,0.0,58.98
US-00285,2014-03-06,2014-03-12,Consumer,Central,Furniture,Chairs,633.98,1,0.0,68.25
US-00293,2014-03-06,2014-03-10,Consumer,West,Technology,Phones,154.09,2,0.0,30.35
US-00632,2014-03-07,2014-03-09,Consumer,South,Furniture,Furnishings,1114.15,5,0.0,143.03
US-01242,2014-03-07,2014-03-07,Corporate,South,Furniture,Chairs,593.87,1,0.0,102.61
US-01242,2014-03-07,2014-03-07,Corporate,Central,Technology,Phones,75.52,1,0.0,11.33
US-01437,2014-03-07,2014-03-10,Consumer,East,Technology,Copiers,1367.19,2,0.0,437.35
US-01437,2014-03-07,2014-03-07,Consumer,South,Office Supplies,Supplies,102.76,2,0.0,19.76
US-01437,2014-03-07,2014-03-09,Corporate,South,Furniture,Furnishings,77.74,1,0.1,0.7
US-03908,2014-03-07,2014-03-10,Home Office,South,Technology,Machines,1765.65,2,0.2,-47.08
US-00601,2014-03-08,2014-03-10,Consumer,East,Office Supplies,Paper,315.21,2,0.0,96.74
US-00651,2014-03-08,2014-03-14,Consumer,Central,Furniture,Furnishings,446.25,1,0.0,131.66
US-00651,2014-03-08,2014-03-08,Consumer,South,Office Supplies,Appliances,384.36,5,0.3,-19.16
US-02700,2014-03-08,2014-03-11,Corporate,South,Technology,Copiers,829.13,1,0.0,243.54
US-02700,2014-03-08,2014-03-13,Corporate,East,Office Supplies,Art,163.41,1,0.0,50.03
US-02920,2014-03-08,2014-03-10,Home Office,Central,Furniture,Chairs,624.67,2,0.0,205.38
US-02920,2014-03-08,2014-03-10,Home Office,West,Furniture,Tables,3550.46,3,0.0,268.36
US-03032,2014-03-08,2014-03-13,Home Office,Central,Office Supplies,Binders,375.66,5,0.0,115.78
US-03032,2014-03-08,2014-03-12,Corporate,South,Furniture,Chairs,554.46,1,0.0,87.4
US-04371,2014-03-08,2014-03-08,Home Office,Central,Technology,Copiers,3455.43,2,0.1,122.24
US-04749,2014-03-08,2014-03-10,Home Office,West,Office Supplies,Paper,60.87,1,0.15,6.82
US-04749,2014-03-08,2014-03-12,Home Office,Central,Technology,Phones,614.23,2,0.15,-41.35
US-04749,2014-03-08,2014-03-08,Corporate,East,Office Supplies,Appliances,513.92,1,0.0,145.09
US-00351,2014-03-09,2014-03-14,Consumer,East,Furniture,Bookcases,1797.96,3,0.0,296.57
US-00351,2014-03-09,2014-03-12,Home Office,Central,Office Supplies,Envelopes,5.55,1,0.2,-0.55
US-02411,2014-03-09,2014-03-09,Home Office,South,Technology,Phones,834.74,1,0.0,195.78
US-02723,2014-03-09,2014-03-10,Corporate,South,Technology,Copiers,653.29,1,0.0,95.18
US-02723,2014-03-09,2014-03-11,Consumer,South,Furniture,Chairs,296.98,1,0.0,102.83
US-01801,2014-03-10,2014-03-10,Corporate,Central,Furniture,Furnishings,370.89,2,0.5,8.12
US-02465,2014-03-10,2014-03-12,Corporate,South,Furniture,Bookcases,91.85,1,0.0,26.23
US-02588,2014-03-10,2014-03-14,Consumer,Central,Technology,Copiers,948.3,3,0.2,-67.28
US-02588,2014-03-10,2014-03-14,Consumer,Central,Office Supplies,Binders,126.05,2,0.0,16.28
US-02588,2014-03-10,2014-03-16,Home Office,East,Technology,Machines,394.55,1,0.0,24.21
US-02825,2014-03-10,2014-03-15,Corporate,South,Furniture,Furnishings,767.46,4,0.1,87.96
US-00611,2014-03-11,2014-03-11,Home Office,South,Office Supplies,Fasteners,40.87,4,0.1,10.83
US-00670,2014-03-11,2014-03-13,Home Office,East,Office Supplies,Appliances,792.15,1,0.2,78.42
US-01396,2014-03-11,2014-03-14,Corporate,South,Office Supplies,Paper,61.49,4,0.0,13.38
US-01396,2014-03-11,2014-03-17,Home Office,Central,Office Supplies,Labels,16.88,2,0.0,4.04
US-02245,2014-03-11,2014-03-12,Home Office,Central,Office Supplies,Art,547.07,3,0.15,62.8
US-04308,2014-03-11,2014-03-15,Home Office,East,Technology,Copiers,1115.94,2,0.5,-100.22
US-02441,2014-03-12,2014-03-17,Home Office,Central,Technology,Phones,914.01,5,0.2,-128.2
US-02441,2014-03-12,2014-03-12,Consumer,Central,Furniture,Furnishings,1476.22,3,0.0,82.02
US-02603,2014-03-12,2014-03-17,Home Office,Central,Office Supplies,Paper,23.93,1,0.0,4.99
US-04403,2014-03-12,2014-03-14,Home Office,South,Office Supplies,Envelopes,123.35,3,0.0,20.89
US-03491,2014-03-13,2014-03-13,Corporate,Central,Office Supplies,Art,222.17,1,0.0,51.47
US-04006,2014-03-13,2014-03-14,Corporate,West,Furniture,Bookcases,608.5,2,0.1,30.93
US-04006,2014-03-13,2014-03-19,Consumer,Central,Technology,Phones,336.25,1,0.0,72.4
US-02614,2014-03-14,2014-03-18,Home Office,West,Office Supplies,Labels,163.93,5,0.0,19.08
US-03920,2014-03-14,2014-03-19,Corporate,East,Technology,Accessories,791.73,2,0.15,-66.09
US-01760,2014-03-16,2014-03-20,Consumer,West,Technology,Accessories,114.54,1,0.4,-0.06
US-04534,2014-03-16,2014-03-17,Home Office,South,Technology,Copiers,3609.56,2,0.15,-119.0
US-04534,2014-03-16,2014-03-19,Consumer,West,Technology,Phones,557.65,1,0.0,75.2
US-04458,2014-03-17,2014-03-17,Consumer,Central,Technology,Accessories,262.23,1,0.1,43.29
US-01599,2014-03-18,2014-03-22,Corporate,East,Furniture,Furnishings,469.36,3,0.0,156.36
US-01969,2014-03-18,2014-03-24,Corporate,East,Technology,Copiers,3360.05,2,0.0,280.36
US-01969,2014-03-18,2014-03-22,Consumer,West,Technology,Machines,1334.12,1,0.1,129.49
US-04903,2014-03-18,2014-03-21,Consumer,Central,Technology,Accessories,331.57,1,0.1,75.76
US-00367,2014-03-19,2014-03-19,Home Office,West,Furniture,Tables,3046.05,3,0.0,156.48
US-00367,2014-03-19,2014-03-20,Home Office,Central,Office Supplies,Art,1300.96,5,0.0,246.23
US-01147,2014-03-19,2014-03-24,Corporate,South,Furniture,Tables,5006.98,5,0.0,415.44
US-04664,2014-03-19,2014-03-20,Consumer,West,Technology,Accessories,33.82,1,0.0,3.45
US-04675,2014-03-19,2014-03-20,Home Office,South,Office Supplies,Storage,280.05,1,0.0,92.96
US-04769,2014-03-19,2014-03-19,Corporate,West,Office Supplies,Supplies,165.64,3,0.0,12.3
US-00984,2014-03-20,2014-03-22,Corporate,West,Office Supplies,Supplies,42.87,1,0.1,2.9
US-00984,2014-03-20,2014-03-21,Corporate,South,Office Supplies,Labels,29.65,1,0.0,1.82
US-00984,2014-03-20,2014-03-23,Home Office,Central,Technology,Copiers,1734.47,1,0.0,359.17
US-01781,2014-03-20,2014-03-23,Consumer,East,Technology,Copiers,4216.19,3,0.2,481.8
US-02354,2014-03-20,2014-03-21,Home Office,Central,Furniture,Bookcases,1619.07,5,0.0,88.97
US-03431,2014-03-20,2014-03-21,Home Office,East,Furniture,Tables,2103.88,5,0.0,351.46
US-03431,2014-03-20,2014-03-24,Home Office,Central,Furniture,Furnishings,165.78,1,0.15,9.56
US-02759,2014-03-21,2014-03-22,Home Office,South,Office Supplies,Labels,69.93,2,0.15,12.21
US-02759,2014-03-21,2014-03-21,Consumer,Central,Technology,Copiers,632.42,1,0.0,43.78
US-04214,2014-03-21,2014-03-27,Corporate,Central,Office Supplies,Supplies,30.8,1,0.0,3.94
US-00256,2014-03-22,2014-03-22,Consumer,East,Office Supplies,Binders,29.53,1,0.4,-3.78
US-00256,2014-03-22,2014-03-26,Consumer,East,Office Supplies,Fasteners,72.89,5,0.2,-8.39
US-00317,2014-03-22,2014-03-24,Consumer,Central,Furniture,Bookcases,1410.09,4,0.15,61.05
US-00317,2014-03-22,2014-03-26,Home Office,East,Office Supplies,Appliances,763.18,2,0.0,152.79
US-00317,2014-03-22,2014-03-23,Consumer,South,Office Supplies,Supplies,88.58,2,0.0,20.12
US-00816,2014-03-22,2014-03-25,Corporate,South,Technology,Phones,1366.04,3,0.0,473.1
US-00942,2014-03-22,2014-03-22,Corporate,East,Office Supplies,Appliances,415.01,2,0.1,46.96
US-02058,2014-03-22,2014-03-27,Corporate,West,Office Supplies,Storage,138.16,1,0.3,-34.42
US-02675,2014-03-22,2014-03-22,Home Office,East,Technology,Accessories,351.86,1,0.15,-5.21
US-04395,2014-03-22,2014-03-22,Consumer,West,Technology,Accessories,311.36,2,0.0,95.93
US-00045,2014-03-23,2014-03-23,Home Office,Central,Office Supplies,Labels,2.98,1,0.1,0.65
US-00779,2014-03-23,2014-03-23,Corporate,West,Furniture,Tables,5689.02,4,0.1,1060.74
US-00779,2014-03-23,2014-03-25,Consumer,Central,Technology,Copiers,1889.24,5,0.2,94.08
US-00866,2014-03-23,2014-03-25,Corporate,South,Furniture,Tables,5226.08,5,0.0,1572.51
US-00866,2014-03-23,2014-03-27,Home Office,South,Office Supplies,Storage,666.86,4,0.1,95.98
US-02217,2014-03-26,2014-03-31,Corporate,West,Technology,Accessories,1294.94,4,0.0,160.01
US-02217,2014-03-26,2014-04-01,Consumer,Central,Office Supplies,Envelopes,16.72,1,0.1,0.49
US-00153,2014-03-27,2014-03-27,Home Office,East,Office Supplies,Storage,396.11,1,0.2,52.97
US-02049,2014-03-27,2014-03-28,Corporate,Central,Office Supplies,Labels,27.25,1,0.15,5.96
US-04457,2014-03-27,2014-03-27,Consumer,South,Office Supplies,Appliances,1823.42,3,0.0,151.65
US-00551,2014-03-28,2014-03-31,Home Office,East,Office Supplies,Binders,21.61,1,0.0,3.37
US-00551,2014-03-28,2014-03-30,Consumer,Central,Furniture,Furnishings,458.74,1,0.0,128.41
US-02768,2014-03-28,2014-03-30,Corporate,Central,Office Supplies,Art,31.58,1,0.3,-7.95
US-02768,2014-03-28,2014-04-03,Corporate,West,Office Supplies,Paper,437.03,4,0.0,97.28
US-04924,2014-03-28,2014-03-28,Consumer,Central,Technology,Phones,1265.22,2,0.4,-69.68
US-03988,2014-03-29,2014-04-03,Home Office,East,Furniture,Tables,550.95,1,0.1,61.46
US-03522,2014-03-30,2014-03-30,Home Office,East,Technology,Copiers,693.74,2,0.0,224.65
US-03522,2014-03-30,2014-03-30,Home Office,South,Technology,Copiers,4754.03,3,0.0,1600.82
US-04683,2014-03-30,2014-04-04,Consumer,Central,Furniture,Chairs,249.85,4,0.0,52.57
US-00087,2014-03-31,2014-04-04,Corporate,West,Office Supplies,Labels,15.57,1,0.0,3.85
US-00087,2014-03-31,2014-04-05,Consumer,West,Office Supplies,Labels,15.39,1,0.1,3.1
US-00175,2014-03-31,2014-04-03,Corporate,Central,Office Supplies,Supplies,145.66,3,0.0,29.37
US-00563,2014-03-31,2014-04-02,Home Office,Central,Technology,Phones,2423.55,3,0.2,168.38
US-00563,2014-03-31,2014-04-02,Corporate,West,Furniture,Bookcases,758.7,2,0.4,30.75
US-00860,2014-03-31,2014-04-01,Corporate,South,Furniture,Chairs,458.52,2,0.15,109.05
US-00860,2014-03-31,2014-04-05,Corporate,South,Technology,Accessories,459.01,3,0.0,95.27
US-01538,2014-03-31,2014-04-03,Corporate,Central,Technology,Copiers,2539.72,2,0.0,467.72
US-01538,2014-03-31,2014-04-01,Consumer,East,Furniture,Tables,3105.99,3,0.0,172.09
US-04068,2014-03-31,2014-04-04,Corporate,South,Office Supplies,Paper,344.33,5,0.0,63.13
US-04354,2014-03-31,2014-04-05,Home Office,South,Furniture,Chairs,1095.06,5,0.0,323.08
US-01732,2014-04-01,2014-04-05,Corporate,West,Technology,Machines,3890.8,3,0.0,761.34
US-02506,2014-04-01,2014-04-06,Corporate,East,Furniture,Bookcases,688.16,2,0.0,226.79
US-02506,2014-04-01,2014-04-01,Corporate,West,Office Supplies,Paper,139.8,1,0.0,26.24
US-04382,2014-04-01,2014-04-05,Corporate,Central,Technology,Phones,1139.19,2,0.0,243.7
US-04382,2014-04-01,2014-04-06,Home Office,East,Office Supplies,Envelopes,22.21,1,0.0,2.98
US-04715,2014-04-01,2014-04-07,Corporate,East,Furniture,Furnishings,939.0,2,0.0,76.5
US-04956,2014-04-01,2014-04-07,Corporate,Central,Office Supplies,Art,397.48,2,0.0,29.02
US-01079,2014-04-03,2014-04-08,Consumer,East,Furniture,Chairs,613.93,4,0.0,30.71
US-01079,2014-04-03,2014-04-09,Consumer,Central,Technology,Phones,1992.54,5,0.0,225.92
US-03487,2014-04-03,2014-04-04,Consumer,East,Technology,Machines,2199.88,5,0.0,723.29
US-03487,2014-04-03,2014-04-09,Corporate,East,Office Supplies,Supplies,57.54,1,0.15,-2.86
US-03487,2014-04-03,2014-04-04,Corporate,South,Technology,Accessories,103.55,1,0.0,22.76
US-03684,2014-04-03,2014-04-06,Consumer,East,Office Supplies,Labels,101.08,4,0.0,7.77
US-00529,2014-04-04,2014-04-07,Home Office,South,Office Supplies,Labels,21.75,2,0.15,3.84
US-00684,2014-04-04,2014-04-05,Consumer,East,Furniture,Tables,2690.45,3,0.0,916.04
US-04139,2014-04-04,2014-04-04,Consumer,East,Furniture,Chairs,1243.33,3,0.0,283.25
US-01485,2014-04-05,2014-04-05,Home Office,South,Technology,Copiers,3624.63,4,0.1,540.23
US-00440,2014-04-06,2014-04-09,Corporate,East,Office Supplies,Supplies,344.3,4,0.1,9.54
US-01575,2014-04-06,2014-04-07,Consumer,Central,Technology,Copiers,7004.95,5,0.0,2005.08
US-01575,2014-04-06,2014-04-06,Home Office,East,Furniture,Chairs,303.14,5,0.0,88.41
US-01049,2014-04-07,2014-04-07,Corporate,Central,Technology,Phones,2153.07,3,0.0,388.57
US-02512,2014-04-07,2014-04-11,Home Office,East,Office Supplies,Paper,96.96,1,0.0,14.65
US-02512,2014-04-07,2014-04-10,Corporate,South,Technology,Accessories,1081.84,3,0.0,188.25
US-00506,2014-04-08,2014-04-14,Home Office,West,Office Supplies,Supplies,42.11,1,0.0,2.16
US-01836,2014-04-08,2014-04-11,Consumer,Central,Office Supplies,Paper,142.42,1,0.1,16.7
US-02013,2014-04-08,2014-04-12,Consumer,East,Office Supplies,Binders,57.06,1,0.0,19.66
US-02013,2014-04-08,2014-04-14,Consumer,West,Office Supplies,Storage,158.18,1,0.0,20.59
US-02990,2014-04-08,2014-04-10,Consumer,West,Office Supplies,Art,165.43,1,0.0,50.62
US-00767,2014-04-09,2014-04-12,Consumer,East,Office Supplies,Binders,261.16,4,0.0,44.14
US-00452,2014-04-10,2014-04-10,Corporate,East,Office Supplies,Fasteners,21.38,3,0.0,4.58
US-00859,2014-04-10,2014-04-13,Home Office,South,Technology,Accessories,155.66,2,0.2,-19.02
US-00859,2014-04-10,2014-04-11,Consumer,East,Technology,Copiers,1067.86,1,0.0,291.91
US-01011,2014-04-10,2014-04-16,Consumer,East,Office Supplies,Binders,79.81,4,0.3,8.13
US-04479,2014-04-10,2014-04-16,Consumer,South,Office Supplies,Art,43.02,2,0.2,4.05
US-04479,2014-04-10,2014-04-14,Corporate,Central,Technology,Accessories,777.26,3,0.15,29.93
US-04934,2014-04-10,2014-04-13,Home Office,West,Technology,Phones,2658.47,3,0.0,448.53
US-00900,2014-04-11,2014-04-14,Corporate,East,Technology,Machines,2493.8,2,0.4,-390.04
US-00974,2014-04-11,2014-04-14,Home Office,Central,Office Supplies,Binders,38.16,4,0.0,2.4
US-02939,2014-04-11,2014-04-13,Home Office,Central,Furniture,Furnishings,406.18,1,0.0,111.0
US-03926,2014-04-11,2014-04-15,Corporate,West,Office Supplies,Fasteners,72.26,3,0.0,17.83
US-02774,2014-04-12,2014-04-18,Corporate,South,Office Supplies,Paper,16.73,1,0.2,-0.66
US-02774,2014-04-12,2014-04-15,Home Office,East,Furniture,Chairs,77.36,1,0.2,11.61
US-04059,2014-04-12,2014-04-15,Home Office,East,Technology,Accessories,133.41,4,0.0,24.41
US-04667,2014-04-12,2014-04-16,Corporate,Central,Furniture,Bookcases,892.67,5,0.3,100.46
US-01725,2014-04-14,2014-04-19,Corporate,Central,Technology,Copiers,382.65,1,0.0,73.74
US-01725,2014-04-14,2014-04-14,Consumer,South,Furniture,Furnishings,95.5,1,0.0,14.06
US-00104,2014-04-15,2014-04-20,Corporate,Central,Furniture,Chairs,228.83,2,0.15,-10.28
US-00739,2014-04-15,2014-04-18,Consumer,South,Furniture,Bookcases,152.17,1,0.0,32.37
US-00739,2014-04-15,2014-04-21,Home Office,South,Technology,Accessories,345.84,1,0.3,31.92
US-02460,2014-04-15,2014-04-20,Corporate,East,Office Supplies,Fasteners,3.26,1,0.0,0.34
US-03951,2014-04-15,2014-04-20,Consumer,South,Technology,Accessories,111.06,2,0.0,17.93
US-00376,2014-04-16,2014-04-17,Corporate,West,Technology,Machines,643.52,1,0.0,45.11
US-03676,2014-04-16,2014-04-21,Consumer,East,Office Supplies,Paper,195.62,1,0.0,36.7
US-03730,2014-04-16,2014-04-16,Corporate,East,Technology,Phones,546.26,1,0.15,59.49
US-03394,2014-04-17,2014-04-20,Home Office,East,Furniture,Bookcases,406.1,5,0.0,136.64
US-03963,2014-04-17,2014-04-22,Corporate,East,Office Supplies,Appliances,514.05,1,0.5,-187.68
US-03963,2014-04-17,2014-04-19,Consumer,South,Furniture,Furnishings,268.11,1,0.2,-12.36
US-04299,2014-04-17,2014-04-22,Consumer,East,Technology,Accessories,177.39,1,0.0,36.47
US-04299,2014-04-17,2014-04-23,Home Office,West,Technology,Phones,2867.9,4,0.0,399.21
US-04299,2014-04-17,2014-04-19,Corporate,East,Technology,Phones,2537.45,5,0.0,389.39
US-00172,2014-04-18,2014-04-21,Corporate,West,Technology,Accessories,1408.11,4,0.15,83.27
US-00618,2014-04-18,2014-04-20,Consumer,West,Technology,Accessories,379.39,1,0.0,88.71
US-00618,2014-04-18,2014-04-21,Home Office,South,Office Supplies,Binders,16.39,1,0.0,3.69
US-00618,2014-04-18,2014-04-19,Home Office,East,Office Supplies,Art,532.76,3,0.5,-191.38
US-00838,2014-04-18,2014-04-20,Corporate,West,Office Supplies,Envelopes,14.95,3,0.4,1.46
US-01324,2014-04-18,2014-04-22,Corporate,East,Office Supplies,Labels,18.07,2,0.0,1.12
US-01324,2014-04-18,2014-04-24,Home Office,East,Technology,Accessories,317.36,3,0.0,32.78
US-02799,2014-04-18,2014-04-22,Home Office,South,Office Supplies,Envelopes,4.68,1,0.0,0.53
US-02799,2014-04-18,2014-04-20,Corporate,South,Furniture,Furnishings,1906.91,4,0.15,123.23
US-02954,2014-04-18,2014-04-24,Corporate,Central,Furniture,Tables,286.61,1,0.1,24.16
US-02954,2014-04-18,2014-04-18,Consumer,Central,Furniture,Tables,2668.71,2,0.0,622.09
US-02954,2014-04-18,2014-04-22,Consumer,Central,Office Supplies,Supplies,140.84,2,0.0,47.27
US-04401,2014-04-18,2014-04-23,Consumer,West,Office Supplies,Envelopes,59.93,3,0.15,1.21
US-00348,2014-04-19,2014-04-25,Consumer,South,Office Supplies,Supplies,192.53,4,0.0,28.77
US-00548,2014-04-19,2014-04-22,Home Office,East,Office Supplies,Labels,55.54,2,0.0,10.09
US-00548,2014-04-19,2014-04-19,Corporate,East,Furniture,Furnishings,665.96,4,0.4,-76.99
US-00887,2014-04-19,2014-04-25,Home Office,South,Furniture,Tables,301.56,1,0.2,33.11
US-00975,2014-04-19,2014-04-24,Home Office,Central,Technology,Copiers,1697.6,1,0.0,557.33
US-02022,2014-04-19,2014-04-20,Consumer,South,Technology,Machines,1190.94,1,0.0,219.96
US-02090,2014-04-19,2014-04-22,Consumer,East,Office Supplies,Labels,14.59,3,0.0,3.56
US-02500,2014-04-19,2014-04-19,Consumer,Central,Technology,Machines,973.79,2,0.0,129.54
US-02500,2014-04-19,2014-04-19,Consumer,Central,Office Supplies,Appliances,284.39,1,0.0,34.9
US-02500,2014-04-19,2014-04-24,Home Office,South,Furniture,Furnishings,239.48,5,0.0,55.11
US-03805,2014-04-19,2014-04-24,Corporate,West,Technology,Copiers,2652.25,4,0.0,767.44
US-00487,2014-04-20,2014-04-24,Consumer,South,Office Supplies,Fasteners,7.86,1,0.0,1.96
US-01012,2014-04-20,2014-04-20,Consumer,West,Technology,Accessories,159.21,1,0.3,-34.57
US-01012,2014-04-20,2014-04-24,Home Office,South,Furniture,Furnishings,467.55,1,0.1,101.14
US-01082,2014-04-20,2014-04-23,Consumer,West,Office Supplies,Binders,8.12,1,0.0,1.17
US-01082,2014-04-20,2014-04-24,Home Office,Central,Technology,Accessories,229.09,1,0.0,67.17
US-01986,2014-04-20,2014-04-24,Home Office,South,Office Supplies,Art,884.4,4,0.1,207.98
US-02993,2014-04-20,2014-04-23,Consumer,Central,Technology,Machines,7493.51,5,0.3,-1858.44
US-02993,2014-04-20,2014-04-23,Corporate,South,Technology,Machines,760.06,1,0.2,-96.83
US-03703,2014-04-20,2014-04-22,Home Office,South,Office Supplies,Binders,179.77,2,0.0,26.33
US-02445,2014-04-21,2014-04-22,Consumer,West,Furniture,Chairs,513.21,3,0.0,169.85
US-02445,2014-04-21,2014-04-21,Consumer,East,Office Supplies,Binders,27.93,1,0.0,5.47
US-03922,2014-04-21,2014-04-23,Consumer,South,Office Supplies,Storage,151.44,4,0.0,49.14
US-03922,2014-04-21,2014-04-27,Corporate,Central,Office Supplies,Labels,21.76,2,0.0,5.83
US-02081,2014-04-23,2014-04-29,Corporate,Central,Office Supplies,Labels,87.96,3,0.1,1.28
US-04386,2014-04-23,2014-04-25,Consumer,South,Furniture,Furnishings,628.83,2,0.1,54.73
US-04135,2014-04-24,2014-04-25,Home Office,South,Office Supplies,Fasteners,4.11,1,0.0,0.57
US-04666,2014-04-24,2014-04-25,Consumer,Central,Office Supplies,Paper,348.81,2,0.3,31.98
US-00005,2014-04-25,2014-04-30,Corporate,South,Technology,Accessories,114.42,1,0.4,2.84
US-00005,2014-04-25,2014-04-29,Consumer,Central,Furniture,Tables,1144.56,3,0.0,313.73
US-00748,2014-04-25,2014-05-01,Home Office,Central,Office Supplies,Fasteners,14.27,1,0.0,4.48
US-01596,2014-04-25,2014-04-27,Corporate,West,Furniture,Chairs,2215.5,4,0.0,538.15
US-01596,2014-04-25,2014-04-29,Home Office,East,Office Supplies,Binders,41.74,5,0.0,6.87
US-02861,2014-04-25,2014-04-27,Home Office,West,Furniture,Chairs,627.25,2,0.0,175.0
US-02861,2014-04-25,2014-04-29,Corporate,East,Technology,Accessories,164.93,1,0.0,17.11
US-03876,2014-04-25,2014-04-28,Corporate,South,Furniture,Tables,1957.85,2,0.4,-449.31
US-04577,2014-04-25,2014-04-26,Consumer,East,Technology,Phones,113.43,2,0.15,15.18
US-03380,2014-04-26,2014-04-26,Consumer,Central,Technology,Accessories,406.87,3,0.0,124.81
US-03380,2014-04-26,2014-05-01,Home Office,South,Furniture,Bookcases,106.78,1,0.0,30.53
US-04845,2014-04-26,2014-05-02,Home Office,East,Furniture,Furnishings,978.36,2,0.0,126.95
US-00592,2014-04-27,2014-04-28,Home Office,West,Office Supplies,Envelopes,10.26,1,0.0,2.27
US-00592,2014-04-27,2014-04-28,Home Office,West,Furniture,Tables,1307.24,2,0.0,386.27
US-00592,2014-04-27,2014-05-02,Corporate,East,Office Supplies,Paper,86.29,1,0.0,19.96
US-02285,2014-04-27,2014-04-27,Home Office,East,Furniture,Chairs,1064.53,4,0.0,336.63
US-03604,2014-04-27,2014-04-27,Corporate,East,Office Supplies,Binders,89.55,1,0.15,2.82
US-04138,2014-04-27,2014-05-02,Consumer,South,Office Supplies,Storage,250.29,1,0.0,22.23
US-04138,2014-04-27,2014-05-03,Corporate,East,Furniture,Chairs,311.64,1,0.0,28.23
US-04840,2014-04-27,2014-04-30,Home Office,West,Furniture,Tables,1296.02,1,0.2,245.32
US-04840,2014-04-27,2014-04-28,Corporate,West,Office Supplies,Paper,137.49,1,0.15,3.84
US-00553,2014-04-28,2014-04-28,Corporate,Central,Furniture,Tables,660.06,1,0.3,-78.29
US-00553,2014-04-28,2014-05-01,Consumer,East,Furniture,Chairs,1455.73,4,0.0,408.82
US-00568,2014-04-28,2014-05-04,Corporate,East,Office Supplies,Appliances,589.77,1,0.0,32.26
US-01320,2014-04-28,2014-05-04,Home Office,Central,Technology,Phones,866.03,1,0.3,-91.51
US-01320,2014-04-28,2014-05-04,Home Office,East,Furniture,Chairs,779.77,1,0.0,224.67
US-02025,2014-04-28,2014-05-01,Home Office,West,Office Supplies,Labels,62.86,2,0.0,7.81
US-02025,2014-04-28,2014-04-30,Corporate,South,Furniture,Tables,472.62,2,0.2,75.98
US-02602,2014-04-28,2014-04-29,Home Office,West,Technology,Copiers,1697.06,2,0.1,281.87
US-04866,2014-04-28,2014-04-28,Corporate,South,Office Supplies,Supplies,28.76,1,0.15,6.54
US-02531,2014-04-29,2014-05-03,Consumer,East,Office Supplies,Supplies,92.16,4,0.0,5.42
US-03324,2014-04-29,2014-05-01,Consumer,South,Office Supplies,Art,81.92,1,0.0,10.77
US-01434,2014-04-30,2014-05-06,Home Office,East,Office Supplies,Fasteners,85.73,4,0.0,23.21
US-01819,2014-04-30,2014-05-03,Corporate,Central,Technology,Copiers,3035.23,2,0.0,289.86
US-01819,2014-04-30,2014-04-30,Corporate,West,Technology,Accessories,228.6,5,0.0,11.46
US-03338,2014-04-30,2014-04-30,Home Office,East,Office Supplies,Storage,185.51,1,0.1,25.18
US-04559,2014-04-30,2014-05-04,Corporate,Central,Technology,Accessories,120.56,2,0.5,-4.65
US-04559,2014-04-30,2014-05-02,Corporate,Central,Furniture,Bookcases,727.5,3,0.3,-119.96
US-01340,2014-05-01,2014-05-02,Home Office,West,Technology,Phones,1026.61,2,0.15,-58.63
US-01340,2014-05-01,2014-05-07,Corporate,East,Office Supplies,Art,887.93,5,0.3,-120.58
US-03020,2014-05-01,2014-05-07,Home Office,West,Technology,Accessories,70.58,1,0.0,11.68
US-03190,2014-05-01,2014-05-07,Corporate,Central,Office Supplies,Art,834.77,4,0.0,173.38
US-03190,2014-05-01,2014-05-07,Corporate,South,Office Supplies,Art,23.24,1,0.15,0.34
US-03190,2014-05-01,2014-05-07,Home Office,East,Furniture,Tables,863.32,1,0.15,178.78
US-03831,2014-05-01,2014-05-02,Corporate,West,Furniture,Furnishings,43.59,1,0.0,5.54
US-03831,2014-05-01,2014-05-03,Home Office,Central,Technology,Copiers,7239.16,4,0.0,1180.74
US-03831,2014-05-01,2014-05-03,Consumer,Central,Office Supplies,Binders,21.52,3,0.0,3.88
US-04737,2014-05-01,2014-05-06,Home Office,Central,Technology,Phones,339.89,3,0.2,-14.96
US-04767,2014-05-01,2014-05-06,Home Office,West,Technology,Copiers,3096.95,2,0.1,254.57
US-04767,2014-05-01,2014-05-01,Consumer,Central,Office Supplies,Envelopes,97.04,3,0.2,-1.72
US-04767,2014-05-01,2014-05-02,Home Office,West,Technology,Accessories,392.95,1,0.0,96.75
US-04714,2014-05-02,2014-05-06,Corporate,South,Furniture,Tables,973.82,1,0.0,210.04
US-00101,2014-05-03,2014-05-09,Corporate,South,Technology,Phones,446.84,2,0.0,118.64
US-00829,2014-05-03,2014-05-04,Consumer,Central,Furniture,Bookcases,1035.47,2,0.0,212.92
US-00829,2014-05-03,2014-05-07,Corporate,East,Furniture,Bookcases,289.92,1,0.1,41.04
US-00829,2014-05-03,2014-05-04,Home Office,East,Technology,Machines,3244.58,5,0.0,597.4
US-02393,2014-05-03,2014-05-06,Home Office,South,Office Supplies,Supplies,65.5,4,0.1,0.22
US-03891,2014-05-03,2014-05-07,Home Office,West,Office Supplies,Labels,33.98,1,0.0,11.84
US-03891,2014-05-03,2014-05-03,Corporate,East,Technology,Machines,317.09,1,0.2,-35.65
US-00474,2014-05-05,2014-05-08,Corporate,West,Office Supplies,Paper,158.7,1,0.2,-18.9
US-03079,2014-05-05,2014-05-08,Corporate,South,Technology,Machines,1036.66,2,0.1,30.66
US-03079,2014-05-05,2014-05-09,Home Office,East,Office Supplies,Envelopes,77.05,2,0.0,15.54
US-03079,2014-05-05,2014-05-09,Home Office,East,Furniture,Tables,2751.63,3,0.0,790.48
US-04670,2014-05-05,2014-05-09,Home Office,South,Office Supplies,Appliances,378.14,1,0.15,-19.05
US-01316,2014-05-06,2014-05-11,Consumer,Central,Technology,Accessories,1118.09,4,0.0,162.5
US-04114,2014-05-06,2014-05-08,Consumer,East,Furniture,Bookcases,1286.58,4,0.0,382.44
US-04114,2014-05-06,2014-05-06,Consumer,West,Office Supplies,Appliances,304.08,1,0.0,89.32
US-00311,2014-05-07,2014-05-11,Consumer,Central,Office Supplies,Paper,52.86,1,0.0,4.82
US-03785,2014-05-07,2014-05-07,Corporate,West,Furniture,Bookcases,1968.99,3,0.0,346.41
US-04145,2014-05-07,2014-05-10,Consumer,West,Furniture,Chairs,384.75,1,0.0,80.04
US-04145,2014-05-07,2014-05-09,Consumer,Central,Office Supplies,Labels,33.73,1,0.4,-5.94
US-04145,2014-05-07,2014-05-08,Consumer,West,Furniture,Furnishings,384.39,1,0.0,98.66
US-00109,2014-05-08,2014-05-12,Consumer,Central,Office Supplies,Supplies,199.64,2,0.0,67.28
US-00109,2014-05-08,2014-05-10,Home Office,Central,Furniture,Furnishings,312.84,1,0.0,68.02
US-00109,2014-05-08,2014-05-08,Home Office,South,Office Supplies,Envelopes,17.9,1,0.4,0.22
US-01652,2014-05-09,2014-05-14,Home Office,Central,Technology,Copiers,2807.35,3,0.3,-446.95
US-01652,2014-05-09,2014-05-15,Corporate,Central,Technology,Accessories,1167.34,4,0.1,184.34
US-01670,2014-05-09,2014-05-12,Home Office,West,Office Supplies,Fasteners,22.47,3,0.5,-5.22
US-04069,2014-05-09,2014-05-13,Corporate,East,Technology,Machines,2960.08,3,0.0,842.27
US-02487,2014-05-10,2014-05-13,Home Office,West,Technology,Machines,1704.58,5,0.0,203.71
US-03028,2014-05-10,2014-05-12,Home Office,East,Furniture,Furnishings,1054.36,3,0.2,105.85
US-03755,2014-05-10,2014-05-10,Corporate,South,Technology,Machines,1432.96,1,0.0,172.48
US-04131,2014-05-10,2014-05-10,Consumer,Central,Furniture,Furnishings,78.48,1,0.0,19.77
US-04131,2014-05-10,2014-05-15,Home Office,Central,Furniture,Chairs,721.04,1,0.0,249.11
US-04367,2014-05-10,2014-05-14,Home Office,Central,Office Supplies,Storage,515.23,5,0.15,42.09
US-04367,2014-05-10,2014-05-12,Consumer,Central,Office Supplies,Envelopes,50.91,2,0.4,1.63
US-04367,2014-05-10,2014-05-15,Home Office,Central,Office Supplies,Envelopes,30.07,3,0.0,8.96
US-04738,2014-05-10,2014-05-11,Consumer,Central,Technology,Accessories,881.49,4,0.0,254.97
US-01442,2014-05-11,2014-05-15,Corporate,West,Technology,Accessories,237.43,1,0.0,58.22
US-02077,2014-05-11,2014-05-15,Corporate,West,Technology,Phones,159.47,1,0.0,33.47
US-02077,2014-05-11,2014-05-13,Consumer,Central,Furniture,Chairs,434.94,1,0.0,37.0
US-02077,2014-05-11,2014-05-15,Home Office,West,Office Supplies,Paper,397.76,3,0.2,0.44
US-02678,2014-05-11,2014-05-11,Consumer,Central,Technology,Accessories,595.19,2,0.1,65.17
US-03783,2014-05-11,2014-05-16,Home Office,East,Technology,Accessories,241.86,1,0.0,43.55
US-03813,2014-05-11,2014-05-16,Home Office,Central,Technology,Accessories,1199.55,4,0.15,-74.17
US-04103,2014-05-11,2014-05-14,Consumer,Central,Technology,Machines,439.48,1,0.5,-204.94
US-04103,2014-05-11,2014-05-11,Home Office,West,Furniture,Chairs,1500.15,4,0.0,427.02
US-04103,2014-05-11,2014-05-11,Home Office,East,Office Supplies,Appliances,421.72,1,0.0,29.93
US-00662,2014-05-12,2014-05-12,Corporate,Central,Furniture,Furnishings,437.15,1,0.1,0.36
US-03942,2014-05-12,2014-05-18,Home Office,East,Furniture,Chairs,1140.75,2,0.0,239.98
US-01273,2014-05-13,2014-05-19,Home Office,South,Furniture,Furnishings,1388.42,5,0.0,430.2
US-02237,2014-05-13,2014-05-15,Consumer,West,Technology,Machines,1329.21,3,0.0,73.82
US-00041,2014-05-14,2014-05-18,Home Office,West,Furniture,Bookcases,696.28,4,0.4,-135.04
US-00585,2014-05-14,2014-05-18,Corporate,East,Technology,Accessories,450.32,2,0.0,58.88
US-01908,2014-05-14,2014-05-19,Consumer,West,Furniture,Tables,954.34,1,0.0,204.82
US-04928,2014-05-14,2014-05-15,Corporate,West,Office Supplies,Labels,28.92,2,0.1,6.33
US-00460,2014-05-15,2014-05-21,Home Office,East,Furniture,Tables,1387.86,1,0.0,313.45
US-01092,2014-05-15,2014-05-15,Corporate,East,Technology,Phones,2623.08,3,0.0,674.15
US-01092,2014-05-15,2014-05-19,Consumer,East,Technology,Copiers,1942.27,2,0.1,434.27
US-03435,2014-05-15,2014-05-20,Home Office,Central,Office Supplies,Appliances,274.75,1,0.1,57.45
US-03435,2014-05-15,2014-05-17,Consumer,East,Furniture,Tables,748.39,1,0.0,174.08
US-03435,2014-05-15,2014-05-18,Consumer,South,Furniture,Furnishings,910.24,3,0.5,-194.57
US-04342,2014-05-15,2014-05-16,Corporate,Central,Furniture,Chairs,285.2,3,0.0,74.06
US-04532,2014-05-15,2014-05-21,Consumer,South,Office Supplies,Storage,38.12,1,0.0,6.17
US-04532,2014-05-15,2014-05-21,Home Office,West,Office Supplies,Binders,21.29,1,0.0,5.96
US-01015,2014-05-16,2014-05-19,Consumer,Central,Office Supplies,Appliances,360.0,3,0.0,19.85
US-01015,2014-05-16,2014-05-17,Consumer,South,Technology,Machines,2824.96,2,0.0,469.54
US-02938,2014-05-16,2014-05-16,Consumer,Central,Furniture,Bookcases,1284.3,3,0.0,177.72
US-03155,2014-05-16,2014-05-21,Home Office,West,Office Supplies,Envelopes,149.76,3,0.0,33.24
US-03550,2014-05-16,2014-05-17,Corporate,West,Office Supplies,Binders,174.45,4,0.15,44.64
US-03550,2014-05-16,2014-05-22,Consumer,East,Furniture,Tables,813.72,1,0.15,-6.22
US-04420,2014-05-16,2014-05-20,Consumer,South,Office Supplies,Paper,60.63,1,0.0,15.4
US-04420,2014-05-16,2014-05-21,Home Office,Central,Furniture,Furnishings,147.58,1,0.0,47.29
US-04420,2014-05-16,2014-05-17,Corporate,Central,Furniture,Tables,977.58,2,0.5,-84.44
US-04839,2014-05-16,2014-05-16,Corporate,West,Office Supplies,Appliances,695.2,2,0.0,77.86
US-04839,2014-05-16,2014-05-18,Consumer,Central,Office Supplies,Art,239.73,2,0.0,81.67
US-00390,2014-05-17,2014-05-17,Home Office,South,Furniture,Furnishings,1165.9,4,0.1,109.85
US-01880,2014-05-17,2014-05-18,Consumer,Central,Office Supplies,Storage,272.59,2,0.15,41.07
US-01880,2014-05-17,2014-05-20,Corporate,East,Technology,Accessories,899.25,4,0.0,290.31
US-03127,2014-05-17,2014-05-19,Home Office,South,Office Supplies,Art,95.63,4,0.1,1.13
US-00649,2014-05-18,2014-05-22,Consumer,West,Furniture,Tables,730.7,2,0.0,145.86
US-00649,2014-05-18,2014-05-22,Corporate,Central,Furniture,Chairs,348.92,1,0.2,-14.99
US-01361,2014-05-18,2014-05-18,Home Office,East,Office Supplies,Fasteners,103.53,4,0.15,12.56
US-01361,2014-05-18,2014-05-21,Corporate,East,Technology,Phones,3263.85,4,0.0,195.67
US-00888,2014-05-19,2014-05-23,Corporate,East,Furniture,Chairs,68.18,1,0.15,9.35
US-00888,2014-05-19,2014-05-19,Consumer,South,Technology,Machines,2083.82,3,0.0,492.89
US-01026,2014-05-19,2014-05-23,Corporate,South,Office Supplies,Appliances,539.9,1,0.0,30.18
US-04183,2014-05-19,2014-05-20,Corporate,Central,Technology,Accessories,36.09,1,0.0,6.17
US-04183,2014-05-19,2014-05-21,Consumer,South,Furniture,Bookcases,228.59,1,0.0,66.62
US-00014,2014-05-20,2014-05-25,Corporate,West,Office Supplies,Envelopes,94.51,2,0.0,5.85
US-03065,2014-05-20,2014-05-22,Consumer,Central,Office Supplies,Envelopes,189.14,5,0.3,-10.51
US-00291,2014-05-22,2014-05-22,Corporate,Central,Furniture,Tables,1808.18,2,0.15,89.96
US-00755,2014-05-22,2014-05-28,Consumer,East,Furniture,Furnishings,116.82,1,0.5,-52.81
US-02838,2014-05-22,2014-05-26,Home Office,South,Technology,Machines,786.16,1,0.15,63.83
US-02838,2014-05-22,2014-05-24,Corporate,East,Office Supplies,Binders,22.73,1,0.0,7.43
US-00340,2014-05-23,2014-05-29,Corporate,South,Furniture,Tables,1038.49,1,0.0,95.2
US-00340,2014-05-23,2014-05-25,Consumer,East,Office Supplies,Appliances,373.32,1,0.1,44.71
US-00340,2014-05-23,2014-05-29,Corporate,Central,Technology,Machines,2973.78,2,0.1,278.92
US-01098,2014-05-23,2014-05-28,Home Office,West,Technology,Accessories,1043.32,4,0.2,-73.33
US-01098,2014-05-23,2014-05-26,Home Office,South,Office Supplies,Supplies,53.49,1,0.0,17.16
US-02436,2014-05-23,2014-05-27,Corporate,Central,Office Supplies,Fasteners,79.72,3,0.4,-28.81
US-02436,2014-05-23,2014-05-27,Consumer,South,Technology,Copiers,7240.8,4,0.0,521.24
US-02436,2014-05-23,2014-05-26,Consumer,Central,Technology,Accessories,144.42,3,0.1,1.02
US-04298,2014-05-23,2014-05-25,Home Office,South,Furniture,Tables,941.97,3,0.3,-118.17
US-04320,2014-05-23,2014-05-27,Home Office,East,Technology,Copiers,5158.73,4,0.0,275.42
US-00359,2014-05-24,2014-05-24,Corporate,South,Furniture,Bookcases,310.29,2,0.5,-63.91
US-03545,2014-05-24,2014-05-30,Consumer,South,Technology,Machines,3074.26,5,0.0,884.75
US-03545,2014-05-24,2014-05-26,Corporate,Central,Furniture,Chairs,3036.09,5,0.0,205.86
US-00652,2014-05-25,2014-05-30,Home Office,South,Office Supplies,Art,284.51,1,0.0,17.26
US-01420,2014-05-25,2014-05-29,Corporate,South,Office Supplies,Storage,139.3,1,0.0,48.29
US-01420,2014-05-25,2014-05-29,Corporate,East,Furniture,Bookcases,366.92,1,0.0,53.61
US-02470,2014-05-25,2014-05-30,Consumer,South,Office Supplies,Fasteners,42.29,2,0.2,3.01
US-02470,2014-05-25,2014-05-29,Consumer,West,Furniture,Chairs,2284.71,4,0.15,-9.36
US-02470,2014-05-25,2014-05-27,Consumer,East,Furniture,Tables,3354.44,5,0.0,680.85
US-02726,2014-05-25,2014-05-28,Corporate,East,Technology,Accessories,376.42,1,0.15,6.03
US-03094,2014-05-25,2014-05-30,Corporate,Central,Technology,Accessories,350.22,1,0.0,107.73
US-00011,2014-05-26,2014-06-01,Home Office,South,Furniture,Furnishings,122.83,1,0.4,-13.64
US-00011,2014-05-26,2014-05-31,Consumer,West,Furniture,Tables,652.02,2,0.0,123.95
US-01567,2014-05-27,2014-05-27,Consumer,East,Technology,Machines,480.17,1,0.0,68.74
US-02261,2014-05-27,2014-05-30,Consumer,East,Furniture,Chairs,103.72,1,0.5,-1.51
US-04001,2014-05-27,2014-05-28,Consumer,West,Office Supplies,Envelopes,74.7,2,0.0,20.4
US-04001,2014-05-27,2014-05-30,Corporate,West,Technology,Copiers,1662.49,1,0.0,196.05
US-01769,2014-05-28,2014-05-31,Home Office,East,Office Supplies,Supplies,88.48,1,0.0,6.59
US-04158,2014-05-28,2014-05-30,Home Office,West,Furniture,Tables,1258.03,3,0.0,157.21
US-04158,2014-05-28,2014-06-01,Consumer,East,Office Supplies,Fasteners,23.23,1,0.1,4.1
US-00189,2014-05-29,2014-06-03,Home Office,West,Furniture,Tables,637.53,1,0.5,-84.92
US-02117,2014-05-29,2014-06-02,Home Office,East,Office Supplies,Fasteners,26.61,1,0.15,0.31
US-02399,2014-05-29,2014-05-31,Corporate,East,Office Supplies,Labels,70.18,2,0.15,13.98
US-03868,2014-05-29,2014-06-02,Home Office,Central,Office Supplies,Storage,746.1,2,0.3,100.12
US-01730,2014-05-30,2014-06-02,Consumer,West,Furniture,Furnishings,341.82,2,0.0,100.02
US-03982,2014-05-31,2014-05-31,Home Office,East,Technology,Accessories,253.53,2,0.2,-11.43
US-04276,2014-05-31,2014-06-03,Home Office,East,Office Supplies,Paper,186.99,1,0.0,38.46
US-04276,2014-05-31,2014-06-04,Corporate,South,Furniture,Bookcases,1054.16,4,0.2,-70.53
US-04276,2014-05-31,2014-06-06,Consumer,South,Office Supplies,Fasteners,34.5,2,0.0,3.16
US-00936,2014-06-01,2014-06-07,Corporate,West,Technology,Accessories,111.27,1,0.0,11.52
US-01810,2014-06-01,2014-06-06,Home Office,East,Furniture,Chairs,2474.53,4,0.0,595.27
US-04295,2014-06-01,2014-06-02,Corporate,South,Furniture,Bookcases,1544.69,4,0.2,-169.71
US-01402,2014-06-02,2014-06-07,Corporate,Central,Office Supplies,Art,173.09,1,0.0,8.87
US-01402,2014-06-02,2014-06-03,Consumer,East,Furniture,Chairs,3321.5,5,0.15,46.49
US-01850,2014-06-02,2014-06-05,Consumer,Central,Furniture,Furnishings,331.48,4,0.3,-83.84
US-02785,2014-06-02,2014-06-08,Home Office,Central,Office Supplies,Art,234.05,1,0.0,59.66
US-03561,2014-06-02,2014-06-05,Home Office,West,Technology,Phones,680.53,1,0.1,150.68
US-03561,2014-06-02,2014-06-08,Consumer,Central,Technology,Accessories,1018.47,3,0.1,119.93
US-00968,2014-06-03,2014-06-03,Home Office,Central,Technology,Copiers,6729.64,4,0.0,2245.03
US-01939,2014-06-03,2014-06-08,Home Office,South,Technology,Accessories,209.68,1,0.3,3.03
US-01939,2014-06-03,2014-06-07,Home Office,East,Furniture,Tables,1095.93,1,0.15,-8.82
US-02535,2014-06-03,2014-06-04,Consumer,Central,Office Supplies,Binders,29.16,2,0.15,6.61
US-01345,2014-06-04,2014-06-09,Corporate,South,Furniture,Bookcases,1956.19,5,0.0,319.0
US-01345,2014-06-04,2014-06-09,Corporate,West,Technology,Accessories,150.46,3,0.0,42.39
US-01710,2014-06-04,2014-06-07,Home Office,West,Technology,Machines,1976.59,2,0.0,125.09
US-03083,2014-06-04,2014-06-08,Home Office,West,Furniture,Bookcases,605.01,2,0.0,108.33
US-03083,2014-06-04,2014-06-06,Consumer,West,Office Supplies,Envelopes,59.98,3,0.0,15.03
US-03672,2014-06-04,2014-06-08,Consumer,Central,Furniture,Furnishings,1316.62,4,0.0,79.98
US-03672,2014-06-04,2014-06-06,Home Office,South,Office Supplies,Fasteners,25.28,1,0.0,2.52
US-01848,2014-06-05,2014-06-08,Consumer,Central,Technology,Accessories,329.26,1,0.0,96.29
US-01848,2014-06-05,2014-06-08,Corporate,East,Technology,Phones,969.54,2,0.5,-48.7
US-03218,2014-06-05,2014-06-11,Corporate,South,Office Supplies,Supplies,47.36,1,0.0,10.53
US-03295,2014-06-05,2014-06-07,Consumer,South,Office Supplies,Fasteners,56.54,2,0.1,1.47
US-03295,2014-06-05,2014-06-08,Consumer,South,Technology,Copiers,354.43,1,0.1,40.5
US-03625,2014-06-05,2014-06-08,Home Office,South,Furniture,Chairs,2765.56,4,0.0,659.6
US-03625,2014-06-05,2014-06-06,Consumer,South,Technology,Accessories,730.32,3,0.1,160.87
US-01169,2014-06-06,2014-06-11,Consumer,West,Office Supplies,Art,34.93,1,0.0,11.87
US-01604,2014-06-06,2014-06-07,Consumer,West,Furniture,Tables,2099.0,3,0.0,663.38
US-01604,2014-06-06,2014-06-12,Corporate,South,Technology,Copiers,1235.87,1,0.3,172.07
US-02674,2014-06-06,2014-06-11,Home Office,East,Office Supplies,Supplies,360.76,4,0.0,19.03
US-02674,2014-06-06,2014-06-10,Corporate,East,Furniture,Bookcases,612.27,1,0.0,95.8
US-03188,2014-06-06,2014-06-07,Corporate,East,Technology,Phones,795.72,4,0.0,103.7
US-03188,2014-06-06,2014-06-06,Home Office,Central,Furniture,Chairs,243.83,2,0.0,50.01
US-03721,2014-06-06,2014-06-11,Home Office,West,Furniture,Furnishings,445.38,2,0.0,65.1
US-03939,2014-06-06,2014-06-09,Corporate,South,Technology,Phones,1516.62,2,0.0,456.49
US-04150,2014-06-06,2014-06-08,Home Office,West,Technology,Phones,392.05,2,0.1,59.96
US-00549,2014-06-07,2014-06-10,Consumer,West,Office Supplies,Art,34.53,1,0.3,4.84
US-00549,2014-06-07,2014-06-11,Corporate,South,Office Supplies,Binders,269.63,5,0.3,6.53
US-00627,2014-06-07,2014-06-13,Home Office,Central,Technology,Accessories,776.24,2,0.0,96.45
US-00627,2014-06-07,2014-06-10,Consumer,East,Technology,Machines,3507.72,3,0.0,1021.34
US-00627,2014-06-07,2014-06-11,Corporate,South,Office Supplies,Supplies,58.17,2,0.2,-0.37
US-02267,2014-06-07,2014-06-07,Home Office,South,Furniture,Furnishings,2147.75,5,0.1,178.8
US-03624,2014-06-07,2014-06-07,Home Office,South,Office Supplies,Appliances,259.75,1,0.0,51.43
US-01445,2014-06-08,2014-06-08,Consumer,South,Furniture,Bookcases,471.13,1,0.0,70.29
US-01445,2014-06-08,2014-06-10,Consumer,South,Furniture,Bookcases,1768.86,3,0.0,517.55
US-03068,2014-06-08,2014-06-14,Corporate,West,Technology,Copiers,1452.48,2,0.0,295.98
US-00449,2014-06-09,2014-06-12,Home Office,South,Furniture,Tables,2667.24,2,0.1,668.74
US-02776,2014-06-09,2014-06-13,Consumer,Central,Office Supplies,Binders,82.1,4,0.0,18.55
US-02776,2014-06-09,2014-06-12,Corporate,South,Furniture,Tables,577.61,1,0.0,191.15
US-03276,2014-06-09,2014-06-12,Corporate,East,Furniture,Tables,546.54,1,0.0,96.27
US-03276,2014-06-09,2014-06-12,Corporate,West,Technology,Machines,1961.88,3,0.0,585.75
US-01998,2014-06-10,2014-06-15,Consumer,East,Technology,Machines,418.02,2,0.0,97.54
US-03239,2014-06-10,2014-06-13,Consumer,Central,Technology,Machines,542.38,1,0.0,81.13
US-03289,2014-06-10,2014-06-10,Home Office,West,Office Supplies,Supplies,19.24,1,0.0,4.17
US-03972,2014-06-10,2014-06-15,Corporate,West,Office Supplies,Labels,36.44,1,0.1,6.52
US-04039,2014-06-10,2014-06-16,Consumer,East,Office Supplies,Envelopes,186.64,4,0.0,20.57
US-04678,2014-06-10,2014-06-12,Home Office,East,Office Supplies,Storage,59.71,1,0.0,14.63
US-00099,2014-06-11,2014-06-12,Consumer,Central,Technology,Machines,979.48,1,0.1,134.09
US-00099,2014-06-11,2014-06-16,Home Office,West,Office Supplies,Labels,33.36,1,0.0,8.09
US-01157,2014-06-11,2014-06-12,Consumer,Central,Office Supplies,Envelopes,72.35,2,0.0,18.72
US-01157,2014-06-11,2014-06-16,Home Office,Central,Technology,Copiers,286.5,1,0.3,-36.79
US-01157,2014-06-11,2014-06-13,Consumer,East,Office Supplies,Appliances,261.82,1,0.0,29.42
US-03363,2014-06-11,2014-06-16,Corporate,East,Technology,Accessories,63.61,2,0.1,0.03
US-03476,2014-06-11,2014-06-16,Corporate,East,Office Supplies,Fasteners,23.58,1,0.0,6.07
US-04478,2014-06-11,2014-06-12,Corporate,South,Office Supplies,Fasteners,42.94,2,0.0,6.66
US-04478,2014-06-11,2014-06-12,Home Office,Central,Office Supplies,Envelopes,58.41,2,0.0,7.63
US-04871,2014-06-11,2014-06-15,Home Office,West,Office Supplies,Storage,755.78,2,0.2,10.18
US-04871,2014-06-11,2014-06-14,Corporate,West,Furniture,Tables,2801.18,2,0.0,294.29
US-04450,2014-06-12,2014-06-12,Consumer,Central,Office Supplies,Appliances,381.02,1,0.0,40.44
US-04450,2014-06-12,2014-06-17,Consumer,West,Furniture,Chairs,362.61,1,0.5,-81.1
US-04450,2014-06-12,2014-06-17,Consumer,South,Office Supplies,Supplies,78.57,1,0.5,-31.42
US-04858,2014-06-12,2014-06-17,Home Office,West,Office Supplies,Storage,342.75,2,0.0,119.56
US-04858,2014-06-12,2014-06-18,Home Office,West,Office Supplies,Binders,85.68,1,0.0,19.44
US-00279,2014-06-13,2014-06-19,Consumer,West,Technology,Phones,416.89,4,0.0,24.14
US-00279,2014-06-13,2014-06-16,Corporate,East,Office Supplies,Art,172.25,5,0.0,20.46
US-00820,2014-06-14,2014-06-14,Consumer,West,Furniture,Bookcases,535.48,1,0.0,172.08
US-01617,2014-06-14,2014-06-14,Home Office,Central,Technology,Accessories,617.79,3,0.0,203.1
US-03430,2014-06-14,2014-06-18,Corporate,South,Furniture,Bookcases,576.69,3,0.1,27.14
US-03629,2014-06-14,2014-06-17,Consumer,East,Furniture,Tables,1043.59,1,0.15,27.22
US-03997,2014-06-14,2014-06-19,Corporate,West,Office Supplies,Storage,82.07,2,0.0,7.63
US-04730,2014-06-14,2014-06-20,Home Office,South,Technology,Phones,214.42,1,0.0,38.46
US-04730,2014-06-14,2014-06-20,Home Office,West,Office Supplies,Envelopes,17.2,3,0.15,1.11
US-04876,2014-06-14,2014-06-17,Home Office,East,Furniture,Bookcases,843.26,5,0.4,-130.45
US-02282,2014-06-15,2014-06-16,Corporate,Central,Technology,Machines,1142.98,1,0.0,331.34
US-03451,2014-06-15,2014-06-21,Consumer,Central,Technology,Machines,1633.13,4,0.0,197.59
US-04014,2014-06-15,2014-06-19,Home Office,South,Technology,Machines,1923.92,4,0.2,404.63
US-04014,2014-06-15,2014-06-21,Consumer,East,Furniture,Chairs,521.14,1,0.2,77.23
US-04014,2014-06-15,2014-06-18,Home Office,South,Office Supplies,Envelopes,8.85,1,0.0,2.2
US-03557,2014-06-16,2014-06-16,Home Office,East,Office Supplies,Supplies,279.99,3,0.0,31.51
US-04947,2014-06-16,2014-06-17,Home Office,Central,Furniture,Tables,2149.16,2,0.0,155.46
US-02057,2014-06-17,2014-06-21,Consumer,East,Office Supplies,Binders,173.74,5,0.4,12.13
US-03500,2014-06-17,2014-06-22,Home Office,Central,Office Supplies,Binders,343.83,4,0.0,83.57
US-01706,2014-06-18,2014-06-23,Corporate,Central,Office Supplies,Storage,159.3,1,0.0,33.29
US-01706,2014-06-18,2014-06-18,Consumer,Central,Office Supplies,Art,127.68,1,0.0,31.29
US-02221,2014-06-18,2014-06-21,Corporate,Central,Technology,Accessories,423.54,3,0.0,39.38
US-02221,2014-06-18,2014-06-20,Consumer,South,Technology,Phones,1272.04,3,0.0,444.86
US-02976,2014-06-18,2014-06-21,Consumer,West,Furniture,Furnishings,268.09,2,0.0,48.54
US-03121,2014-06-18,2014-06-21,Home Office,East,Office Supplies,Art,110.2,1,0.0,20.2
US-03121,2014-06-18,2014-06-19,Consumer,Central,Furniture,Tables,2993.66,5,0.0,321.61
US-03418,2014-06-18,2014-06-18,Consumer,Central,Office Supplies,Paper,808.12,5,0.15,-29.99
US-03946,2014-06-18,2014-06-20,Consumer,East,Office Supplies,Appliances,485.44,1,0.15,78.93
US-00605,2014-06-19,2014-06-20,Home Office,West,Office Supplies,Appliances,532.63,5,0.0,49.3
US-00716,2014-06-19,2014-06-22,Home Office,South,Furniture,Bookcases,578.2,1,0.0,128.59
US-02225,2014-06-19,2014-06-21,Home Office,West,Furniture,Furnishings,1138.76,3,0.0,342.61
US-00726,2014-06-20,2014-06-24,Corporate,Central,Technology,Machines,2327.32,2,0.0,225.22
US-00726,2014-06-20,2014-06-24,Corporate,West,Furniture,Tables,1176.8,1,0.15,273.61
US-00726,2014-06-20,2014-06-26,Consumer,South,Technology,Accessories,475.7,5,0.0,49.28
US-02788,2014-06-20,2014-06-23,Consumer,East,Technology,Accessories,565.09,2,0.2,-54.43
US-03285,2014-06-20,2014-06-20,Consumer,Central,Furniture,Furnishings,160.93,1,0.2,-12.22
US-03285,2014-06-20,2014-06-24,Home Office,South,Office Supplies,Fasteners,15.66,1,0.0,4.41
US-03287,2014-06-20,2014-06-24,Consumer,West,Office Supplies,Envelopes,81.97,4,0.0,5.62
US-04008,2014-06-20,2014-06-24,Consumer,East,Office Supplies,Storage,686.01,2,0.15,-66.63
US-02985,2014-06-21,2014-06-21,Corporate,South,Office Supplies,Binders,127.69,2,0.0,42.18
US-02985,2014-06-21,2014-06-21,Home Office,East,Technology,Accessories,193.6,1,0.0,47.52
US-03133,2014-06-21,2014-06-22,Consumer,East,Office Supplies,Storage,40.05,1,0.1,2.53
US-03845,2014-06-21,2014-06-22,Consumer,East,Technology,Machines,957.58,2,0.3,102.3
US-03845,2014-06-21,2014-06-21,Corporate,Central,Office Supplies,Storage,1539.25,5,0.15,186.81
US-03845,2014-06-21,2014-06-26,Consumer,South,Technology,Accessories,480.7,2,0.0,82.79
US-02408,2014-06-22,2014-06-25,Corporate,West,Technology,Phones,1900.37,4,0.0,311.69
US-02863,2014-06-22,2014-06-23,Consumer,Central,Furniture,Furnishings,913.86,3,0.15,-17.64
US-02128,2014-06-23,2014-06-26,Home Office,Central,Office Supplies,Paper,241.23,3,0.0,69.01
US-02649,2014-06-23,2014-06-27,Consumer,West,Technology,Accessories,219.15,2,0.5,2.33
US-02076,2014-06-24,2014-06-27,Home Office,South,Furniture,Bookcases,2093.98,4,0.2,64.23
US-02643,2014-06-24,2014-06-30,Consumer,East,Technology,Copiers,5680.88,5,0.0,295.56
US-03414,2014-06-24,2014-06-28,Consumer,South,Office Supplies,Appliances,1365.45,2,0.0,427.63
US-03414,2014-06-24,2014-06-24,Home Office,South,Office Supplies,Binders,48.64,2,0.0,10.31
US-03414,2014-06-24,2014-06-25,Consumer,Central,Technology,Copiers,603.58,2,0.1,13.33
US-04037,2014-06-24,2014-06-26,Consumer,South,Furniture,Bookcases,915.79,2,0.0,226.01
US-04037,2014-06-24,2014-06-30,Corporate,Central,Furniture,Furnishings,442.94,1,0.3,-41.5
US-00661,2014-06-25,2014-06-30,Corporate,Central,Office Supplies,Supplies,59.25,1,0.0,7.74
US-00661,2014-06-25,2014-06-28,Consumer,Central,Office Supplies,Appliances,463.38,1,0.0,48.02
US-00661,2014-06-25,2014-06-29,Corporate,South,Technology,Accessories,517.44,2,0.0,115.84
US-04384,2014-06-25,2014-06-28,Consumer,West,Furniture,Tables,761.39,1,0.0,96.25
US-04384,2014-06-25,2014-06-28,Consumer,East,Office Supplies,Paper,102.81,1,0.0,21.83
US-04384,2014-06-25,2014-06-27,Consumer,Central,Furniture,Chairs,2352.71,4,0.0,800.36
US-04885,2014-06-25,2014-06-25,Home Office,East,Furniture,Bookcases,2715.77,4,0.0,561.76
US-04885,2014-06-25,2014-06-26,Corporate,West,Furniture,Bookcases,1144.71,2,0.0,250.08
US-01466,2014-06-26,2014-06-27,Consumer,East,Office Supplies,Art,236.98,1,0.1,52.3
US-01466,2014-06-26,2014-06-26,Home Office,West,Furniture,Tables,2050.22,5,0.0,505.51
US-03753,2014-06-26,2014-06-27,Consumer,East,Technology,Phones,160.36,1,0.0,41.4
US-04895,2014-06-26,2014-06-30,Home Office,Central,Furniture,Furnishings,2270.97,5,0.4,-298.43
US-01325,2014-06-27,2014-07-02,Corporate,West,Office Supplies,Envelopes,71.31,2,0.0,14.88
US-04704,2014-06-27,2014-06-27,Home Office,Central,Office Supplies,Envelopes,90.27,3,0.0,6.45
US-04704,2014-06-27,2014-07-01,Consumer,West,Technology,Copiers,1950.32,1,0.0,591.06
US-03267,2014-06-28,2014-06-29,Corporate,South,Office Supplies,Storage,135.6,1,0.2,-15.23
US-03917,2014-06-28,2014-06-28,Home Office,East,Office Supplies,Envelopes,25.96,1,0.0,4.38
US-02966,2014-06-29,2014-06-30,Consumer,South,Technology,Copiers,5192.76,4,0.4,-590.49
US-02966,2014-06-29,2014-07-02,Home Office,South,Technology,Accessories,29.71,2,0.15,-1.39
US-03516,2014-06-29,2014-07-02,Home Office,West,Technology,Accessories,288.56,1,0.0,31.54
US-04522,2014-06-29,2014-07-03,Corporate,East,Furniture,Tables,5812.63,5,0.0,719.17
US-00075,2014-06-30,2014-07-02,Consumer,South,Furniture,Bookcases,890.2,2,0.0,127.37
US-00075,2014-06-30,2014-07-05,Home Office,West,Office Supplies,Art,163.88,1,0.15,-3.32
US-00075,2014-06-30,2014-07-06,Consumer,East,Office Supplies,Envelopes,15.03,1,0.0,4.17
US-01530,2014-06-30,2014-07-01,Home Office,East,Technology,Machines,3181.09,3,0.0,743.94
US-01530,2014-06-30,2014-07-04,Corporate,East,Office Supplies,Supplies,27.99,2,0.0,3.99
US-01639,2014-06-30,2014-06-30,Home Office,South,Office Supplies,Envelopes,3.43,1,0.2,-0.25
US-02858,2014-06-30,2014-07-03,Consumer,West,Office Supplies,Appliances,210.42,3,0.0,54.46
US-03773,2014-06-30,2014-07-02,Consumer,South,Office Supplies,Paper,133.35,1,0.2,-13.69
US-03773,2014-06-30,2014-06-30,Corporate,West,Office Supplies,Binders,131.43,2,0.0,20.81
US-03773,2014-06-30,2014-07-06,Home Office,Central,Office Supplies,Supplies,16.01,1,0.2,1.94
US-04444,2014-06-30,2014-06-30,Home Office,Central,Furniture,Chairs,1342.14,3,0.0,378.21
US-04703,2014-06-30,2014-07-05,Corporate,Central,Furniture,Tables,2027.28,3,0.0,544.61
US-04703,2014-06-30,2014-07-06,Home Office,West,Furniture,Tables,1166.44,2,0.4,-18.63
US-01823,2014-07-01,2014-07-03,Corporate,West,Office Supplies,Storage,647.95,2,0.1,52.91
US-04482,2014-07-01,2014-07-03,Home Office,Central,Furniture,Bookcases,266.69,1,0.15,58.8
US-00523,2014-07-02,2014-07-08,Consumer,Central,Technology,Machines,5803.93,5,0.0,826.65
US-00523,2014-07-02,2014-07-07,Consumer,South,Furniture,Bookcases,1216.43,3,0.15,-15.99
US-02320,2014-07-02,2014-07-08,Consumer,Central,Furniture,Tables,1179.92,3,0.3,93.06
US-03172,2014-07-02,2014-07-03,Consumer,East,Office Supplies,Envelopes,77.83,3,0.15,15.6
US-03172,2014-07-02,2014-07-02,Consumer,East,Office Supplies,Storage,527.15,2,0.2,-49.1
US-04614,2014-07-02,2014-07-06,Consumer,West,Furniture,Tables,4400.18,3,0.0,1416.99
US-04614,2014-07-02,2014-07-02,Home Office,East,Furniture,Tables,3959.01,3,0.2,-393.47
US-04352,2014-07-03,2014-07-05,Home Office,East,Technology,Accessories,196.04,2,0.1,10.45
US-00077,2014-07-04,2014-07-08,Corporate,South,Office Supplies,Supplies,300.66,5,0.15,-32.51
US-00077,2014-07-04,2014-07-09,Home Office,South,Office Supplies,Labels,105.26,5,0.0,30.87
US-00077,2014-07-04,2014-07-06,Consumer,East,Technology,Copiers,7368.6,5,0.0,1716.45
US-00267,2014-07-04,2014-07-05,Corporate,Central,Furniture,Furnishings,643.11,5,0.0,110.09
US-00267,2014-07-04,2014-07-08,Home Office,West,Furniture,Bookcases,391.96,1,0.0,79.95
US-00318,2014-07-04,2014-07-09,Home Office,West,Technology,Copiers,1092.43,3,0.1,-26.13
US-00318,2014-07-04,2014-07-09,Home Office,East,Office Supplies,Supplies,40.97,1,0.15,7.76
US-00813,2014-07-04,2014-07-10,Consumer,East,Furniture,Furnishings,479.82,1,0.0,113.7
US-02459,2014-07-05,2014-07-06,Home Office,South,Technology,Accessories,1409.08,5,0.5,-198.47
US-02459,2014-07-05,2014-07-09,Corporate,East,Technology,Copiers,6030.06,4,0.0,404.75
US-02459,2014-07-05,2014-07-09,Consumer,East,Technology,Phones,925.6,2,0.0,161.29
US-02670,2014-07-05,2014-07-09,Home Office,West,Office Supplies,Envelopes,46.78,1,0.0,8.64
US-03654,2014-07-05,2014-07-09,Home Office,East,Office Supplies,Supplies,53.66,2,0.0,6.39
US-03699,2014-07-05,2014-07-11,Consumer,Central,Office Supplies,Labels,43.61,2,0.0,2.41
US-00179,2014-07-06,2014-07-09,Corporate,West,Office Supplies,Labels,27.73,1,0.5,-9.21
US-01249,2014-07-06,2014-07-08,Home Office,South,Technology,Phones,2683.09,3,0.15,329.45
US-03151,2014-07-06,2014-07-08,Corporate,Central,Furniture,Bookcases,402.22,1,0.0,131.37
US-03682,2014-07-06,2014-07-08,Consumer,East,Office Supplies,Paper,80.97,1,0.0,6.39
US-00288,2014-07-07,2014-07-08,Home Office,West,Office Supplies,Labels,8.54,2,0.15,1.7
US-00237,2014-07-08,2014-07-12,Home Office,Central,Furniture,Chairs,304.99,1,0.4,-29.73
US-03238,2014-07-08,2014-07-13,Consumer,West,Office Supplies,Binders,66.78,3,0.0,5.27
US-01940,2014-07-09,2014-07-11,Home Office,West,Technology,Accessories,1323.63,5,0.2,131.01
US-03674,2014-07-09,2014-07-14,Consumer,West,Furniture,Chairs,691.32,1,0.0,48.96
US-04181,2014-07-09,2014-07-09,Home Office,South,Furniture,Bookcases,215.88,1,0.0,17.39
US-04181,2014-07-09,2014-07-15,Consumer,East,Office Supplies,Binders,33.95,1,0.0,10.45
US-04902,2014-07-09,2014-07-14,Corporate,East,Furniture,Chairs,1713.68,4,0.0,239.13
US-00157,2014-07-10,2014-07-10,Home Office,Central,Furniture,Furnishings,476.51,2,0.0,148.04
US-00157,2014-07-10,2014-07-13,Home Office,Central,Office Supplies,Storage,1029.12,3,0.0,350.35
US-02003,2014-07-10,2014-07-13,Corporate,South,Office Supplies,Supplies,83.35,1,0.1,1.96
US-02296,2014-07-10,2014-07-13,Home Office,Central,Technology,Phones,437.0,1,0.15,-24.38
US-02296,2014-07-10,2014-07-16,Corporate,West,Office Supplies,Appliances,938.44,2,0.0,216.73
US-01511,2014-07-11,2014-07-15,Corporate,South,Technology,Phones,291.8,2,0.0,87.39
US-02991,2014-07-11,2014-07-11,Home Office,East,Technology,Accessories,1147.39,3,0.0,188.4
US-02991,2014-07-11,2014-07-15,Corporate,Central,Furniture,Tables,4620.46,5,0.1,-100.22
US-04817,2014-07-11,2014-07-12,Corporate,East,Office Supplies,Binders,19.81,1,0.2,-0.66
US-04817,2014-07-11,2014-07-11,Home Office,West,Technology,Phones,1197.18,2,0.0,355.16
US-04817,2014-07-11,2014-07-15,Corporate,South,Office Supplies,Envelopes,22.55,1,0.1,3.32
US-00695,2014-07-12,2014-07-14,Consumer,West,Furniture,Furnishings,639.97,2,0.0,154.17
US-01433,2014-07-12,2014-07-15,Home Office,Central,Furniture,Bookcases,632.57,1,0.15,22.93
US-02328,2014-07-12,2014-07-14,Consumer,East,Office Supplies,Paper,274.41,2,0.2,49.09
US-02749,2014-07-12,2014-07-16,Home Office,West,Office Supplies,Paper,106.32,2,0.0,32.96
US-04750,2014-07-12,2014-07-18,Corporate,West,Office Supplies,Supplies,8.14,1,0.2,-0.22
US-04750,2014-07-12,2014-07-17,Consumer,East,Office Supplies,Paper,36.77,1,0.5,-6.24
US-00949,2014-07-13,2014-07-17,Home Office,South,Office Supplies,Storage,882.23,3,0.0,204.62
US-01264,2014-07-13,2014-07-18,Consumer,Central,Office Supplies,Supplies,15.18,1,0.0,1.08
US-02711,2014-07-13,2014-07-14,Home Office,Central,Office Supplies,Storage,223.47,2,0.0,31.38
US-01191,2014-07-14,2014-07-20,Home Office,Central,Office Supplies,Paper,166.85,1,0.1,40.66
US-02704,2014-07-14,2014-07-17,Corporate,South,Office Supplies,Storage,1560.75,4,0.0,234.34
US-00302,2014-07-15,2014-07-18,Consumer,South,Furniture,Furnishings,57.67,1,0.15,-0.37
US-00302,2014-07-15,2014-07-19,Consumer,West,Office Supplies,Art,387.65,2,0.0,80.37
US-01301,2014-07-15,2014-07-18,Consumer,South,Office Supplies,Fasteners,38.09,4,0.0,8.15
US-03372,2014-07-15,2014-07-15,Home Office,South,Furniture,Chairs,146.43,2,0.0,18.77
US-03372,2014-07-15,2014-07-19,Consumer,East,Technology,Machines,1027.27,1,0.15,199.8
US-02454,2014-07-16,2014-07-18,Corporate,West,Technology,Copiers,2816.12,2,0.0,399.49
US-02511,2014-07-16,2014-07-22,Home Office,West,Office Supplies,Supplies,38.26,2,0.1,6.82
US-02683,2014-07-16,2014-07-18,Home Office,South,Office Supplies,Labels,20.61,2,0.0,5.92
US-00508,2014-07-17,2014-07-21,Home Office,East,Office Supplies,Binders,18.36,2,0.2,-0.75
US-01186,2014-07-17,2014-07-19,Corporate,East,Technology,Accessories,461.44,4,0.3,29.79
US-02911,2014-07-17,2014-07-23,Corporate,West,Technology,Phones,817.54,2,0.0,276.11
US-03146,2014-07-17,2014-07-18,Home Office,East,Office Supplies,Paper,35.92,1,0.0,4.59
US-03804,2014-07-17,2014-07-17,Consumer,South,Furniture,Chairs,1789.0,3,0.15,313.38
US-00195,2014-07-18,2014-07-23,Home Office,Central,Technology,Copiers,3917.41,2,0.0,1118.28
US-00561,2014-07-18,2014-07-19,Consumer,Central,Office Supplies,Supplies,157.02,4,0.15,13.85
US-01388,2014-07-18,2014-07-24,Home Office,South,Office Supplies,Labels,24.17,1,0.0,5.36
US-02802,2014-07-18,2014-07-18,Consumer,West,Office Supplies,Paper,119.59,1,0.15,6.19
US-04076,2014-07-18,2014-07-24,Corporate,Central,Technology,Copiers,1511.02,1,0.0,288.51
US-04864,2014-07-18,2014-07-23,Home Office,East,Technology,Copiers,7064.16,4,0.0,2405.69
US-02344,2014-07-19,2014-07-21,Home Office,South,Office Supplies,Binders,136.88,2,0.0,19.97
US-02344,2014-07-19,2014-07-25,Corporate,West,Furniture,Bookcases,430.34,1,0.0,111.54
US-03106,2014-07-19,2014-07-25,Corporate,West,Technology,Copiers,1901.38,2,0.2,137.07
US-04874,2014-07-19,2014-07-21,Consumer,East,Office Supplies,Paper,610.22,4,0.1,132.23
US-04874,2014-07-19,2014-07-22,Corporate,West,Furniture,Bookcases,654.59,3,0.0,63.1
US-00374,2014-07-20,2014-07-20,Consumer,West,Furniture,Chairs,1145.88,2,0.0,180.5
US-00374,2014-07-20,2014-07-26,Consumer,South,Technology,Machines,3924.58,3,0.0,731.75
US-01292,2014-07-20,2014-07-26,Consumer,West,Furniture,Furnishings,1570.53,4,0.0,112.87
US-01314,2014-07-20,2014-07-23,Corporate,South,Furniture,Chairs,116.25,1,0.0,13.91
US-02979,2014-07-20,2014-07-20,Consumer,East,Technology,Phones,980.58,4,0.0,92.05
US-02935,2014-07-21,2014-07-23,Consumer,South,Office Supplies,Fasteners,20.24,3,0.0,6.78
US-02935,2014-07-21,2014-07-27,Consumer,West,Office Supplies,Fasteners,31.95,2,0.0,2.93
US-00796,2014-07-22,2014-07-27,Home Office,Central,Office Supplies,Art,548.88,2,0.15,28.56
US-00796,2014-07-22,2014-07-25,Consumer,South,Technology,Machines,1180.76,1,0.1,112.03
US-02294,2014-07-22,2014-07-23,Corporate,West,Furniture,Tables,797.91,1,0.2,64.83
US-02294,2014-07-22,2014-07-23,Consumer,East,Furniture,Furnishings,382.82,1,0.0,90.82
US-04282,2014-07-22,2014-07-23,Home Office,South,Office Supplies,Storage,550.35,2,0.1,84.03
US-04282,2014-07-22,2014-07-27,Consumer,East,Furniture,Tables,1376.83,1,0.0,479.41
US-04338,2014-07-22,2014-07-24,Home Office,Central,Technology,Machines,3364.94,5,0.0,242.65
US-01029,2014-07-23,2014-07-26,Corporate,West,Technology,Phones,924.54,2,0.0,276.69
US-01029,2014-07-23,2014-07-24,Home Office,West,Technology,Machines,2988.31,2,0.0,787.26
US-01029,2014-07-23,2014-07-23,Consumer,East,Office Supplies,Binders,98.78,2,0.2,8.71
US-03023,2014-07-23,2014-07-23,Consumer,West,Office Supplies,Art,339.84,3,0.0,55.78
US-03023,2014-07-23,2014-07-27,Consumer,West,Furniture,Furnishings,148.63,2,0.2,26.54
US-03023,2014-07-23,2014-07-29,Consumer,South,Office Supplies,Paper,177.29,1,0.0,32.22
US-03040,2014-07-23,2014-07-26,Consumer,Central,Office Supplies,Art,241.28,2,0.0,34.66
US-00247,2014-07-24,2014-07-28,Consumer,Central,Technology,Accessories,199.49,1,0.1,39.37
US-00247,2014-07-24,2014-07-30,Corporate,East,Furniture,Furnishings,22.32,1,0.0,6.07
US-01571,2014-07-24,2014-07-29,Consumer,South,Office Supplies,Storage,63.37,1,0.0,19.73
US-02591,2014-07-24,2014-07-25,Consumer,East,Office Supplies,Labels,76.97,3,0.0,12.36
US-02591,2014-07-24,2014-07-25,Corporate,Central,Office Supplies,Envelopes,10.96,3,0.1,0.44
US-01317,2014-07-25,2014-07-30,Corporate,East,Furniture,Bookcases,493.04,1,0.2,6.29
US-01317,2014-07-25,2014-07-29,Home Office,East,Technology,Phones,1104.62,3,0.2,-18.87
US-02273,2014-07-25,2014-07-26,Home Office,East,Furniture,Tables,320.09,1,0.15,9.58
US-02972,2014-07-25,2014-07-29,Corporate,South,Technology,Machines,2644.16,3,0.5,-179.89
US-02972,2014-07-25,2014-07-30,Home Office,Central,Technology,Accessories,416.81,2,0.0,65.35
US-01274,2014-07-26,2014-07-31,Consumer,East,Office Supplies,Binders,82.44,1,0.0,22.66
US-02065,2014-07-26,2014-07-31,Home Office,West,Technology,Copiers,3072.99,2,0.0,242.4
US-03854,2014-07-26,2014-07-29,Corporate,South,Technology,Machines,223.89,1,0.0,28.3
US-03854,2014-07-26,2014-07-31,Corporate,West,Technology,Accessories,387.65,1,0.0,39.17
US-04376,2014-07-26,2014-07-30,Corporate,West,Furniture,Furnishings,293.22,1,0.4,-40.29
US-04843,2014-07-26,2014-08-01,Home Office,South,Furniture,Chairs,1217.11,3,0.1,90.45
US-01426,2014-07-27,2014-07-27,Consumer,Central,Office Supplies,Envelopes,36.95,2,0.1,7.37
US-02447,2014-07-27,2014-07-29,Home Office,East,Office Supplies,Fasteners,2.33,1,0.0,0.53
US-01201,2014-07-28,2014-08-03,Home Office,East,Furniture,Furnishings,141.49,5,0.0,19.5
US-01201,2014-07-28,2014-07-28,Home Office,Central,Furniture,Tables,1523.18,2,0.0,295.43
US-03639,2014-07-28,2014-07-31,Corporate,East,Office Supplies,Paper,208.74,5,0.4,20.29
US-03639,2014-07-28,2014-07-31,Consumer,West,Office Supplies,Appliances,205.34,1,0.1,-6.7
US-04682,2014-07-28,2014-08-03,Corporate,East,Furniture,Bookcases,1897.24,3,0.3,-352.1
US-04682,2014-07-28,2014-08-02,Consumer,West,Technology,Copiers,7897.24,4,0.0,1124.51
US-02200,2014-07-29,2014-08-04,Corporate,West,Technology,Copiers,2249.14,5,0.0,142.21
US-04773,2014-07-29,2014-07-30,Consumer,Central,Technology,Accessories,318.72,4,0.0,38.17
US-00961,2014-07-30,2014-07-31,Home Office,East,Technology,Machines,5747.76,4,0.0,1734.42
US-03318,2014-07-30,2014-07-31,Corporate,West,Office Supplies,Art,78.07,1,0.3,5.0
US-03318,2014-07-30,2014-08-05,Consumer,East,Office Supplies,Appliances,533.1,2,0.0,110.0
US-03318,2014-07-30,2014-08-04,Home Office,South,Technology,Copiers,3521.28,3,0.1,1.64
US-04017,2014-07-30,2014-08-01,Home Office,Central,Office Supplies,Appliances,280.58,1,0.15,38.6
US-04017,2014-07-30,2014-08-05,Corporate,Central,Technology,Copiers,1538.33,1,0.0,196.23
US-00358,2014-07-31,2014-07-31,Home Office,Central,Technology,Accessories,313.12,1,0.0,76.98
US-00358,2014-07-31,2014-08-03,Consumer,Central,Office Supplies,Fasteners,54.66,2,0.0,18.15
US-01066,2014-07-31,2014-08-01,Home Office,South,Technology,Accessories,86.93,4,0.0,27.34
US-01106,2014-07-31,2014-07-31,Consumer,East,Technology,Copiers,2212.02,2,0.3,-134.9
US-01106,2014-07-31,2014-08-04,Corporate,East,Office Supplies,Appliances,1498.45,2,0.0,253.79
US-01623,2014-07-31,2014-08-05,Home Office,East,Technology,Copiers,3219.13,2,0.0,506.06
US-01987,2014-07-31,2014-08-05,Consumer,Central,Office Supplies,Labels,21.47,1,0.15,3.26
US-03840,2014-07-31,2014-08-01,Home Office,Central,Office Supplies,Art,487.37,3,0.0,44.87
US-03840,2014-07-31,2014-08-05,Corporate,East,Technology,Machines,1953.06,3,0.0,503.37
US-04370,2014-07-31,2014-08-01,Consumer,South,Office Supplies,Paper,114.98,1,0.0,7.23
US-04514,2014-07-31,2014-08-04,Corporate,Central,Technology,Copiers,5043.65,3,0.1,804.62
US-01300,2014-08-01,2014-08-07,Consumer,East,Office Supplies,Appliances,664.0,4,0.15,112.98
US-00797,2014-08-02,2014-08-06,Home Office,South,Furniture,Tables,2988.33,5,0.15,397.05
US-02641,2014-08-02,2014-08-02,Consumer,West,Furniture,Tables,4071.15,3,0.0,287.26
US-02641,2014-08-02,2014-08-02,Corporate,Central,Office Supplies,Binders,380.24,4,0.0,79.11
US-00219,2014-08-03,2014-08-04,Corporate,West,Furniture,Bookcases,1133.1,2,0.1,198.5
US-01045,2014-08-03,2014-08-07,Home Office,East,Office Supplies,Labels,73.85,2,0.4,-11.73
US-01428,2014-08-03,2014-08-04,Consumer,Central,Office Supplies,Fasteners,134.29,5,0.1,21.19
US-01632,2014-08-03,2014-08-08,Home Office,South,Office Supplies,Paper,141.1,1,0.0,38.96
US-02567,2014-08-03,2014-08-03,Consumer,South,Furniture,Furnishings,931.38,2,0.2,56.08
US-02567,2014-08-03,2014-08-04,Home Office,East,Furniture,Furnishings,112.67,1,0.5,-44.56
US-02567,2014-08-03,2014-08-08,Home Office,Central,Technology,Copiers,1671.11,1,0.0,115.43
US-04847,2014-08-03,2014-08-06,Corporate,Central,Office Supplies,Paper,158.7,3,0.5,-56.04
US-04847,2014-08-03,2014-08-09,Corporate,East,Technology,Phones,2630.8,3,0.0,282.1
US-03737,2014-08-04,2014-08-09,Consumer,South,Technology,Phones,1162.92,3,0.0,385.31
US-03737,2014-08-04,2014-08-07,Corporate,East,Office Supplies,Binders,27.55,2,0.0,7.42
US-03872,2014-08-04,2014-08-05,Corporate,Central,Office Supplies,Paper,669.88,4,0.0,212.55
US-03053,2014-08-05,2014-08-11,Corporate,South,Office Supplies,Labels,38.42,1,0.0,10.9
US-03053,2014-08-05,2014-08-10,Consumer,Central,Technology,Accessories,308.02,1,0.0,80.51
US-03615,2014-08-05,2014-08-05,Corporate,Central,Technology,Phones,2439.65,4,0.0,548.55
US-00428,2014-08-06,2014-08-11,Consumer,West,Office Supplies,Binders,146.17,3,0.0,34.86
US-00428,2014-08-06,2014-08-07,Home Office,South,Technology,Accessories,410.15,3,0.15,83.04
US-00428,2014-08-06,2014-08-07,Corporate,West,Office Supplies,Fasteners,45.65,2,0.1,0.45
US-00573,2014-08-06,2014-08-08,Home Office,West,Furniture,Furnishings,234.23,2,0.0,42.93
US-00573,2014-08-06,2014-08-10,Consumer,Central,Furniture,Chairs,524.34,1,0.2,-31.83
US-00573,2014-08-06,2014-08-07,Consumer,West,Office Supplies,Paper,183.31,1,0.0,17.27
US-02865,2014-08-06,2014-08-07,Home Office,Central,Office Supplies,Envelopes,9.84,1,0.0,1.94
US-02870,2014-08-06,2014-08-06,Corporate,Central,Office Supplies,Fasteners,16.68,5,0.0,1.75
US-02912,2014-08-06,2014-08-10,Corporate,West,Technology,Phones,4284.71,5,0.2,112.52
US-04085,2014-08-06,2014-08-12,Corporate,West,Technology,Phones,2464.49,3,0.0,757.83
US-04544,2014-08-06,2014-08-09,Corporate,South,Office Supplies,Art,609.06,5,0.0,142.31
US-00025,2014-08-07,2014-08-12,Consumer,South,Office Supplies,Envelopes,5.36,1,0.2,-0.14
US-00025,2014-08-07,2014-08-09,Corporate,South,Furniture,Furnishings,837.35,2,0.3,19.61
US-02450,2014-08-07,2014-08-09,Consumer,Central,Technology,Machines,4279.43,3,0.0,547.94
US-03115,2014-08-07,2014-08-09,Home Office,West,Office Supplies,Supplies,114.05,3,0.1,26.02
US-04774,2014-08-07,2014-08-13,Consumer,Central,Furniture,Bookcases,481.16,1,0.0,70.32
US-00399,2014-08-08,2014-08-08,Corporate,South,Technology,Machines,439.27,1,0.0,151.72
US-00822,2014-08-08,2014-08-08,Corporate,West,Technology,Copiers,1908.84,4,0.15,444.94
US-00822,2014-08-08,2014-08-14,Home Office,West,Office Supplies,Labels,15.87,2,0.2,-0.54
US-01214,2014-08-08,2014-08-09,Consumer,Central,Furniture,Tables,562.98,1,0.0,109.08
US-01278,2014-08-08,2014-08-08,Home Office,West,Office Supplies,Storage,488.17,2,0.1,34.09
US-01286,2014-08-08,2014-08-13,Consumer,Central,Office Supplies,Art,258.86,1,0.0,83.74
US-02255,2014-08-08,2014-08-10,Home Office,South,Furniture,Furnishings,517.9,2,0.0,57.14
US-00397,2014-08-09,2014-08-09,Corporate,West,Technology,Accessories,364.33,1,0.0,19.34
US-00778,2014-08-09,2014-08-12,Home Office,West,Furniture,Bookcases,458.5,3,0.0,115.44
US-02846,2014-08-09,2014-08-13,Home Office,West,Furniture,Bookcases,225.66,1,0.0,39.47
US-03645,2014-08-09,2014-08-14,Corporate,West,Technology,Phones,3222.76,5,0.0,281.86
US-04359,2014-08-09,2014-08-15,Consumer,South,Technology,Copiers,4794.37,4,0.0,1539.44
US-04408,2014-08-10,2014-08-12,Corporate,South,Furniture,Tables,2858.78,5,0.2,255.46
US-00258,2014-08-11,2014-08-17,Consumer,West,Technology,Phones,803.24,4,0.0,251.68
US-02527,2014-08-11,2014-08-14,Home Office,East,Office Supplies,Paper,800.28,5,0.0,147.51
US-03822,2014-08-11,2014-08-11,Home Office,East,Technology,Copiers,438.85,2,0.2,46.86
US-03822,2014-08-11,2014-08-15,Corporate,East,Technology,Copiers,5686.44,3,0.2,-137.88
US-04078,2014-08-11,2014-08-16,Consumer,South,Furniture,Tables,5628.7,4,0.0,710.46
US-04078,2014-08-11,2014-08-16,Corporate,West,Office Supplies,Storage,142.46,3,0.0,20.87
US-01762,2014-08-12,2014-08-17,Consumer,East,Furniture,Bookcases,1213.28,4,0.2,162.07
US-02089,2014-08-12,2014-08-17,Home Office,West,Office Supplies,Art,195.62,1,0.0,15.79
US-03129,2014-08-12,2014-08-12,Consumer,Central,Furniture,Furnishings,442.92,1,0.0,141.15
US-03129,2014-08-12,2014-08-16,Consumer,Central,Office Supplies,Art,61.59,2,0.0,14.51
US-03129,2014-08-12,2014-08-17,Home Office,Central,Furniture,Bookcases,640.24,1,0.0,50.96
US-03851,2014-08-12,2014-08-12,Consumer,South,Technology,Copiers,1787.42,4,0.0,395.2
US-03851,2014-08-12,2014-08-17,Consumer,East,Furniture,Bookcases,346.17,2,0.0,34.83
US-03919,2014-08-12,2014-08-17,Consumer,Central,Furniture,Chairs,1237.85,3,0.0,405.72
US-03919,2014-08-12,2014-08-16,Home Office,South,Furniture,Chairs,118.68,1,0.15,-0.23
US-04946,2014-08-12,2014-08-15,Home Office,South,Technology,Phones,208.47,1,0.2,-6.15
US-04946,2014-08-12,2014-08-14,Home Office,East,Technology,Phones,157.3,2,0.2,18.87
US-00761,2014-08-13,2014-08-19,Corporate,East,Office Supplies,Appliances,517.46,2,0.3,-45.47
US-01105,2014-08-13,2014-08-18,Home Office,East,Technology,Machines,3289.46,3,0.15,598.81
US-01105,2014-08-13,2014-08-14,Corporate,East,Technology,Accessories,95.42,1,0.15,3.35
US-02066,2014-08-13,2014-08-16,Consumer,South,Office Supplies,Art,154.39,1,0.1,36.55
US-02066,2014-08-13,2014-08-14,Home Office,West,Technology,Machines,1422.76,1,0.0,98.83
US-00572,2014-08-14,2014-08-14,Consumer,East,Office Supplies,Appliances,620.69,1,0.4,-119.16
US-01748,2014-08-14,2014-08-14,Home Office,East,Office Supplies,Appliances,316.6,1,0.0,27.4
US-01748,2014-08-14,2014-08-20,Home Office,South,Office Supplies,Envelopes,3.3,1,0.0,1.09
US-03009,2014-08-14,2014-08-15,Consumer,West,Technology,Machines,6092.5,5,0.5,-1181.97
US-03321,2014-08-14,2014-08-18,Consumer,West,Technology,Machines,1207.1,4,0.0,241.5
US-03834,2014-08-14,2014-08-14,Consumer,East,Office Supplies,Envelopes,206.63,5,0.0,65.37
US-03834,2014-08-14,2014-08-14,Home Office,East,Office Supplies,Storage,781.09,2,0.0,259.7
US-04686,2014-08-14,2014-08-15,Corporate,South,Technology,Accessories,1403.18,4,0.0,358.18
US-00499,2014-08-15,2014-08-21,Corporate,West,Technology,Phones,1522.58,4,0.0,473.73
US-01714,2014-08-15,2014-08-17,Consumer,Central,Office Supplies,Fasteners,35.43,2,0.0,6.15
US-00072,2014-08-16,2014-08-17,Home Office,Central,Technology,Phones,88.6,1,0.0,4.63
US-00372,2014-08-16,2014-08-20,Corporate,East,Office Supplies,Storage,308.93,1,0.0,29.98
US-00441,2014-08-16,2014-08-21,Home Office,West,Office Supplies,Art,157.12,1,0.0,17.54
US-00441,2014-08-16,2014-08-22,Home Office,South,Technology,Phones,672.67,1,0.1,61.04
US-01090,2014-08-16,2014-08-22,Corporate,Central,Furniture,Chairs,1542.86,4,0.0,279.9
US-01767,2014-08-16,2014-08-22,Consumer,Central,Office Supplies,Appliances,701.65,2,0.2,6.49
US-01767,2014-08-16,2014-08-22,Consumer,West,Technology,Accessories,343.61,1,0.1,53.95
US-01767,2014-08-16,2014-08-21,Home Office,South,Technology,Machines,2546.96,2,0.15,223.03
US-03914,2014-08-16,2014-08-18,Home Office,East,Technology,Accessories,683.5,3,0.0,192.08
US-03914,2014-08-16,2014-08-20,Corporate,West,Technology,Copiers,5610.68,4,0.0,1394.3
US-01125,2014-08-17,2014-08-21,Home Office,West,Technology,Accessories,741.5,2,0.0,71.0
US-02105,2014-08-17,2014-08-23,Consumer,West,Office Supplies,Labels,46.58,2,0.0,8.66
US-03357,2014-08-17,2014-08-21,Consumer,West,Office Supplies,Storage,999.48,3,0.0,308.05
US-03357,2014-08-17,2014-08-18,Home Office,West,Office Supplies,Storage,223.31,2,0.15,-1.59
US-03511,2014-08-17,2014-08-21,Home Office,Central,Office Supplies,Storage,1576.09,4,0.2,80.23
US-03661,2014-08-18,2014-08-20,Corporate,East,Technology,Accessories,109.06,2,0.0,31.29
US-03661,2014-08-18,2014-08-23,Consumer,South,Furniture,Chairs,474.25,1,0.4,-37.78
US-03994,2014-08-18,2014-08-23,Corporate,West,Furniture,Chairs,576.78,1,0.0,91.51
US-00681,2014-08-19,2014-08-19,Corporate,South,Office Supplies,Fasteners,33.33,3,0.0,6.31
US-04435,2014-08-19,2014-08-22,Home Office,Central,Office Supplies,Labels,31.89,1,0.0,2.62
US-04435,2014-08-19,2014-08-19,Corporate,East,Office Supplies,Supplies,93.18,2,0.0,5.92
US-04626,2014-08-19,2014-08-22,Corporate,Central,Office Supplies,Binders,51.55,3,0.0,4.17
US-04921,2014-08-19,2014-08-21,Corporate,East,Technology,Machines,1661.93,3,0.15,-73.53
US-01995,2014-08-20,2014-08-22,Corporate,West,Office Supplies,Envelopes,131.66,5,0.2,-9.59
US-01995,2014-08-20,2014-08-21,Corporate,Central,Furniture,Chairs,1615.89,5,0.3,-133.02
US-02867,2014-08-20,2014-08-25,Corporate,Central,Technology,Machines,1274.33,1,0.0,241.47
US-00411,2014-08-21,2014-08-22,Consumer,Central,Technology,Accessories,382.04,2,0.0,93.25
US-00692,2014-08-21,2014-08-21,Corporate,East,Technology,Phones,1164.48,2,0.0,363.63
US-01876,2014-08-21,2014-08-26,Home Office,Central,Technology,Phones,2333.14,3,0.4,-714.84
US-02038,2014-08-21,2014-08-22,Corporate,East,Technology,Copiers,722.69,1,0.0,159.84
US-02431,2014-08-21,2014-08-23,Consumer,Central,Technology,Machines,306.61,1,0.2,-2.29
US-02431,2014-08-21,2014-08-27,Consumer,West,Office Supplies,Storage,1839.08,5,0.0,601.24
US-02941,2014-08-21,2014-08-25,Home Office,West,Office Supplies,Appliances,561.26,4,0.3,-66.91
US-02941,2014-08-21,2014-08-27,Home Office,East,Office Supplies,Appliances,1926.73,3,0.0,447.86
US-04209,2014-08-23,2014-08-28,Consumer,West,Technology,Machines,1242.82,1,0.0,307.63
US-04209,2014-08-23,2014-08-26,Consumer,East,Office Supplies,Labels,11.2,1,0.1,1.47
US-04699,2014-08-24,2014-08-29,Home Office,East,Office Supplies,Appliances,2691.85,5,0.0,693.73
US-04969,2014-08-24,2014-08-24,Corporate,South,Office Supplies,Storage,1435.3,5,0.2,83.99
US-04969,2014-08-24,2014-08-28,Corporate,Central,Furniture,Furnishings,597.41,2,0.0,207.4
US-01477,2014-08-25,2014-08-28,Home Office,West,Office Supplies,Labels,166.95,5,0.0,24.31
US-01832,2014-08-25,2014-08-26,Home Office,East,Office Supplies,Binders,178.06,4,0.0,26.44
US-02422,2014-08-25,2014-08-26,Corporate,West,Technology,Machines,544.71,2,0.0,177.79
US-03726,2014-08-25,2014-08-28,Corporate,West,Office Supplies,Storage,248.96,2,0.2,27.33
US-04058,2014-08-25,2014-08-26,Home Office,East,Furniture,Chairs,98.14,1,0.0,32.74
US-04058,2014-08-25,2014-08-27,Corporate,South,Office Supplies,Fasteners,13.23,1,0.2,2.2
US-02781,2014-08-26,2014-08-31,Home Office,East,Technology,Machines,616.51,1,0.0,135.66
US-03862,2014-08-26,2014-08-27,Home Office,East,Furniture,Bookcases,587.92,1,0.15,19.71
US-03862,2014-08-26,2014-09-01,Corporate,South,Furniture,Bookcases,1134.18,2,0.0,290.12
US-01826,2014-08-27,2014-08-31,Home Office,Central,Technology,Accessories,1289.06,4,0.4,-341.08
US-01857,2014-08-27,2014-08-29,Home Office,West,Technology,Copiers,5367.4,3,0.0,1868.82
US-03351,2014-08-27,2014-09-02,Corporate,East,Office Supplies,Art,31.8,1,0.1,-1.03
US-03351,2014-08-27,2014-08-30,Consumer,Central,Technology,Accessories,412.58,5,0.0,62.76
US-03513,2014-08-27,2014-09-01,Corporate,South,Office Supplies,Appliances,283.52,1,0.0,47.33
US-03513,2014-08-27,2014-08-28,Consumer,West,Office Supplies,Paper,99.36,2,0.15,12.46
US-03513,2014-08-27,2014-08-28,Consumer,West,Office Supplies,Fasteners,7.17,2,0.15,1.49
US-03913,2014-08-27,2014-08-30,Home Office,West,Office Supplies,Envelopes,61.83,2,0.1,14.53
US-02792,2014-08-28,2014-09-03,Home Office,South,Office Supplies,Paper,63.03,3,0.3,-6.15
US-02792,2014-08-28,2014-09-02,Consumer,Central,Technology,Accessories,10.64,1,0.0,2.35
US-02792,2014-08-28,2014-08-29,Corporate,South,Office Supplies,Storage,204.43,2,0.15,1.43
US-03990,2014-08-28,2014-09-03,Home Office,East,Furniture,Furnishings,609.27,4,0.1,157.1
US-00332,2014-08-29,2014-08-31,Corporate,West,Technology,Copiers,454.92,2,0.0,50.94
US-00699,2014-08-29,2014-09-02,Corporate,South,Technology,Phones,650.31,1,0.2,22.2
US-01847,2014-08-29,2014-09-02,Consumer,South,Technology,Phones,172.21,1,0.0,37.01
US-03084,2014-08-29,2014-09-02,Consumer,East,Technology,Copiers,1406.76,2,0.0,149.6
US-04823,2014-08-29,2014-08-31,Consumer,South,Furniture,Tables,2765.31,5,0.1,175.23
US-04823,2014-08-29,2014-09-02,Consumer,South,Furniture,Bookcases,2761.49,4,0.0,628.61
US-00170,2014-08-30,2014-09-02,Corporate,South,Office Supplies,Appliances,232.14,1,0.15,32.48
US-00170,2014-08-30,2014-08-31,Corporate,East,Furniture,Bookcases,307.97,1,0.0,68.42
US-02489,2014-08-30,2014-09-03,Home Office,Central,Office Supplies,Binders,44.95,1,0.0,15.61
US-02489,2014-08-30,2014-09-05,Corporate,South,Furniture,Bookcases,1294.41,2,0.0,96.61
US-04261,2014-08-30,2014-09-01,Corporate,West,Office Supplies,Art,136.02,1,0.0,23.23
US-00622,2014-08-31,2014-09-02,Corporate,South,Office Supplies,Art,71.5,1,0.0,10.73
US-02845,2014-08-31,2014-08-31,Consumer,East,Office Supplies,Fasteners,54.62,4,0.0,5.94
US-02845,2014-08-31,2014-09-05,Corporate,Central,Technology,Machines,2958.77,3,0.1,98.46
US-00855,2014-09-01,2014-09-05,Home Office,South,Furniture,Furnishings,50.15,2,0.0,8.15
US-01937,2014-09-01,2014-09-02,Corporate,West,Furniture,Furnishings,890.53,5,0.1,67.67
US-02718,2014-09-01,2014-09-07,Consumer,South,Technology,Phones,505.41,1,0.0,68.66
US-02718,2014-09-01,2014-09-01,Corporate,East,Office Supplies,Fasteners,50.17,5,0.15,4.79
US-02914,2014-09-01,2014-09-02,Home Office,Central,Furniture,Bookcases,683.49,1,0.0,45.29
US-02914,2014-09-01,2014-09-05,Consumer,South,Furniture,Furnishings,719.7,3,0.0,224.69
US-02940,2014-09-01,2014-09-01,Home Office,East,Office Supplies,Storage,292.43,3,0.1,67.55
US-02940,2014-09-01,2014-09-06,Consumer,East,Office Supplies,Storage,336.15,1,0.2,-38.4
US-02940,2014-09-01,2014-09-06,Home Office,East,Technology,Phones,2668.15,5,0.0,876.71
US-04862,2014-09-01,2014-09-07,Home Office,Central,Furniture,Furnishings,1465.13,5,0.2,-95.83
US-04862,2014-09-01,2014-09-03,Home Office,Central,Furniture,Furnishings,2058.28,5,0.0,533.12
US-00703,2014-09-02,2014-09-04,Corporate,West,Technology,Accessories,344.58,1,0.2,14.92
US-02323,2014-09-02,2014-09-02,Home Office,West,Office Supplies,Paper,513.16,5,0.0,137.71
US-02323,2014-09-02,2014-09-04,Corporate,West,Furniture,Bookcases,418.83,1,0.0,56.45
US-02877,2014-09-02,2014-09-05,Corporate,West,Furniture,Bookcases,1218.51,3,0.15,167.33
US-03772,2014-09-02,2014-09-03,Corporate,West,Furniture,Furnishings,372.26,1,0.0,105.65
US-03893,2014-09-02,2014-09-06,Corporate,South,Office Supplies,Appliances,1555.79,3,0.0,84.8
US-04417,2014-09-02,2014-09-07,Consumer,West,Furniture,Bookcases,147.14,1,0.0,8.84
US-02350,2014-09-03,2014-09-03,Corporate,East,Office Supplies,Binders,79.97,2,0.1,0.34
US-01337,2014-09-04,2014-09-04,Consumer,East,Furniture,Chairs,1485.06,4,0.0,330.26
US-01951,2014-09-04,2014-09-08,Home Office,East,Office Supplies,Binders,65.95,4,0.0,20.24
US-01951,2014-09-04,2014-09-06,Corporate,East,Technology,Machines,2177.98,3,0.0,243.49
US-04161,2014-09-04,2014-09-04,Consumer,West,Technology,Machines,1159.26,1,0.0,175.31
US-04234,2014-09-04,2014-09-09,Consumer,West,Furniture,Tables,636.74,2,0.0,102.8
US-00459,2014-09-05,2014-09-08,Home Office,East,Technology,Copiers,3262.09,3,0.0,275.73
US-02425,2014-09-05,2014-09-09,Corporate,South,Office Supplies,Fasteners,27.79,1,0.0,2.31
US-02425,2014-09-05,2014-09-11,Home Office,West,Furniture,Bookcases,334.09,4,0.2,4.07
US-02761,2014-09-05,2014-09-07,Home Office,Central,Technology,Copiers,1873.81,1,0.0,508.69
US-02761,2014-09-05,2014-09-09,Consumer,East,Technology,Copiers,1593.2,1,0.0,170.8
US-01569,2014-09-06,2014-09-11,Consumer,South,Office Supplies,Paper,169.81,1,0.0,42.5
US-01770,2014-09-06,2014-09-09,Home Office,East,Furniture,Bookcases,593.65,1,0.0,165.85
US-01770,2014-09-06,2014-09-08,Home Office,East,Office Supplies,Paper,140.41,2,0.0,24.45
US-03043,2014-09-06,2014-09-08,Corporate,Central,Office Supplies,Fasteners,52.6,2,0.0,6.49
US-03043,2014-09-06,2014-09-09,Home Office,South,Technology,Copiers,554.34,1,0.15,33.76
US-03043,2014-09-06,2014-09-09,Corporate,West,Furniture,Bookcases,783.36,4,0.0,146.45
US-02111,2014-09-07,2014-09-10,Consumer,South,Office Supplies,Appliances,840.65,2,0.0,130.19
US-02111,2014-09-07,2014-09-10,Consumer,Central,Furniture,Furnishings,296.02,1,0.0,41.15
US-01289,2014-09-08,2014-09-11,Home Office,Central,Furniture,Chairs,892.51,3,0.2,-104.26
US-03716,2014-09-08,2014-09-11,Consumer,East,Office Supplies,Storage,43.85,2,0.1,1.89
US-03716,2014-09-08,2014-09-13,Corporate,West,Furniture,Bookcases,1704.18,5,0.4,-16.4
US-00899,2014-09-09,2014-09-10,Home Office,Central,Office Supplies,Supplies,94.06,1,0.0,5.66
US-02676,2014-09-09,2014-09-14,Corporate,Central,Office Supplies,Storage,284.17,1,0.0,49.78
US-02676,2014-09-09,2014-09-11,Corporate,East,Office Supplies,Storage,325.64,1,0.2,-12.06
US-02676,2014-09-09,2014-09-15,Consumer,Central,Office Supplies,Appliances,220.07,1,0.0,35.97
US-03301,2014-09-09,2014-09-15,Corporate,East,Technology,Copiers,348.17,1,0.0,34.91
US-04672,2014-09-09,2014-09-13,Consumer,West,Office Supplies,Fasteners,36.43,3,0.0,11.34
US-04672,2014-09-09,2014-09-12,Corporate,West,Technology,Copiers,4478.36,3,0.0,888.26
US-04672,2014-09-09,2014-09-15,Home Office,West,Furniture,Furnishings,270.47,1,0.0,58.58
US-00467,2014-09-10,2014-09-12,Home Office,Central,Furniture,Tables,2811.11,4,0.2,640.01
US-03784,2014-09-10,2014-09-10,Consumer,East,Furniture,Chairs,763.63,3,0.0,224.81
US-03784,2014-09-10,2014-09-16,Consumer,East,Office Supplies,Storage,1027.65,5,0.0,300.42
US-02382,2014-09-11,2014-09-13,Consumer,South,Furniture,Chairs,1124.76,3,0.0,190.9
US-04240,2014-09-11,2014-09-17,Consumer,West,Office Supplies,Binders,39.74,1,0.0,13.72
US-04240,2014-09-11,2014-09-16,Home Office,East,Furniture,Bookcases,294.78,1,0.0,100.91
US-04240,2014-09-11,2014-09-13,Corporate,South,Office Supplies,Binders,97.27,1,0.15,6.81
US-00159,2014-09-12,2014-09-17,Corporate,South,Office Supplies,Binders,25.32,5,0.0,6.5
US-01749,2014-09-12,2014-09-17,Home Office,Central,Office Supplies,Binders,85.46,1,0.1,10.05
US-02034,2014-09-12,2014-09-12,Consumer,West,Technology,Copiers,1300.94,1,0.0,164.25
US-02184,2014-09-12,2014-09-18,Corporate,South,Technology,Machines,2474.38,3,0.0,432.59
US-03966,2014-09-12,2014-09-13,Corporate,Central,Office Supplies,Supplies,47.57,1,0.0,13.46
US-04438,2014-09-12,2014-09-13,Home Office,Central,Technology,Machines,495.72,3,0.0,33.45
US-00543,2014-09-13,2014-09-17,Home Office,East,Furniture,Furnishings,1115.32,5,0.0,156.35
US-00916,2014-09-13,2014-09-17,Home Office,South,Office Supplies,Fasteners,2.04,1,0.0,0.56
US-00916,2014-09-13,2014-09-18,Home Office,East,Technology,Accessories,61.65,1,0.5,-14.33
US-01307,2014-09-14,2014-09-16,Corporate,South,Office Supplies,Paper,530.87,4,0.0,53.01
US-01435,2014-09-14,2014-09-19,Home Office,East,Furniture,Furnishings,1458.37,3,0.0,139.23
US-01435,2014-09-14,2014-09-17,Home Office,South,Furniture,Bookcases,518.39,1,0.0,55.25
US-03041,2014-09-14,2014-09-19,Corporate,West,Technology,Accessories,867.45,3,0.0,87.56
US-03041,2014-09-14,2014-09-14,Consumer,East,Technology,Machines,952.84,1,0.2,39.82
US-00461,2014-09-15,2014-09-16,Corporate,West,Furniture,Tables,2600.32,2,0.15,-101.51
US-01718,2014-09-15,2014-09-17,Consumer,East,Furniture,Chairs,730.64,2,0.0,203.22
US-01718,2014-09-15,2014-09-21,Consumer,Central,Office Supplies,Appliances,135.68,1,0.4,-33.21
US-02974,2014-09-15,2014-09-15,Corporate,South,Office Supplies,Storage,107.75,1,0.0,13.89
US-03530,2014-09-15,2014-09-17,Corporate,East,Office Supplies,Fasteners,102.05,4,0.2,0.27
US-03530,2014-09-15,2014-09-20,Consumer,East,Office Supplies,Paper,124.28,3,0.2,0.75
US-03530,2014-09-15,2014-09-16,Consumer,West,Technology,Accessories,66.5,2,0.0,3.89
US-01101,2014-09-16,2014-09-17,Consumer,West,Technology,Phones,2923.92,4,0.0,805.77
US-01101,2014-09-16,2014-09-19,Consumer,East,Furniture,Chairs,439.87,4,0.0,38.42
US-01712,2014-09-16,2014-09-20,Home Office,South,Technology,Copiers,6860.8,4,0.0,2094.6
US-01712,2014-09-16,2014-09-16,Home Office,West,Furniture,Chairs,1571.58,5,0.1,139.86
US-03921,2014-09-16,2014-09-17,Corporate,East,Office Supplies,Labels,11.59,1,0.0,1.11
US-03921,2014-09-16,2014-09-19,Corporate,South,Office Supplies,Appliances,740.33,1,0.3,-22.84
US-01018,2014-09-17,2014-09-22,Home Office,West,Office Supplies,Supplies,37.53,1,0.2,3.85
US-02796,2014-09-17,2014-09-21,Consumer,South,Technology,Phones,90.95,1,0.0,21.89
US-02796,2014-09-17,2014-09-21,Corporate,West,Office Supplies,Storage,722.64,3,0.0,196.99
US-01401,2014-09-19,2014-09-23,Home Office,Central,Technology,Copiers,1807.74,1,0.0,480.1
US-03950,2014-09-19,2014-09-24,Consumer,West,Office Supplies,Art,76.81,4,0.0,7.95
US-03993,2014-09-19,2014-09-23,Corporate,East,Technology,Accessories,129.62,1,0.0,30.27
US-04207,2014-09-19,2014-09-20,Home Office,West,Furniture,Chairs,592.4,3,0.0,62.6
US-00469,2014-09-20,2014-09-25,Corporate,East,Office Supplies,Binders,266.09,3,0.0,80.97
US-03260,2014-09-20,2014-09-25,Consumer,West,Furniture,Tables,7234.18,5,0.0,1123.43
US-04764,2014-09-20,2014-09-24,Home Office,Central,Technology,Copiers,688.39,1,0.0,82.56
US-04764,2014-09-20,2014-09-25,Corporate,East,Technology,Machines,1991.45,2,0.0,166.05
US-00105,2014-09-21,2014-09-21,Corporate,Central,Office Supplies,Paper,115.99,1,0.0,26.76
US-00105,2014-09-21,2014-09-25,Home Office,Central,Technology,Copiers,3294.28,2,0.0,1047.38
US-04832,2014-09-21,2014-09-27,Corporate,West,Office Supplies,Envelopes,29.45,1,0.0,3.91
US-04832,2014-09-21,2014-09-26,Corporate,West,Technology,Copiers,3032.72,3,0.0,993.45
US-04832,2014-09-21,2014-09-27,Corporate,South,Technology,Machines,1938.96,2,0.0,187.89
US-00098,2014-09-22,2014-09-26,Consumer,East,Furniture,Bookcases,268.56,1,0.4,-93.37
US-00564,2014-09-22,2014-09-23,Home Office,East,Technology,Accessories,298.88,1,0.1,57.7
US-00564,2014-09-22,2014-09-27,Home Office,South,Furniture,Tables,721.1,1,0.0,70.67
US-02715,2014-09-22,2014-09-25,Home Office,Central,Furniture,Tables,1422.1,1,0.0,99.49
US-01786,2014-09-23,2014-09-28,Corporate,West,Technology,Accessories,133.96,1,0.1,26.62
US-04696,2014-09-23,2014-09-27,Corporate,Central,Technology,Copiers,6121.94,4,0.0,1139.27
US-04696,2014-09-23,2014-09-27,Corporate,South,Furniture,Furnishings,794.0,2,0.0,141.18
US-04639,2014-09-24,2014-09-26,Home Office,Central,Office Supplies,Appliances,1215.71,3,0.15,-98.01
US-00188,2014-09-25,2014-10-01,Corporate,West,Furniture,Chairs,152.43,2,0.3,-6.93
US-01448,2014-09-25,2014-09-25,Consumer,Central,Technology,Copiers,2640.02,3,0.0,657.3
US-01448,2014-09-25,2014-09-27,Consumer,Central,Office Supplies,Art,164.91,1,0.0,17.77
US-01448,2014-09-25,2014-09-27,Consumer,East,Technology,Phones,553.73,3,0.0,165.96
US-02384,2014-09-25,2014-09-29,Corporate,West,Furniture,Bookcases,572.63,3,0.2,13.67
US-02384,2014-09-25,2014-10-01,Home Office,Central,Furniture,Bookcases,1159.35,2,0.0,177.13
US-02384,2014-09-25,2014-09-25,Home Office,East,Furniture,Tables,260.4,1,0.0,21.94
US-02655,2014-09-25,2014-09-28,Consumer,East,Technology,Machines,2497.6,4,0.0,171.51
US-00217,2014-09-26,2014-10-02,Home Office,East,Technology,Accessories,174.1,3,0.15,3.54
US-00217,2014-09-26,2014-09-29,Home Office,West,Furniture,Bookcases,1471.26,3,0.0,378.0
US-00280,2014-09-26,2014-09-30,Consumer,West,Furniture,Chairs,2204.11,4,0.0,425.05
US-00280,2014-09-26,2014-10-01,Corporate,East,Office Supplies,Supplies,291.32,3,0.0,66.79
US-03250,2014-09-26,2014-09-26,Home Office,East,Office Supplies,Appliances,469.17,1,0.5,-180.7
US-04915,2014-09-26,2014-09-30,Consumer,West,Technology,Phones,373.86,3,0.0,43.55
US-00314,2014-09-27,2014-09-28,Home Office,East,Technology,Machines,955.09,1,0.0,70.53
US-04154,2014-09-27,2014-10-03,Corporate,East,Office Supplies,Binders,80.76,1,0.4,-22.22
US-00304,2014-09-28,2014-10-04,Home Office,West,Furniture,Tables,912.6,1,0.0,164.58
US-01107,2014-09-28,2014-09-28,Home Office,East,Office Supplies,Appliances,792.72,1,0.1,139.05
US-01353,2014-09-28,2014-09-29,Consumer,South,Office Supplies,Fasteners,43.64,4,0.3,-3.55
US-01726,2014-09-28,2014-09-30,Corporate,West,Furniture,Bookcases,306.7,1,0.0,61.22
US-02804,2014-09-28,2014-10-03,Corporate,Central,Furniture,Bookcases,1691.77,3,0.4,-348.55
US-02804,2014-09-28,2014-10-03,Home Office,Central,Office Supplies,Supplies,171.77,2,0.15,9.55
US-00156,2014-09-29,2014-10-04,Consumer,South,Technology,Machines,1621.54,2,0.0,282.58
US-00223,2014-09-29,2014-10-02,Consumer,West,Office Supplies,Appliances,689.0,2,0.2,88.29
US-03421,2014-09-29,2014-09-30,Consumer,East,Technology,Machines,1064.33,5,0.0,212.97
US-03421,2014-09-29,2014-09-29,Home Office,South,Technology,Phones,1249.17,3,0.0,139.74
US-01064,2014-09-30,2014-10-04,Corporate,South,Office Supplies,Art,207.5,1,0.0,60.81
US-02191,2014-09-30,2014-10-03,Home Office,East,Technology,Phones,801.34,3,0.0,273.81
US-03210,2014-09-30,2014-10-03,Consumer,South,Furniture,Tables,1110.61,1,0.0,377.63
US-03399,2014-09-30,2014-10-03,Corporate,West,Office Supplies,Labels,105.19,3,0.3,2.37
US-03405,2014-09-30,2014-10-04,Home Office,West,Office Supplies,Storage,256.34,1,0.0,80.69
US-03405,2014-09-30,2014-10-04,Consumer,West,Office Supplies,Paper,259.05,2,0.0,86.88
US-04476,2014-09-30,2014-10-01,Home Office,West,Furniture,Bookcases,1703.43,3,0.0,202.41
US-04476,2014-09-30,2014-10-05,Corporate,West,Technology,Copiers,1448.73,4,0.0,243.38
US-00578,2014-10-01,2014-10-07,Corporate,Central,Office Supplies,Appliances,2728.1,4,0.2,49.73
US-01162,2014-10-01,2014-10-02,Home Office,East,Furniture,Chairs,66.9,1,0.0,14.86
US-01818,2014-10-01,2014-10-05,Consumer,Central,Furniture,Furnishings,342.68,1,0.2,60.2
US-01818,2014-10-01,2014-10-07,Home Office,West,Technology,Machines,855.1,1,0.15,37.38
US-01818,2014-10-01,2014-10-04,Corporate,West,Office Supplies,Paper,79.73,1,0.0,6.46
US-02134,2014-10-01,2014-10-03,Consumer,South,Office Supplies,Labels,5.96,1,0.0,1.39
US-02207,2014-10-01,2014-10-04,Home Office,South,Furniture,Tables,753.2,1,0.1,31.59
US-02207,2014-10-01,2014-10-02,Consumer,South,Office Supplies,Paper,72.06,1,0.0,4.83
US-04790,2014-10-01,2014-10-01,Consumer,South,Furniture,Tables,1287.12,3,0.0,244.94
US-04790,2014-10-01,2014-10-07,Corporate,East,Technology,Machines,2873.53,2,0.0,837.51
US-02728,2014-10-02,2014-10-08,Home Office,Central,Office Supplies,Binders,428.22,5,0.1,42.57
US-04600,2014-10-02,2014-10-03,Consumer,Central,Technology,Phones,1765.71,2,0.0,173.2
US-04200,2014-10-03,2014-10-06,Corporate,Central,Technology,Phones,830.69,1,0.0,69.96
US-02855,2014-10-04,2014-10-05,Home Office,West,Office Supplies,Fasteners,6.71,3,0.0,0.99
US-02855,2014-10-04,2014-10-09,Consumer,Central,Office Supplies,Paper,339.91,2,0.0,27.31
US-00925,2014-10-05,2014-10-10,Consumer,Central,Technology,Copiers,374.34,1,0.3,-69.42
US-02083,2014-10-05,2014-10-11,Consumer,West,Office Supplies,Art,142.1,1,0.1,39.24
US-02083,2014-10-05,2014-10-09,Consumer,West,Office Supplies,Storage,317.27,1,0.0,58.09
US-02295,2014-10-05,2014-10-10,Consumer,Central,Office Supplies,Paper,91.52,2,0.0,17.43
US-04045,2014-10-05,2014-10-11,Consumer,South,Furniture,Bookcases,1927.27,3,0.2,-185.25
US-04045,2014-10-05,2014-10-09,Corporate,Central,Furniture,Furnishings,409.15,2,0.0,35.47
US-01099,2014-10-06,2014-10-10,Corporate,Central,Office Supplies,Appliances,3834.98,5,0.0,1059.49
US-02029,2014-10-06,2014-10-09,Home Office,East,Furniture,Tables,885.6,1,0.2,47.69
US-03679,2014-10-06,2014-10-08,Consumer,South,Furniture,Chairs,1102.4,2,0.0,297.8
US-02963,2014-10-07,2014-10-13,Corporate,South,Furniture,Bookcases,1287.84,3,0.0,75.45
US-02963,2014-10-07,2014-10-08,Corporate,South,Furniture,Chairs,152.07,1,0.15,11.12
US-03552,2014-10-07,2014-10-13,Home Office,West,Furniture,Furnishings,326.65,1,0.0,90.56
US-04022,2014-10-07,2014-10-07,Home Office,East,Technology,Copiers,609.85,1,0.15,-8.22
US-04992,2014-10-07,2014-10-11,Corporate,South,Office Supplies,Art,149.4,1,0.0,51.79
US-04992,2014-10-07,2014-10-09,Consumer,East,Office Supplies,Labels,27.8,1,0.15,-1.36
US-00162,2014-10-08,2014-10-09,Home Office,East,Furniture,Chairs,221.25,2,0.1,5.45
US-00162,2014-10-08,2014-10-11,Corporate,South,Office Supplies,Binders,86.7,1,0.0,23.91
US-01206,2014-10-08,2014-10-11,Consumer,West,Technology,Machines,1497.61,4,0.3,-357.49
US-03024,2014-10-08,2014-10-14,Consumer,West,Technology,Machines,2069.95,2,0.2,-251.68
US-03024,2014-10-08,2014-10-11,Consumer,West,Technology,Copiers,900.91,2,0.0,48.87
US-00169,2014-10-09,2014-10-15,Corporate,Central,Office Supplies,Binders,164.06,3,0.15,1.93
US-00513,2014-10-09,2014-10-12,Consumer,East,Furniture,Furnishings,400.72,2,0.0,107.23
US-00756,2014-10-09,2014-10-12,Consumer,South,Office Supplies,Storage,118.64,4,0.2,0.67
US-00862,2014-10-09,2014-10-09,Consumer,East,Technology,Copiers,2792.71,2,0.5,-502.85
US-00862,2014-10-09,2014-10-12,Home Office,South,Office Supplies,Binders,16.01,1,0.0,2.24
US-00862,2014-10-09,2014-10-10,Home Office,West,Technology,Accessories,161.92,3,0.0,8.53
US-02006,2014-10-09,2014-10-14,Consumer,South,Technology,Accessories,182.08,2,0.0,23.84
US-03149,2014-10-09,2014-10-09,Corporate,East,Furniture,Tables,1019.0,1,0.0,116.76
US-03302,2014-10-09,2014-10-09,Home Office,West,Office Supplies,Labels,93.94,3,0.5,-18.17
US-03686,2014-10-09,2014-10-10,Home Office,Central,Technology,Accessories,571.97,3,0.0,78.16
US-04002,2014-10-09,2014-10-15,Consumer,West,Furniture,Chairs,622.98,1,0.0,80.07
US-01077,2014-10-10,2014-10-12,Home Office,East,Furniture,Tables,1219.28,1,0.1,258.29
US-01077,2014-10-10,2014-10-10,Consumer,South,Technology,Phones,276.33,1,0.1,29.68
US-03620,2014-10-10,2014-10-15,Corporate,West,Technology,Accessories,129.19,4,0.15,12.84
US-03620,2014-10-10,2014-10-11,Corporate,West,Furniture,Tables,1370.84,2,0.0,302.45
US-03620,2014-10-10,2014-10-13,Corporate,East,Furniture,Bookcases,905.53,5,0.2,-44.08
US-04785,2014-10-10,2014-10-11,Home Office,South,Office Supplies,Storage,593.43,2,0.4,-120.6
US-01740,2014-10-11,2014-10-16,Corporate,Central,Office Supplies,Fasteners,2.67,1,0.0,0.61
US-01740,2014-10-11,2014-10-11,Consumer,South,Office Supplies,Supplies,86.28,2,0.0,16.69
US-02872,2014-10-11,2014-10-16,Corporate,East,Technology,Accessories,185.51,2,0.5,-96.91
US-02872,2014-10-11,2014-10-15,Corporate,Central,Office Supplies,Storage,732.52,2,0.0,143.81
US-04668,2014-10-11,2014-10-15,Corporate,West,Office Supplies,Envelopes,178.69,5,0.3,-9.76
US-04668,2014-10-11,2014-10-15,Corporate,East,Furniture,Chairs,3991.06,5,0.0,269.09
US-00980,2014-10-12,2014-10-16,Corporate,West,Furniture,Tables,1849.57,2,0.1,49.8
US-00980,2014-10-12,2014-10-17,Consumer,East,Technology,Accessories,357.95,1,0.0,21.54
US-00980,2014-10-12,2014-10-17,Home Office,Central,Technology,Phones,481.26,1,0.0,151.48
US-02018,2014-10-12,2014-10-14,Corporate,South,Office Supplies,Envelopes,38.13,1,0.15,0.31
US-00385,2014-10-13,2014-10-18,Corporate,West,Office Supplies,Art,505.89,4,0.0,39.33
US-00385,2014-10-13,2014-10-17,Corporate,East,Technology,Copiers,481.18,2,0.0,121.0
US-00385,2014-10-13,2014-10-15,Corporate,West,Furniture,Tables,1380.98,1,0.0,422.77
US-00828,2014-10-13,2014-10-17,Home Office,East,Office Supplies,Paper,85.89,1,0.15,13.35
US-00828,2014-10-13,2014-10-15,Consumer,West,Office Supplies,Envelopes,21.39,1,0.0,1.21
US-00828,2014-10-13,2014-10-16,Corporate,East,Office Supplies,Supplies,46.09,2,0.0,8.32
US-01076,2014-10-13,2014-10-13,Corporate,Central,Office Supplies,Storage,1069.94,5,0.0,209.71
US-02899,2014-10-13,2014-10-19,Home Office,East,Office Supplies,Binders,92.79,1,0.0,20.0
US-03232,2014-10-13,2014-10-13,Consumer,South,Technology,Copiers,1489.88,1,0.1,217.46
US-03531,2014-10-13,2014-10-13,Corporate,East,Technology,Accessories,578.08,3,0.15,107.46
US-04193,2014-10-13,2014-10-17,Home Office,South,Office Supplies,Envelopes,41.24,5,0.0,9.02
US-04193,2014-10-13,2014-10-15,Home Office,West,Office Supplies,Labels,63.77,2,0.0,10.05
US-00135,2014-10-14,2014-10-18,Home Office,Central,Office Supplies,Art,51.14,2,0.2,-2.84
US-00135,2014-10-14,2014-10-15,Consumer,Central,Furniture,Furnishings,792.21,2,0.0,171.05
US-00249,2014-10-14,2014-10-18,Corporate,West,Office Supplies,Envelopes,148.76,4,0.2,3.83
US-00734,2014-10-14,2014-10-18,Consumer,East,Technology,Machines,2676.46,2,0.15,-21.85
US-00872,2014-10-14,2014-10-19,Consumer,West,Technology,Machines,1293.69,1,0.0,168.86
US-00937,2014-10-14,2014-10-19,Home Office,West,Office Supplies,Envelopes,54.69,2,0.0,14.56
US-00937,2014-10-14,2014-10-19,Consumer,Central,Office Supplies,Storage,397.25,1,0.0,21.24
US-02248,2014-10-14,2014-10-18,Home Office,East,Technology,Copiers,2382.09,2,0.4,-750.25
US-02748,2014-10-14,2014-10-16,Corporate,Central,Office Supplies,Supplies,128.02,2,0.4,-22.78
US-03131,2014-10-14,2014-10-17,Consumer,West,Office Supplies,Binders,166.4,2,0.0,9.19
US-04262,2014-10-14,2014-10-16,Consumer,Central,Technology,Copiers,748.15,1,0.0,140.76
US-04262,2014-10-14,2014-10-18,Home Office,South,Furniture,Furnishings,1235.94,3,0.2,99.94
US-00150,2014-10-15,2014-10-19,Home Office,West,Technology,Phones,3928.47,5,0.0,426.39
US-00591,2014-10-15,2014-10-17,Consumer,Central,Office Supplies,Storage,692.84,2,0.2,143.48
US-00591,2014-10-15,2014-10-19,Corporate,West,Furniture,Furnishings,694.91,2,0.0,217.27
US-02864,2014-10-15,2014-10-16,Consumer,East,Technology,Phones,518.94,1,0.15,26.64
US-02864,2014-10-15,2014-10-18,Home Office,East,Furniture,Bookcases,93.95,1,0.0,30.89
US-02601,2014-10-16,2014-10-22,Home Office,South,Technology,Copiers,679.43,3,0.0,110.05
US-04199,2014-10-16,2014-10-16,Home Office,Central,Office Supplies,Appliances,2154.04,3,0.1,524.61
US-04199,2014-10-16,2014-10-20,Consumer,South,Office Supplies,Envelopes,31.48,1,0.0,3.65
US-00962,2014-10-17,2014-10-17,Corporate,West,Office Supplies,Paper,262.46,3,0.5,-51.81
US-02409,2014-10-17,2014-10-19,Consumer,Central,Furniture,Chairs,1396.98,2,0.1,-36.0
US-03037,2014-10-17,2014-10-18,Home Office,South,Office Supplies,Paper,116.09,1,0.1,15.93
US-03464,2014-10-17,2014-10-23,Corporate,Central,Furniture,Tables,459.95,2,0.0,72.61
US-00880,2014-10-18,2014-10-22,Consumer,East,Office Supplies,Fasteners,13.47,1,0.0,4.2
US-02338,2014-10-19,2014-10-22,Home Office,East,Technology,Copiers,1894.12,1,0.0,299.32
US-02338,2014-10-19,2014-10-25,Corporate,South,Furniture,Chairs,493.34,2,0.0,49.07
US-02338,2014-10-19,2014-10-24,Consumer,West,Furniture,Furnishings,339.54,5,0.0,60.98
US-02673,2014-10-19,2014-10-22,Consumer,Central,Office Supplies,Paper,280.24,2,0.0,16.3
US-02673,2014-10-19,2014-10-25,Home Office,South,Furniture,Furnishings,711.61,3,0.0,98.97
US-02673,2014-10-19,2014-10-23,Home Office,Central,Technology,Machines,537.81,1,0.1,59.54
US-00590,2014-10-20,2014-10-24,Home Office,West,Office Supplies,Fasteners,31.94,2,0.0,4.43
US-00590,2014-10-20,2014-10-23,Consumer,East,Furniture,Bookcases,1041.21,2,0.5,-180.71
US-02162,2014-10-20,2014-10-25,Corporate,East,Furniture,Chairs,527.69,1,0.2,-0.94
US-00571,2014-10-21,2014-10-24,Corporate,South,Technology,Copiers,760.84,2,0.15,117.21
US-03507,2014-10-21,2014-10-25,Corporate,Central,Technology,Copiers,4444.96,3,0.0,370.11
US-03617,2014-10-21,2014-10-24,Home Office,Central,Furniture,Tables,876.83,1,0.2,19.62
US-03617,2014-10-21,2014-10-23,Home Office,East,Furniture,Tables,3052.82,3,0.15,279.66
US-03617,2014-10-21,2014-10-24,Consumer,Central,Technology,Copiers,673.1,1,0.0,38.97
US-03969,2014-10-21,2014-10-24,Corporate,East,Technology,Accessories,671.06,4,0.0,166.29
US-01504,2014-10-22,2014-10-25,Corporate,East,Office Supplies,Envelopes,177.95,5,0.1,13.6
US-01504,2014-10-22,2014-10-28,Consumer,South,Furniture,Tables,912.54,2,0.1,182.27
US-01504,2014-10-22,2014-10-28,Consumer,West,Furniture,Chairs,109.85,1,0.15,-7.23
US-00721,2014-10-24,2014-10-29,Corporate,Central,Office Supplies,Paper,583.96,3,0.0,173.83
US-04337,2014-10-24,2014-10-28,Corporate,South,Office Supplies,Binders,234.0,4,0.3,39.33
US-01984,2014-10-25,2014-10-29,Home Office,East,Office Supplies,Envelopes,23.52,1,0.0,3.68
US-04210,2014-10-25,2014-10-27,Home Office,South,Technology,Machines,366.61,1,0.15,63.02
US-04210,2014-10-25,2014-10-25,Corporate,West,Office Supplies,Envelopes,70.9,3,0.4,-10.86
US-00422,2014-10-26,2014-10-27,Consumer,South,Technology,Machines,1374.89,1,0.1,187.98
US-00966,2014-10-26,2014-10-30,Corporate,Central,Office Supplies,Supplies,294.44,3,0.0,31.69
US-00966,2014-10-26,2014-10-27,Home Office,Central,Technology,Machines,995.16,1,0.0,336.13
US-00864,2014-10-27,2014-10-30,Consumer,West,Office Supplies,Supplies,251.9,5,0.0,25.04
US-00864,2014-10-27,2014-10-28,Consumer,Central,Office Supplies,Labels,52.33,3,0.0,7.65
US-03025,2014-10-27,2014-10-28,Home Office,East,Furniture,Tables,3678.77,4,0.0,606.24
US-04110,2014-10-27,2014-10-31,Home Office,West,Office Supplies,Appliances,1141.65,2,0.15,126.11
US-04110,2014-10-27,2014-10-27,Home Office,South,Office Supplies,Labels,5.48,1,0.0,0.44
US-04564,2014-10-27,2014-10-28,Home Office,South,Office Supplies,Art,465.23,2,0.5,-166.94
US-04564,2014-10-27,2014-11-02,Consumer,South,Furniture,Bookcases,475.41,1,0.1,38.83
US-04818,2014-10-27,2014-10-28,Home Office,West,Office Supplies,Labels,29.67,3,0.3,-4.15
US-02437,2014-10-28,2014-11-03,Corporate,South,Technology,Phones,268.55,1,0.3,-43.34
US-04793,2014-10-28,2014-10-30,Corporate,East,Technology,Accessories,616.5,2,0.1,12.01
US-00084,2014-10-29,2014-11-01,Consumer,South,Office Supplies,Art,1332.71,5,0.0,225.14
US-00084,2014-10-29,2014-10-29,Consumer,West,Office Supplies,Labels,14.11,1,0.15,0.85
US-00084,2014-10-29,2014-10-30,Home Office,East,Technology,Phones,1390.03,2,0.1,375.9
US-00479,2014-10-29,2014-11-04,Corporate,Central,Furniture,Furnishings,971.46,2,0.1,26.0
US-00479,2014-10-29,2014-11-03,Corporate,Central,Office Supplies,Appliances,172.42,1,0.3,11.01
US-00918,2014-10-29,2014-11-04,Corporate,Central,Office Supplies,Art,293.4,1,0.0,38.88
US-04822,2014-10-30,2014-11-04,Consumer,Central,Office Supplies,Art,809.54,3,0.15,-27.03
US-00065,2014-10-31,2014-11-06,Home Office,Central,Technology,Machines,1328.44,2,0.0,267.9
US-00566,2014-10-31,2014-10-31,Consumer,Central,Office Supplies,Fasteners,26.45,1,0.5,0.62
US-01022,2014-10-31,2014-11-03,Corporate,West,Furniture,Bookcases,367.34,1,0.0,68.28
US-02435,2014-11-01,2014-11-06,Consumer,South,Office Supplies,Art,262.32,1,0.15,-19.43
US-02548,2014-11-01,2014-11-01,Corporate,South,Office Supplies,Paper,130.97,1,0.15,-8.63
US-02548,2014-11-01,2014-11-03,Consumer,West,Furniture,Bookcases,900.64,2,0.0,224.98
US-04556,2014-11-01,2014-11-03,Corporate,West,Office Supplies,Envelopes,28.53,1,0.0,5.42
US-04654,2014-11-01,2014-11-04,Corporate,West,Office Supplies,Envelopes,75.7,2,0.1,10.14
US-04654,2014-11-01,2014-11-07,Home Office,East,Technology,Copiers,1846.52,1,0.3,310.18
US-04654,2014-11-01,2014-11-04,Consumer,West,Technology,Machines,340.97,1,0.0,31.16
US-00941,2014-11-02,2014-11-07,Consumer,Central,Office Supplies,Supplies,40.11,1,0.0,4.05
US-01005,2014-11-02,2014-11-02,Consumer,Central,Technology,Accessories,494.64,3,0.2,44.59
US-01009,2014-11-02,2014-11-06,Home Office,Central,Office Supplies,Binders,68.08,1,0.0,9.07
US-01336,2014-11-02,2014-11-08,Home Office,West,Furniture,Chairs,136.42,2,0.0,35.37
US-01336,2014-11-02,2014-11-07,Corporate,East,Furniture,Bookcases,915.81,3,0.0,138.51
US-01336,2014-11-02,2014-11-05,Corporate,East,Technology,Machines,435.22,1,0.1,86.26
US-03687,2014-11-02,2014-11-04,Consumer,Central,Technology,Phones,938.14,2,0.0,66.24
US-03687,2014-11-02,2014-11-04,Consumer,Central,Furniture,Furnishings,455.7,1,0.0,141.48
US-03687,2014-11-02,2014-11-06,Consumer,Central,Office Supplies,Labels,61.35,5,0.0,20.18
US-00818,2014-11-03,2014-11-06,Home Office,Central,Technology,Copiers,2178.69,3,0.15,-47.63
US-00818,2014-11-03,2014-11-06,Consumer,Central,Technology,Phones,773.56,1,0.0,159.45
US-02592,2014-11-03,2014-11-08,Consumer,Central,Office Supplies,Envelopes,42.1,3,0.0,4.69
US-02592,2014-11-03,2014-11-06,Corporate,South,Furniture,Tables,415.51,1,0.0,48.53
US-03389,2014-11-03,2014-11-03,Consumer,East,Technology,Phones,309.22,1,0.0,86.83
US-03389,2014-11-03,2014-11-04,Corporate,Central,Furniture,Bookcases,1248.02,3,0.5,-487.72
US-03848,2014-11-03,2014-11-08,Corporate,South,Office Supplies,Paper,406.17,4,0.3,-66.02
US-03848,2014-11-03,2014-11-09,Consumer,Central,Office Supplies,Binders,7.13,1,0.0,1.93
US-04951,2014-11-03,2014-11-09,Home Office,West,Technology,Machines,2691.02,3,0.2,-92.55
US-04951,2014-11-03,2014-11-09,Consumer,Central,Office Supplies,Labels,28.7,1,0.1,0.77
US-04951,2014-11-03,2014-11-08,Home Office,West,Furniture,Tables,478.29,1,0.2,-0.18
US-04959,2014-11-03,2014-11-07,Consumer,South,Technology,Machines,5695.82,4,0.0,1920.02
US-04959,2014-11-03,2014-11-08,Home Office,Central,Furniture,Bookcases,583.24,1,0.0,42.04
US-01613,2014-11-04,2014-11-06,Corporate,South,Technology,Phones,351.49,1,0.0,38.63
US-04025,2014-11-04,2014-11-07,Home Office,South,Office Supplies,Paper,130.95,2,0.0,31.16
US-00715,2014-11-05,2014-11-11,Home Office,South,Technology,Phones,398.01,5,0.0,39.43
US-01193,2014-11-05,2014-11-06,Corporate,South,Office Supplies,Paper,334.3,3,0.1,16.08
US-01193,2014-11-05,2014-11-11,Corporate,East,Furniture,Chairs,314.14,1,0.0,56.72
US-04160,2014-11-05,2014-11-05,Consumer,South,Technology,Machines,445.08,1,0.1,2.73
US-04900,2014-11-05,2014-11-09,Corporate,South,Office Supplies,Paper,154.21,5,0.0,14.01
US-04983,2014-11-05,2014-11-11,Consumer,West,Technology,Accessories,1025.98,3,0.15,-36.84
US-00197,2014-11-06,2014-11-09,Consumer,Central,Office Supplies,Art,488.74,2,0.15,18.01
US-02429,2014-11-06,2014-11-10,Home Office,South,Technology,Phones,1919.95,3,0.0,322.8
US-04558,2014-11-06,2014-11-10,Consumer,Central,Technology,Copiers,336.86,1,0.0,99.47
US-04558,2014-11-06,2014-11-06,Corporate,South,Furniture,Bookcases,1154.26,2,0.15,1.63
US-00749,2014-11-07,2014-11-11,Home Office,East,Office Supplies,Fasteners,35.46,2,0.0,7.59
US-00749,2014-11-07,2014-11-13,Home Office,West,Furniture,Furnishings,262.27,3,0.2,14.77
US-01661,2014-11-07,2014-11-13,Home Office,Central,Technology,Copiers,1940.13,1,0.0,548.23
US-01661,2014-11-07,2014-11-08,Corporate,Central,Office Supplies,Labels,33.65,1,0.0,8.28
US-02978,2014-11-07,2014-11-08,Consumer,Central,Technology,Accessories,1942.84,5,0.0,215.79
US-03031,2014-11-07,2014-11-10,Consumer,Central,Technology,Accessories,516.22,2,0.0,143.67
US-03031,2014-11-07,2014-11-11,Corporate,East,Furniture,Furnishings,1166.47,4,0.0,179.54
US-03031,2014-11-07,2014-11-12,Home Office,South,Furniture,Chairs,1999.88,4,0.0,439.88
US-04777,2014-11-07,2014-11-09,Consumer,South,Furniture,Furnishings,278.37,1,0.0,31.55
US-04777,2014-11-07,2014-11-08,Corporate,West,Office Supplies,Storage,111.93,1,0.15,-13.32
US-04777,2014-11-07,2014-11-08,Home Office,South,Office Supplies,Storage,115.47,2,0.4,-19.19
US-00772,2014-11-08,2014-11-11,Consumer,Central,Furniture,Tables,1317.93,5,0.0,220.0
US-00772,2014-11-08,2014-11-09,Corporate,East,Office Supplies,Storage,294.19,1,0.0,77.23
US-00772,2014-11-08,2014-11-09,Consumer,South,Office Supplies,Art,101.38,2,0.0,34.63
US-03528,2014-11-08,2014-11-10,Home Office,West,Office Supplies,Supplies,98.6,1,0.3,0.93
US-03534,2014-11-08,2014-11-11,Home Office,Central,Furniture,Bookcases,2297.99,5,0.1,403.76
US-03836,2014-11-08,2014-11-10,Consumer,West,Furniture,Chairs,282.09,3,0.15,46.16
US-04347,2014-11-08,2014-11-08,Home Office,West,Office Supplies,Art,142.8,1,0.0,20.6
US-04347,2014-11-08,2014-11-08,Consumer,South,Office Supplies,Art,513.15,2,0.2,22.37
US-04347,2014-11-08,2014-11-14,Home Office,Central,Technology,Accessories,86.55,1,0.0,6.73
US-04980,2014-11-08,2014-11-11,Consumer,East,Office Supplies,Appliances,2116.38,5,0.1,242.84
US-01990,2014-11-09,2014-11-15,Corporate,South,Furniture,Furnishings,776.93,2,0.0,153.79
US-03109,2014-11-09,2014-11-15,Consumer,West,Technology,Phones,145.74,2,0.3,-4.86
US-03170,2014-11-09,2014-11-15,Corporate,Central,Office Supplies,Binders,350.0,5,0.0,68.58
US-03523,2014-11-09,2014-11-15,Consumer,Central,Office Supplies,Fasteners,6.58,2,0.0,0.54
US-04377,2014-11-09,2014-11-12,Consumer,West,Furniture,Tables,1480.54,1,0.0,433.86
US-03105,2014-11-10,2014-11-10,Corporate,South,Technology,Accessories,797.34,2,0.5,-203.56
US-00241,2014-11-11,2014-11-13,Consumer,West,Technology,Machines,248.88,1,0.0,17.7
US-00241,2014-11-11,2014-11-15,Home Office,South,Furniture,Tables,762.93,1,0.1,88.16
US-04336,2014-11-11,2014-11-13,Home Office,West,Office Supplies,Storage,144.42,5,0.0,10.03
US-03179,2014-11-12,2014-11-13,Corporate,East,Office Supplies,Appliances,134.79,1,0.0,21.77
US-00519,2014-11-13,2014-11-16,Consumer,Central,Office Supplies,Appliances,2016.67,5,0.4,73.95
US-00638,2014-11-13,2014-11-13,Home Office,West,Furniture,Furnishings,813.39,2,0.0,57.05
US-00638,2014-11-13,2014-11-16,Consumer,West,Furniture,Chairs,1642.28,4,0.0,109.53
US-02600,2014-11-13,2014-11-14,Consumer,East,Office Supplies,Binders,238.7,3,0.2,9.78
US-02600,2014-11-13,2014-11-18,Consumer,East,Furniture,Tables,1746.3,2,0.0,549.59
US-02600,2014-11-13,2014-11-18,Home Office,Central,Furniture,Chairs,311.5,1,0.0,94.91
US-03571,2014-11-13,2014-11-16,Corporate,Central,Technology,Copiers,1726.57,1,0.0,159.71
US-04712,2014-11-13,2014-11-17,Home Office,Central,Furniture,Furnishings,864.3,2,0.15,109.24
US-04712,2014-11-13,2014-11-19,Corporate,South,Office Supplies,Binders,89.02,4,0.5,-14.47
US-00837,2014-11-14,2014-11-19,Consumer,South,Furniture,Bookcases,535.85,3,0.2,5.52
US-01649,2014-11-14,2014-11-18,Consumer,East,Technology,Machines,2573.52,3,0.15,-107.06
US-01649,2014-11-14,2014-11-14,Corporate,West,Technology,Phones,1065.13,2,0.0,262.52
US-02647,2014-11-14,2014-11-17,Corporate,West,Office Supplies,Binders,62.04,2,0.0,9.0
US-02647,2014-11-14,2014-11-19,Consumer,East,Furniture,Chairs,91.63,1,0.0,18.65
US-01422,2014-11-15,2014-11-21,Corporate,West,Office Supplies,Storage,154.71,2,0.1,-1.76
US-02308,2014-11-15,2014-11-17,Consumer,South,Office Supplies,Storage,550.17,3,0.0,95.25
US-02380,2014-11-15,2014-11-16,Corporate,West,Technology,Copiers,600.85,1,0.0,187.01
US-02883,2014-11-15,2014-11-15,Consumer,South,Office Supplies,Fasteners,21.24,2,0.0,2.04
US-04428,2014-11-15,2014-11-17,Corporate,West,Office Supplies,Storage,252.41,3,0.0,76.22
US-04428,2014-11-15,2014-11-17,Home Office,Central,Office Supplies,Fasteners,18.73,1,0.0,6.39
US-03490,2014-11-16,2014-11-22,Home Office,South,Furniture,Bookcases,737.24,5,0.0,90.8
US-03710,2014-11-16,2014-11-17,Home Office,South,Furniture,Furnishings,320.95,1,0.0,45.49
US-02374,2014-11-17,2014-11-20,Home Office,South,Furniture,Bookcases,1296.12,2,0.0,361.84
US-03601,2014-11-17,2014-11-20,Consumer,West,Office Supplies,Fasteners,55.08,2,0.0,17.16
US-04618,2014-11-17,2014-11-19,Corporate,Central,Office Supplies,Paper,63.68,3,0.2,12.53
US-01189,2014-11-18,2014-11-19,Home Office,East,Technology,Copiers,756.94,2,0.0,258.3
US-01486,2014-11-18,2014-11-23,Consumer,Central,Office Supplies,Binders,26.53,2,0.3,-1.91
US-02151,2014-11-18,2014-11-19,Home Office,South,Furniture,Bookcases,651.48,1,0.0,43.59
US-02830,2014-11-18,2014-11-18,Consumer,South,Technology,Phones,3370.18,4,0.0,701.88
US-02830,2014-11-18,2014-11-23,Consumer,West,Technology,Copiers,1832.09,2,0.15,-12.32
US-03651,2014-11-18,2014-11-18,Home Office,South,Office Supplies,Fasteners,114.42,5,0.1,19.48
US-03651,2014-11-18,2014-11-21,Home Office,South,Office Supplies,Art,51.58,1,0.5,-6.16
US-00932,2014-11-19,2014-11-24,Corporate,West,Technology,Copiers,2946.94,3,0.0,778.31
US-02690,2014-11-19,2014-11-24,Home Office,South,Office Supplies,Paper,10.67,1,0.0,0.85
US-02690,2014-11-19,2014-11-19,Home Office,South,Furniture,Furnishings,414.82,1,0.0,129.09
US-03201,2014-11-19,2014-11-22,Home Office,West,Office Supplies,Art,28.14,1,0.2,-1.08
US-03201,2014-11-19,2014-11-23,Consumer,West,Technology,Phones,1928.77,3,0.15,114.47
US-00112,2014-11-20,2014-11-25,Corporate,East,Furniture,Tables,1182.68,1,0.0,80.13
US-00112,2014-11-20,2014-11-23,Consumer,South,Furniture,Bookcases,626.99,1,0.3,72.59
US-00112,2014-11-20,2014-11-25,Consumer,West,Technology,Machines,1105.66,2,0.3,-104.93
US-01859,2014-11-20,2014-11-25,Home Office,West,Technology,Accessories,210.12,1,0.0,30.74
US-01859,2014-11-20,2014-11-20,Consumer,South,Office Supplies,Envelopes,48.08,1,0.0,14.85
US-04746,2014-11-20,2014-11-24,Consumer,East,Furniture,Tables,1343.96,1,0.0,83.9
US-04746,2014-11-20,2014-11-20,Corporate,West,Office Supplies,Envelopes,3.49,1,0.0,1.15
US-04757,2014-11-20,2014-11-24,Home Office,South,Furniture,Furnishings,1105.98,4,0.0,169.55
US-01030,2014-11-21,2014-11-22,Home Office,Central,Office Supplies,Appliances,470.8,5,0.4,-42.68
US-01960,2014-11-21,2014-11-25,Home Office,South,Office Supplies,Labels,23.74,4,0.1,1.44
US-02402,2014-11-21,2014-11-25,Consumer,South,Furniture,Chairs,305.55,2,0.15,18.66
US-04752,2014-11-21,2014-11-26,Home Office,West,Technology,Copiers,1428.6,1,0.0,81.51
US-03881,2014-11-22,2014-11-25,Consumer,East,Furniture,Tables,2212.71,3,0.0,736.32
US-03881,2014-11-22,2014-11-27,Home Office,West,Furniture,Tables,741.68,1,0.0,124.96
US-03881,2014-11-22,2014-11-23,Consumer,Central,Office Supplies,Binders,173.6,2,0.0,56.98
US-04122,2014-11-22,2014-11-24,Corporate,West,Office Supplies,Envelopes,60.31,2,0.0,18.67
US-04122,2014-11-22,2014-11-25,Consumer,East,Technology,Accessories,511.49,2,0.0,108.62
US-04122,2014-11-22,2014-11-24,Consumer,East,Technology,Machines,1362.19,3,0.0,213.48
US-00536,2014-11-23,2014-11-28,Corporate,Central,Office Supplies,Supplies,90.26,2,0.0,15.11
US-00536,2014-11-23,2014-11-28,Home Office,South,Technology,Copiers,375.18,1,0.15,85.94
US-00773,2014-11-23,2014-11-26,Home Office,East,Office Supplies,Paper,57.23,1,0.0,19.16
US-00851,2014-11-23,2014-11-23,Consumer,South,Office Supplies,Binders,25.53,2,0.0,5.12
US-02534,2014-11-23,2014-11-26,Corporate,East,Furniture,Bookcases,618.16,2,0.0,90.72
US-04685,2014-11-23,2014-11-28,Corporate,Central,Office Supplies,Art,99.13,2,0.15,4.53
US-04875,2014-11-23,2014-11-28,Home Office,Central,Furniture,Chairs,289.86,1,0.0,43.84
US-01039,2014-11-24,2014-11-28,Home Office,East,Office Supplies,Labels,66.74,2,0.0,5.84
US-01221,2014-11-24,2014-11-30,Home Office,West,Furniture,Tables,923.7,3,0.1,25.66
US-01221,2014-11-24,2014-11-26,Consumer,East,Furniture,Bookcases,2290.24,5,0.2,-362.78
US-01803,2014-11-24,2014-11-27,Home Office,West,Technology,Copiers,1921.79,1,0.1,433.84
US-01973,2014-11-24,2014-11-26,Home Office,South,Furniture,Chairs,2970.42,4,0.0,262.03
US-01973,2014-11-24,2014-11-28,Home Office,West,Furniture,Furnishings,1779.72,5,0.3,-199.01
US-01973,2014-11-24,2014-11-29,Home Office,West,Furniture,Furnishings,254.85,1,0.0,74.11
US-02809,2014-11-24,2014-11-26,Home Office,Central,Office Supplies,Binders,85.52,1,0.0,19.07
US-00909,2014-11-25,2014-12-01,Corporate,Central,Furniture,Chairs,328.18,4,0.15,6.55
US-02530,2014-11-25,2014-11-28,Home Office,South,Furniture,Tables,1438.07,1,0.0,225.89
US-03120,2014-11-25,2014-11-25,Corporate,East,Furniture,Chairs,1174.25,2,0.0,190.48
US-00264,2014-11-26,2014-11-30,Consumer,East,Furniture,Bookcases,744.87,2,0.0,96.03
US-00264,2014-11-26,2014-11-29,Corporate,Central,Technology,Phones,1309.73,2,0.4,-108.99
US-01033,2014-11-26,2014-11-27,Corporate,East,Office Supplies,Storage,474.03,2,0.0,85.94
US-01149,2014-11-26,2014-12-02,Corporate,Central,Furniture,Chairs,233.73,1,0.0,32.02
US-03304,2014-11-26,2014-11-28,Corporate,East,Office Supplies,Art,237.73,2,0.0,49.2
US-04353,2014-11-26,2014-12-01,Corporate,West,Office Supplies,Paper,158.28,1,0.2,3.63
US-04353,2014-11-26,2014-11-27,Corporate,South,Office Supplies,Storage,681.05,2,0.0,36.57
US-00463,2014-11-27,2014-11-30,Corporate,West,Office Supplies,Art,124.64,1,0.0,27.04
US-02304,2014-11-27,2014-11-30,Home Office,Central,Technology,Machines,1788.61,5,0.15,-16.5
US-02620,2014-11-27,2014-11-28,Corporate,Central,Furniture,Tables,1243.14,1,0.0,208.15
US-00438,2014-11-28,2014-12-01,Home Office,West,Office Supplies,Fasteners,20.68,1,0.0,4.79
US-00438,2014-11-28,2014-11-29,Corporate,East,Office Supplies,Storage,99.58,1,0.0,31.3
US-01187,2014-11-28,2014-12-01,Home Office,West,Office Supplies,Binders,10.67,1,0.1,0.18
US-01561,2014-11-28,2014-11-28,Consumer,West,Furniture,Tables,3500.19,3,0.0,1036.16
US-02732,2014-11-28,2014-12-04,Home Office,Central,Furniture,Furnishings,554.59,2,0.0,34.87
US-02763,2014-11-28,2014-12-01,Consumer,South,Office Supplies,Paper,199.51,1,0.0,54.06
US-04089,2014-11-28,2014-11-29,Corporate,South,Furniture,Tables,475.23,1,0.3,35.44
US-04089,2014-11-28,2014-11-29,Consumer,Central,Furniture,Furnishings,189.79,5,0.0,51.72
US-00319,2014-11-29,2014-11-29,Home Office,West,Office Supplies,Binders,44.86,1,0.15,1.93
US-00319,2014-11-29,2014-12-02,Consumer,Central,Office Supplies,Envelopes,7.15,2,0.0,2.09
US-01283,2014-11-29,2014-12-02,Corporate,West,Office Supplies,Art,238.91,1,0.1,21.52
US-01283,2014-11-29,2014-11-30,Consumer,South,Technology,Phones,2192.16,3,0.0,396.95
US-01283,2014-11-29,2014-11-30,Home Office,East,Furniture,Furnishings,62.93,1,0.0,10.82
US-03069,2014-11-29,2014-11-29,Corporate,Central,Office Supplies,Storage,1482.4,5,0.1,75.37
US-03069,2014-11-29,2014-11-29,Corporate,East,Furniture,Tables,305.18,1,0.0,59.22
US-03216,2014-11-29,2014-12-02,Consumer,West,Furniture,Chairs,862.3,2,0.0,125.51
US-03700,2014-11-29,2014-12-01,Corporate,South,Technology,Copiers,308.97,1,0.0,48.34
US-04115,2014-11-29,2014-12-04,Corporate,South,Technology,Phones,1844.52,3,0.0,399.31
US-04115,2014-11-29,2014-12-04,Consumer,West,Technology,Machines,4178.73,5,0.1,1185.93
US-04273,2014-11-30,2014-12-03,Home Office,West,Technology,Accessories,444.47,3,0.2,-59.48
US-01928,2014-12-01,2014-12-06,Consumer,East,Technology,Copiers,1626.69,1,0.0,464.92
US-02587,2014-12-01,2014-12-02,Corporate,West,Office Supplies,Paper,115.85,1,0.15,18.77
US-02587,2014-12-01,2014-12-03,Corporate,South,Technology,Accessories,596.9,3,0.5,-162.81
US-03712,2014-12-02,2014-12-02,Corporate,West,Technology,Phones,963.97,2,0.0,91.04
US-00444,2014-12-03,2014-12-07,Consumer,East,Furniture,Tables,1373.26,1,0.1,230.41
US-00444,2014-12-03,2014-12-07,Corporate,Central,Office Supplies,Paper,147.09,1,0.0,43.85
US-00444,2014-12-03,2014-12-09,Corporate,East,Office Supplies,Paper,357.28,2,0.1,38.76
US-00973,2014-12-03,2014-12-08,Home Office,East,Office Supplies,Art,10.13,1,0.15,-0.08
US-00973,2014-12-03,2014-12-05,Corporate,Central,Furniture,Tables,688.78,1,0.0,218.63
US-01299,2014-12-03,2014-12-05,Consumer,Central,Technology,Machines,303.93,1,0.0,67.82
US-03257,2014-12-03,2014-12-05,Consumer,East,Office Supplies,Binders,30.51,1,0.0,2.61
US-04801,2014-12-03,2014-12-08,Corporate,Central,Furniture,Bookcases,255.98,2,0.2,-11.98
US-00365,2014-12-04,2014-12-04,Consumer,West,Furniture,Bookcases,1140.9,2,0.0,111.04
US-00698,2014-12-04,2014-12-06,Corporate,West,Furniture,Bookcases,635.49,1,0.0,115.6
US-00895,2014-12-04,2014-12-07,Home Office,South,Furniture,Furnishings,429.54,1,0.0,116.5
US-00895,2014-12-04,2014-12-06,Home Office,East,Furniture,Bookcases,694.94,1,0.0,62.58
US-01478,2014-12-04,2014-12-09,Home Office,East,Office Supplies,Supplies,92.74,1,0.3,-13.68
US-01478,2014-12-04,2014-12-10,Home Office,West,Furniture,Tables,1956.87,2,0.0,172.77
US-01478,2014-12-04,2014-12-10,Consumer,Central,Technology,Machines,4135.64,3,0.0,580.58
US-02301,2014-12-04,2014-12-08,Home Office,South,Technology,Accessories,40.15,2,0.0,10.39
US-02301,2014-12-04,2014-12-05,Consumer,South,Office Supplies,Labels,29.1,1,0.15,-1.6
US-02301,2014-12-04,2014-12-06,Corporate,South,Technology,Machines,1460.77,1,0.2,-9.57
US-02554,2014-12-04,2014-12-05,Consumer,South,Office Supplies,Appliances,740.43,1,0.0,239.22
US-02554,2014-12-04,2014-12-08,Corporate,Central,Office Supplies,Storage,396.2,3,0.0,112.01
US-02554,2014-12-04,2014-12-09,Home Office,South,Office Supplies,Labels,109.81,5,0.3,-5.01
US-02494,2014-12-05,2014-12-09,Corporate,East,Furniture,Tables,1285.31,1,0.15,145.27
US-02494,2014-12-05,2014-12-06,Corporate,West,Technology,Accessories,338.73,3,0.0,98.81
US-03574,2014-12-05,2014-12-07,Home Office,South,Office Supplies,Labels,18.13,2,0.0,5.71
US-03855,2014-12-05,2014-12-11,Consumer,West,Office Supplies,Labels,2.97,1,0.0,0.81
US-03855,2014-12-05,2014-12-07,Home Office,East,Office Supplies,Envelopes,93.08,2,0.3,-3.4
US-03861,2014-12-05,2014-12-09,Consumer,South,Furniture,Tables,1067.94,1,0.0,331.05
US-02163,2014-12-06,2014-12-09,Home Office,Central,Furniture,Bookcases,369.87,1,0.1,10.22
US-02163,2014-12-06,2014-12-06,Consumer,Central,Furniture,Bookcases,710.4,5,0.0,194.01
US-03152,2014-12-06,2014-12-12,Consumer,South,Office Supplies,Appliances,677.11,2,0.0,214.15
US-04637,2014-12-06,2014-12-10,Corporate,West,Office Supplies,Paper,160.38,1,0.1,24.6
US-04637,2014-12-06,2014-12-12,Corporate,South,Office Supplies,Paper,43.8,1,0.0,8.19
US-00598,2014-12-07,2014-12-07,Corporate,East,Office Supplies,Envelopes,238.81,5,0.0,12.97
US-00700,2014-12-07,2014-12-11,Home Office,East,Office Supplies,Fasteners,51.03,2,0.0,14.63
US-00700,2014-12-07,2014-12-11,Consumer,West,Office Supplies,Labels,139.65,4,0.15,4.79
US-01059,2014-12-07,2014-12-11,Consumer,South,Furniture,Bookcases,2019.01,4,0.3,6.94
US-01059,2014-12-07,2014-12-10,Home Office,South,Technology,Accessories,1541.21,4,0.0,407.54
US-01457,2014-12-07,2014-12-11,Consumer,Central,Office Supplies,Appliances,876.64,2,0.0,189.5
US-03186,2014-12-07,2014-12-07,Consumer,Central,Furniture,Bookcases,1370.81,2,0.15,-101.28
US-03186,2014-12-07,2014-12-13,Home Office,South,Office Supplies,Envelopes,41.02,1,0.0,11.17
US-03408,2014-12-07,2014-12-11,Corporate,Central,Furniture,Chairs,717.02,1,0.15,139.2
US-00819,2014-12-08,2014-12-13,Home Office,Central,Technology,Copiers,3368.02,5,0.0,444.08
US-04380,2014-12-08,2014-12-11,Corporate,West,Office Supplies,Appliances,885.94,3,0.2,-123.69
US-00349,2014-12-10,2014-12-16,Home Office,Central,Technology,Machines,465.83,2,0.0,30.51
US-01793,2014-12-10,2014-12-12,Consumer,South,Technology,Copiers,2953.55,2,0.0,154.56
US-01793,2014-12-10,2014-12-10,Consumer,East,Furniture,Bookcases,421.8,5,0.0,70.49
US-01839,2014-12-10,2014-12-13,Consumer,East,Technology,Copiers,8807.15,5,0.0,3030.09
US-01839,2014-12-10,2014-12-11,Home Office,South,Office Supplies,Storage,358.75,5,0.15,67.73
US-02310,2014-12-10,2014-12-11,Consumer,East,Office Supplies,Storage,300.53,1,0.4,-92.16
US-02428,2014-12-10,2014-12-13,Corporate,South,Office Supplies,Labels,18.86,1,0.0,1.19
US-03062,2014-12-11,2014-12-13,Corporate,Central,Technology,Phones,3836.6,5,0.0,580.07
US-01331,2014-12-12,2014-12-15,Corporate,Central,Technology,Copiers,679.9,1,0.15,-1.87
US-03732,2014-12-12,2014-12-14,Home Office,South,Office Supplies,Storage,42.06,2,0.2,-1.17
US-04580,2014-12-12,2014-12-15,Home Office,West,Technology,Accessories,871.59,4,0.4,-273.94
US-04580,2014-12-12,2014-12-16,Consumer,West,Office Supplies,Paper,191.19,1,0.1,34.24
US-02924,2014-12-14,2014-12-19,Home Office,West,Office Supplies,Art,788.04,4,0.0,248.7
US-04744,2014-12-14,2014-12-15,Corporate,South,Technology,Copiers,1834.96,2,0.0,487.85
US-04744,2014-12-14,2014-12-20,Home Office,Central,Furniture,Furnishings,476.13,2,0.0,130.03
US-03388,2014-12-15,2014-12-16,Corporate,West,Technology,Accessories,449.36,5,0.2,39.31
US-00945,2014-12-16,2014-12-21,Corporate,Central,Furniture,Furnishings,96.12,1,0.0,25.48
US-02995,2014-12-16,2014-12-19,Home Office,South,Office Supplies,Labels,59.54,5,0.0,13.77
US-02995,2014-12-16,2014-12-19,Consumer,South,Technology,Phones,168.0,2,0.0,46.24
US-04734,2014-12-16,2014-12-22,Corporate,West,Technology,Accessories,1574.72,5,0.0,79.67
US-04768,2014-12-17,2014-12-21,Home Office,East,Technology,Copiers,882.09,1,0.0,260.2
US-04768,2014-12-17,2014-12-19,Consumer,Central,Office Supplies,Paper,38.56,1,0.3,1.32
US-04768,2014-12-17,2014-12-21,Home Office,West,Technology,Phones,2706.37,4,0.0,209.27
US-01343,2014-12-18,2014-12-18,Consumer,West,Furniture,Furnishings,357.0,3,0.0,119.99
US-01343,2014-12-18,2014-12-22,Corporate,Central,Office Supplies,Envelopes,70.59,2,0.1,0.62
US-01350,2014-12-18,2014-12-21,Corporate,East,Office Supplies,Paper,12.96,1,0.0,0.71
US-01350,2014-12-18,2014-12-21,Corporate,East,Technology,Copiers,5642.13,4,0.0,651.68
US-04012,2014-12-18,2014-12-18,Home Office,West,Technology,Phones,2255.2,3,0.0,321.89
US-04997,2014-12-18,2014-12-19,Home Office,West,Technology,Copiers,2539.57,2,0.4,-611.67
US-04997,2014-12-18,2014-12-22,Home Office,South,Office Supplies,Storage,1266.41,4,0.0,251.44
US-04997,2014-12-18,2014-12-21,Home Office,East,Office Supplies,Binders,28.06,1,0.0,9.71
US-00363,2014-12-19,2014-12-23,Consumer,South,Office Supplies,Fasteners,76.46,4,0.0,22.57
US-01061,2014-12-19,2014-12-21,Home Office,Central,Technology,Machines,1006.46,2,0.2,-62.23
US-02881,2014-12-19,2014-12-21,Consumer,East,Office Supplies,Binders,119.19,2,0.0,30.66
US-03830,2014-12-19,2014-12-21,Consumer,Central,Office Supplies,Envelopes,38.39,2,0.0,2.73
US-03830,2014-12-19,2014-12-21,Corporate,West,Office Supplies,Paper,190.94,1,0.1,15.34
US-04623,2014-12-19,2014-12-20,Corporate,Central,Furniture,Bookcases,821.47,2,0.1,30.62
US-00166,2014-12-20,2014-12-22,Consumer,West,Office Supplies,Art,14.0,1,0.3,1.41
US-01606,2014-12-20,2014-12-26,Home Office,West,Office Supplies,Fasteners,58.85,3,0.0,14.36
US-02656,2014-12-21,2014-12-24,Home Office,West,Office Supplies,Supplies,275.24,3,0.15,59.93
US-02656,2014-12-21,2014-12-23,Home Office,Central,Technology,Copiers,818.39,4,0.0,242.11
US-03309,2014-12-21,2014-12-22,Consumer,South,Technology,Machines,748.78,1,0.1,15.54
US-03448,2014-12-21,2014-12-23,Corporate,West,Technology,Phones,2370.64,4,0.4,-429.51
US-03752,2014-12-21,2014-12-21,Home Office,South,Office Supplies,Art,42.25,1,0.0,12.27
US-03892,2014-12-21,2014-12-25,Corporate,Central,Technology,Machines,3931.52,4,0.0,827.35
US-03892,2014-12-21,2014-12-27,Consumer,South,Technology,Phones,391.23,5,0.0,55.91
US-04081,2014-12-21,2014-12-24,Consumer,Central,Furniture,Tables,850.04,3,0.0,211.84
US-04642,2014-12-21,2014-12-23,Home Office,West,Technology,Machines,2940.51,3,0.0,948.18
US-00516,2014-12-22,2014-12-26,Consumer,West,Furniture,Chairs,750.83,2,0.0,82.04
US-00023,2014-12-23,2014-12-26,Corporate,West,Office Supplies,Fasteners,10.51,1,0.15,1.29
US-00023,2014-12-23,2014-12-28,Home Office,South,Furniture,Chairs,3236.82,5,0.15,462.4
US-01450,2014-12-23,2014-12-25,Consumer,South,Office Supplies,Labels,61.03,2,0.0,19.62
US-01483,2014-12-23,2014-12-29,Consumer,Central,Technology,Accessories,123.62,3,0.0,32.89
US-01483,2014-12-23,2014-12-29,Corporate,Central,Furniture,Bookcases,275.5,1,0.4,5.75
US-01483,2014-12-23,2014-12-28,Consumer,East,Furniture,Tables,560.82,1,0.0,195.74
US-01576,2014-12-23,2014-12-24,Corporate,East,Office Supplies,Art,95.7,1,0.1,23.49
US-01576,2014-12-23,2014-12-27,Corporate,South,Office Supplies,Paper,15.17,1,0.0,3.21
US-02238,2014-12-23,2014-12-29,Home Office,South,Office Supplies,Fasteners,23.39,3,0.0,6.25
US-02238,2014-12-23,2014-12-29,Home Office,East,Furniture,Bookcases,87.98,1,0.5,-43.47
US-03017,2014-12-24,2014-12-28,Home Office,East,Furniture,Bookcases,2002.02,3,0.2,380.34
US-03017,2014-12-24,2014-12-30,Corporate,South,Furniture,Bookcases,312.53,2,0.2,2.35
US-04143,2014-12-24,2014-12-25,Home Office,South,Technology,Machines,7062.95,5,0.0,456.39
US-04339,2014-12-24,2014-12-27,Consumer,South,Office Supplies,Paper,155.52,1,0.15,-7.37
US-04339,2014-12-24,2014-12-29,Consumer,West,Office Supplies,Labels,46.44,2,0.0,4.32
US-04339,2014-12-24,2014-12-27,Corporate,South,Furniture,Tables,2270.49,2,0.0,311.55
US-04391,2014-12-24,2014-12-24,Corporate,East,Technology,Machines,804.75,1,0.4,-222.51
US-00124,2014-12-25,2014-12-30,Home Office,South,Office Supplies,Paper,18.91,1,0.1,1.47
US-00124,2014-12-25,2014-12-26,Corporate,South,Furniture,Chairs,392.14,2,0.0,46.12
US-00124,2014-12-25,2014-12-30,Home Office,South,Office Supplies,Appliances,1549.75,2,0.0,190.4
US-02677,2014-12-25,2014-12-28,Consumer,South,Office Supplies,Labels,12.69,1,0.0,1.8
US-02677,2014-12-25,2014-12-27,Home Office,South,Office Supplies,Binders,40.02,1,0.0,14.0
US-02488,2014-12-26,2014-12-30,Home Office,Central,Office Supplies,Fasteners,4.73,1,0.1,0.74
US-03506,2014-12-26,2014-12-29,Corporate,South,Technology,Copiers,525.76,2,0.1,117.87
US-04286,2014-12-26,2014-12-31,Home Office,South,Office Supplies,Supplies,69.29,1,0.1,4.82
US-04286,2014-12-26,2014-12-28,Home Office,East,Office Supplies,Fasteners,100.24,5,0.1,19.6
US-00035,2014-12-27,2014-12-27,Home Office,South,Office Supplies,Fasteners,60.07,4,0.0,8.81
US-00570,2014-12-27,2014-12-31,Home Office,East,Technology,Phones,600.43,1,0.0,62.04
US-00881,2014-12-27,2014-12-27,Corporate,East,Technology,Phones,1003.23,4,0.0,264.61
US-00881,2014-12-27,2014-12-28,Home Office,West,Technology,Copiers,3204.61,2,0.0,332.24
US-01014,2014-12-27,2014-12-28,Consumer,South,Technology,Machines,994.22,1,0.0,52.32
US-01014,2014-12-27,2014-12-29,Corporate,East,Technology,Machines,692.42,4,0.0,210.54
US-01487,2014-12-27,2014-12-29,Home Office,East,Office Supplies,Paper,501.1,5,0.0,58.32
US-04178,2014-12-27,2014-12-27,Home Office,Central,Technology,Copiers,2604.62,4,0.0,668.05
US-04178,2014-12-27,2014-12-31,Consumer,West,Technology,Phones,774.1,2,0.4,-162.68
US-04503,2014-12-27,2014-12-30,Corporate,South,Furniture,Bookcases,235.69,1,0.0,57.19
US-03648,2014-12-28,2014-12-29,Home Office,South,Office Supplies,Art,59.43,1,0.15,11.94
US-04517,2014-12-28,2014-12-30,Corporate,South,Furniture,Chairs,1425.28,4,0.0,179.54
US-01087,2014-12-29,2015-01-01,Corporate,Central,Furniture,Chairs,360.36,1,0.0,54.13
US-02415,2014-12-29,2014-12-31,Corporate,West,Furniture,Bookcases,2360.72,5,0.4,-344.89
US-02415,2014-12-29,2014-12-30,Home Office,East,Office Supplies,Storage,43.98,1,0.0,3.75
US-03360,2014-12-29,2015-01-04,Corporate,Central,Furniture,Bookcases,1240.96,2,0.2,-54.67
US-04097,2014-12-29,2014-12-30,Corporate,Central,Office Supplies,Binders,182.7,2,0.2,14.03
US-01080,2014-12-30,2014-12-31,Home Office,Central,Furniture,Furnishings,22.43,1,0.0,7.48
US-01080,2014-12-30,2015-01-05,Home Office,South,Technology,Machines,474.5,1,0.0,79.17
US-01341,2014-12-30,2014-12-31,Home Office,West,Office Supplies,Supplies,137.85,2,0.0,13.5
US-02266,2014-12-30,2014-12-31,Home Office,South,Office Supplies,Labels,19.81,5,0.0,5.42
US-02266,2014-12-30,2015-01-02,Home Office,East,Office Supplies,Envelopes,28.96,2,0.3,-6.37
US-03598,2014-12-30,2015-01-01,Home Office,West,Technology,Copiers,1435.85,4,0.2,-62.28
US-04421,2014-12-30,2015-01-01,Corporate,South,Furniture,Tables,1422.92,1,0.0,228.6
US-04886,2014-12-30,2015-01-05,Consumer,West,Technology,Copiers,1794.24,4,0.0,170.56
US-04886,2014-12-30,2015-01-02,Corporate,West,Furniture,Bookcases,431.06,1,0.2,-38.88
US-04886,2014-12-30,2014-12-31,Home Office,Central,Furniture,Bookcases,106.45,1,0.0,19.85
US-02524,2014-12-31,2015-01-06,Corporate,West,Office Supplies,Appliances,306.23,1,0.2,18.64
US-02524,2014-12-31,2015-01-06,Consumer,South,Office Supplies,Art,278.01,4,0.1,5.33
US-02314,2015-01-02,2015-01-06,Home Office,South,Technology,Accessories,391.36,1,0.0,101.9
US-02314,2015-01-02,2015-01-04,Corporate,West,Office Supplies,Art,464.2,4,0.0,157.88
US-02751,2015-01-02,2015-01-03,Corporate,East,Office Supplies,Storage,586.07,4,0.0,51.38
US-02751,2015-01-02,2015-01-02,Consumer,East,Technology,Accessories,48.86,1,0.3,-9.78
US-03796,2015-01-02,2015-01-02,Corporate,East,Furniture,Furnishings,172.58,3,0.0,27.01
US-00366,2015-01-03,2015-01-04,Corporate,South,Office Supplies,Fasteners,21.39,1,0.1,2.74
US-01501,2015-01-03,2015-01-05,Home Office,Central,Furniture,Chairs,1159.19,2,0.0,132.9
US-01501,2015-01-03,2015-01-09,Consumer,West,Office Supplies,Art,389.35,4,0.1,100.17
US-01981,2015-01-04,2015-01-06,Consumer,West,Office Supplies,Envelopes,34.09,4,0.1,3.43
US-02519,2015-01-04,2015-01-05,Corporate,East,Furniture,Bookcases,793.05,2,0.15,57.22
US-03371,2015-01-04,2015-01-06,Corporate,East,Furniture,Furnishings,35.35,1,0.0,12.33
US-00213,2015-01-05,2015-01-09,Corporate,East,Office Supplies,Storage,139.1,1,0.0,15.69
US-00427,2015-01-05,2015-01-05,Corporate,East,Office Supplies,Supplies,302.19,5,0.0,66.86
US-00427,2015-01-05,2015-01-09,Home Office,West,Technology,Phones,804.26,1,0.1,142.03
US-02260,2015-01-05,2015-01-07,Consumer,East,Furniture,Tables,2681.39,2,0.0,382.57
US-02260,2015-01-05,2015-01-11,Consumer,West,Technology,Copiers,3325.75,2,0.0,603.01
US-03823,2015-01-05,2015-01-05,Consumer,Central,Office Supplies,Art,220.56,1,0.3,-22.43
US-03003,2015-01-06,2015-01-12,Corporate,West,Technology,Copiers,1196.53,2,0.0,171.74
US-00791,2015-01-07,2015-01-13,Home Office,West,Technology,Phones,332.02,1,0.0,86.42
US-00791,2015-01-07,2015-01-07,Consumer,Central,Furniture,Tables,437.89,1,0.0,78.43
US-00791,2015-01-07,2015-01-09,Consumer,East,Technology,Phones,697.04,2,0.0,129.31
US-01540,2015-01-07,2015-01-13,Corporate,East,Technology,Copiers,3355.02,2,0.0,336.99
US-03728,2015-01-07,2015-01-11,Corporate,East,Office Supplies,Binders,80.75,1,0.0,12.97
US-00817,2015-01-08,2015-01-10,Corporate,Central,Furniture,Bookcases,3145.37,5,0.3,-338.67
US-01038,2015-01-08,2015-01-10,Home Office,South,Technology,Accessories,283.78,1,0.1,27.73
US-01038,2015-01-08,2015-01-08,Consumer,Central,Office Supplies,Paper,96.08,1,0.0,5.14
US-01696,2015-01-08,2015-01-14,Consumer,East,Office Supplies,Paper,543.43,5,0.15,28.42
US-01696,2015-01-08,2015-01-14,Corporate,South,Furniture,Tables,1949.97,2,0.15,-44.44
US-00088,2015-01-09,2015-01-11,Home Office,South,Office Supplies,Art,20.73,1,0.15,4.3
US-00431,2015-01-09,2015-01-13,Consumer,South,Office Supplies,Appliances,703.87,1,0.0,131.27
US-00581,2015-01-09,2015-01-09,Home Office,Central,Furniture,Chairs,1223.81,3,0.0,297.94
US-01520,2015-01-09,2015-01-14,Home Office,West,Technology,Accessories,306.49,1,0.1,0.77
US-01520,2015-01-09,2015-01-11,Corporate,West,Technology,Copiers,1572.07,1,0.15,223.78
US-01520,2015-01-09,2015-01-10,Consumer,West,Technology,Accessories,659.27,4,0.0,34.73
US-02027,2015-01-09,2015-01-15,Corporate,West,Furniture,Chairs,3112.32,5,0.2,115.23
US-02027,2015-01-09,2015-01-15,Home Office,South,Office Supplies,Art,634.54,4,0.15,-51.24
US-03312,2015-01-09,2015-01-15,Home Office,East,Technology,Accessories,298.01,2,0.0,77.79
US-04027,2015-01-10,2015-01-11,Corporate,South,Furniture,Chairs,1153.47,2,0.5,-423.33
US-04027,2015-01-10,2015-01-10,Corporate,South,Furniture,Furnishings,201.94,1,0.2,2.18
US-04027,2015-01-10,2015-01-15,Corporate,South,Technology,Copiers,1121.09,1,0.3,-230.3
US-01552,2015-01-11,2015-01-13,Consumer,West,Office Supplies,Labels,43.79,2,0.0,9.47
US-01552,2015-01-11,2015-01-13,Corporate,South,Technology,Accessories,1172.85,3,0.2,65.56
US-02955,2015-01-11,2015-01-16,Home Office,Central,Furniture,Bookcases,143.37,1,0.0,7.17
US-02955,2015-01-11,2015-01-15,Consumer,Central,Technology,Copiers,514.61,1,0.15,21.07
US-04130,2015-01-11,2015-01-14,Consumer,Central,Office Supplies,Envelopes,24.73,2,0.1,5.48
US-00639,2015-01-12,2015-01-18,Corporate,South,Office Supplies,Supplies,173.27,2,0.0,41.73
US-01351,2015-01-12,2015-01-17,Home Office,South,Office Supplies,Labels,36.2,1,0.0,9.92
US-01351,2015-01-12,2015-01-13,Home Office,Central,Technology,Copiers,1173.82,2,0.0,389.28
US-02156,2015-01-12,2015-01-17,Corporate,West,Office Supplies,Binders,74.57,1,0.0,16.88
US-02389,2015-01-12,2015-01-16,Corporate,East,Technology,Phones,620.51,1,0.0,37.52
US-02389,2015-01-12,2015-01-17,Consumer,Central,Office Supplies,Supplies,286.56,4,0.15,51.08
US-02733,2015-01-12,2015-01-17,Corporate,West,Furniture,Tables,2948.13,2,0.0,166.34
US-04119,2015-01-12,2015-01-15,Corporate,East,Furniture,Chairs,738.96,3,0.5,-4.21
US-04119,2015-01-12,2015-01-18,Home Office,South,Technology,Accessories,147.96,1,0.4,-38.26
US-04119,2015-01-12,2015-01-15,Corporate,West,Office Supplies,Labels,61.09,2,0.0,4.89
US-04461,2015-01-12,2015-01-14,Corporate,East,Office Supplies,Art,741.24,4,0.0,71.47
US-04109,2015-01-13,2015-01-14,Corporate,West,Office Supplies,Labels,33.28,1,0.0,8.65
US-04413,2015-01-13,2015-01-17,Corporate,South,Office Supplies,Binders,28.78,2,0.15,2.02
US-00375,2015-01-14,2015-01-18,Home Office,South,Office Supplies,Labels,28.75,1,0.1,1.93
US-00375,2015-01-14,2015-01-19,Corporate,East,Technology,Phones,719.54,1,0.3,78.59
US-01207,2015-01-14,2015-01-17,Home Office,South,Office Supplies,Art,236.04,3,0.0,80.48
US-02119,2015-01-14,2015-01-20,Consumer,West,Office Supplies,Binders,22.66,3,0.0,4.57
US-02119,2015-01-14,2015-01-18,Consumer,East,Furniture,Furnishings,358.71,1,0.15,31.74
US-01680,2015-01-15,2015-01-15,Consumer,West,Office Supplies,Storage,254.27,2,0.0,55.5
US-01680,2015-01-15,2015-01-18,Consumer,East,Furniture,Chairs,2147.03,3,0.0,298.89
US-03364,2015-01-15,2015-01-15,Consumer,Central,Technology,Accessories,1408.08,4,0.0,457.17
US-04049,2015-01-15,2015-01-20,Consumer,Central,Office Supplies,Art,263.01,1,0.2,16.13
US-00799,2015-01-16,2015-01-21,Consumer,East,Office Supplies,Labels,41.64,2,0.1,-0.55
US-01294,2015-01-16,2015-01-17,Consumer,South,Furniture,Furnishings,219.98,1,0.0,54.07
US-01294,2015-01-16,2015-01-21,Home Office,East,Technology,Accessories,377.8,1,0.0,123.26
US-03204,2015-01-16,2015-01-21,Consumer,Central,Office Supplies,Paper,147.07,1,0.0,25.93
US-01554,2015-01-17,2015-01-17,Corporate,South,Furniture,Bookcases,407.75,2,0.0,142.43
US-00557,2015-01-18,2015-01-23,Corporate,East,Technology,Accessories,539.74,2,0.0,153.73
US-00557,2015-01-18,2015-01-21,Consumer,East,Furniture,Chairs,229.74,1,0.0,79.75
US-02315,2015-01-18,2015-01-18,Corporate,South,Technology,Phones,302.12,1,0.0,52.15
US-02581,2015-01-19,2015-01-23,Consumer,West,Office Supplies,Envelopes,59.57,2,0.3,-11.55
US-02581,2015-01-19,2015-01-24,Consumer,East,Office Supplies,Appliances,2738.32,4,0.0,508.5
US-02581,2015-01-19,2015-01-23,Corporate,South,Technology,Machines,2364.74,2,0.0,130.84
US-03247,2015-01-19,2015-01-22,Home Office,East,Furniture,Bookcases,321.1,1,0.15,-9.9
US-04314,2015-01-19,2015-01-21,Consumer,East,Furniture,Furnishings,82.92,1,0.0,24.11
US-02231,2015-01-20,2015-01-21,Corporate,West,Technology,Machines,839.53,1,0.1,9.41
US-03458,2015-01-20,2015-01-22,Consumer,South,Office Supplies,Labels,70.62,2,0.0,13.37
US-03458,2015-01-20,2015-01-24,Home Office,South,Furniture,Bookcases,644.51,2,0.0,65.11
US-03458,2015-01-20,2015-01-20,Consumer,East,Technology,Machines,1442.33,4,0.15,14.42
US-00707,2015-01-21,2015-01-27,Consumer,Central,Technology,Copiers,1333.67,2,0.0,208.78
US-00798,2015-01-21,2015-01-22,Home Office,East,Office Supplies,Fasteners,59.84,3,0.0,3.84
US-00798,2015-01-21,2015-01-22,Home Office,South,Furniture,Bookcases,1075.79,2,0.0,173.47
US-00854,2015-01-21,2015-01-27,Consumer,South,Office Supplies,Supplies,18.71,1,0.4,-3.58
US-00854,2015-01-21,2015-01-21,Consumer,West,Technology,Accessories,16.33,1,0.0,4.87
US-02401,2015-01-21,2015-01-22,Home Office,East,Technology,Accessories,266.06,1,0.0,21.71
US-03658,2015-01-21,2015-01-26,Corporate,West,Office Supplies,Labels,42.32,4,0.0,10.35
US-03658,2015-01-21,2015-01-22,Home Office,Central,Office Supplies,Art,416.49,5,0.1,18.19
US-03658,2015-01-21,2015-01-21,Corporate,West,Furniture,Furnishings,48.93,2,0.0,14.42
US-03825,2015-01-21,2015-01-22,Home Office,South,Furniture,Bookcases,589.6,1,0.0,163.58
US-03825,2015-01-21,2015-01-27,Home Office,West,Furniture,Tables,909.28,1,0.0,132.15
US-04331,2015-01-21,2015-01-27,Consumer,South,Office Supplies,Binders,12.84,2,0.15,1.74
US-04331,2015-01-21,2015-01-24,Consumer,East,Furniture,Furnishings,340.39,1,0.0,30.83
US-02236,2015-01-22,2015-01-26,Consumer,Central,Furniture,Tables,837.43,1,0.1,27.76
US-03760,2015-01-22,2015-01-26,Home Office,East,Furniture,Chairs,3058.42,4,0.0,952.11
US-03760,2015-01-22,2015-01-23,Corporate,Central,Technology,Accessories,321.49,2,0.0,47.7
US-00261,2015-01-23,2015-01-23,Home Office,West,Technology,Accessories,212.71,1,0.0,61.96
US-00908,2015-01-23,2015-01-24,Home Office,West,Furniture,Furnishings,914.48,2,0.4,-180.93
US-03670,2015-01-23,2015-01-24,Consumer,West,Office Supplies,Binders,409.89,5,0.1,16.56
US-03446,2015-01-24,2015-01-26,Consumer,West,Technology,Accessories,615.8,2,0.1,1.48
US-03446,2015-01-24,2015-01-26,Home Office,East,Furniture,Bookcases,527.06,2,0.0,117.19
US-03584,2015-01-24,2015-01-27,Corporate,East,Office Supplies,Binders,57.65,3,0.0,19.41
US-04363,2015-01-24,2015-01-27,Home Office,Central,Office Supplies,Supplies,165.27,2,0.1,-4.1
US-01130,2015-01-25,2015-01-31,Consumer,Central,Office Supplies,Binders,79.08,2,0.1,16.62
US-01130,2015-01-25,2015-01-25,Consumer,South,Furniture,Chairs,751.7,2,0.5,-68.56
US-01612,2015-01-25,2015-01-27,Corporate,West,Furniture,Tables,4352.98,3,0.0,825.84
US-03176,2015-01-25,2015-01-26,Corporate,West,Technology,Machines,2759.97,2,0.15,-197.9
US-02165,2015-01-26,2015-01-30,Home Office,West,Technology,Phones,1467.65,2,0.15,-95.89
US-03290,2015-01-26,2015-01-26,Consumer,West,Office Supplies,Paper,100.0,1,0.4,-20.31
US-03852,2015-01-26,2015-01-30,Consumer,South,Furniture,Bookcases,413.21,1,0.1,5.54
US-00701,2015-01-27,2015-01-29,Home Office,West,Furniture,Chairs,204.92,1,0.0,46.28
US-03551,2015-01-27,2015-01-31,Corporate,West,Technology,Accessories,686.7,2,0.0,127.95
US-03551,2015-01-27,2015-01-30,Corporate,East,Technology,Phones,517.26,3,0.3,18.03
US-03787,2015-01-28,2015-01-29,Corporate,East,Furniture,Bookcases,2151.92,4,0.0,334.14
US-03787,2015-01-28,2015-01-31,Consumer,East,Technology,Accessories,373.3,1,0.2,68.14
US-03787,2015-01-28,2015-01-29,Corporate,Central,Office Supplies,Binders,56.26,1,0.4,-9.27
US-01172,2015-01-29,2015-01-31,Home Office,East,Office Supplies,Appliances,177.84,1,0.0,55.69
US-02778,2015-01-29,2015-01-31,Home Office,East,Office Supplies,Fasteners,29.98,1,0.1,-1.86
US-02833,2015-01-29,2015-02-04,Home Office,West,Office Supplies,Binders,98.2,1,0.1,8.13
US-02833,2015-01-29,2015-01-29,Corporate,Central,Furniture,Furnishings,81.72,1,0.2,14.88
US-03695,2015-01-29,2015-02-03,Consumer,East,Furniture,Chairs,598.3,5,0.5,-227.85
US-03695,2015-01-29,2015-02-03,Home Office,West,Technology,Accessories,279.21,5,0.0,59.42
US-03769,2015-01-29,2015-02-02,Corporate,South,Office Supplies,Supplies,39.26,1,0.0,9.0
US-04397,2015-01-29,2015-01-30,Home Office,East,Office Supplies,Storage,323.27,1,0.0,47.4
US-00696,2015-01-30,2015-01-31,Home Office,Central,Technology,Phones,1086.55,3,0.4,-175.28
US-00696,2015-01-30,2015-02-05,Consumer,East,Technology,Copiers,703.97,1,0.0,203.49
US-01406,2015-01-30,2015-01-30,Consumer,West,Office Supplies,Supplies,345.4,4,0.0,38.13
US-01406,2015-01-30,2015-02-01,Home Office,East,Office Supplies,Appliances,345.4,1,0.0,27.52
US-02576,2015-01-30,2015-02-05,Corporate,Central,Office Supplies,Storage,51.76,1,0.0,10.66
US-02576,2015-01-30,2015-01-30,Consumer,East,Office Supplies,Binders,30.54,3,0.3,-3.66
US-02695,2015-01-30,2015-02-03,Consumer,South,Technology,Accessories,164.88,4,0.0,12.72
US-02695,2015-01-30,2015-01-30,Corporate,Central,Office Supplies,Appliances,222.55,3,0.2,28.02
US-02695,2015-01-30,2015-02-05,Corporate,East,Furniture,Bookcases,1274.57,3,0.0,251.37
US-02701,2015-01-30,2015-01-31,Home Office,East,Office Supplies,Labels,21.64,4,0.0,3.6
US-03262,2015-01-30,2015-02-03,Corporate,Central,Furniture,Furnishings,1031.59,5,0.0,84.2
US-03450,2015-01-30,2015-02-02,Corporate,South,Office Supplies,Binders,32.21,4,0.0,7.64
US-03450,2015-01-30,2015-02-05,Corporate,Central,Technology,Machines,5174.78,5,0.0,361.8
US-02485,2015-01-31,2015-02-02,Home Office,Central,Office Supplies,Paper,56.5,4,0.0,5.77
US-02839,2015-01-31,2015-02-05,Home Office,East,Office Supplies,Storage,372.08,2,0.0,113.68
US-04230,2015-01-31,2015-02-02,Corporate,South,Technology,Phones,212.03,1,0.0,36.65
US-00324,2015-02-01,2015-02-03,Corporate,West,Technology,Accessories,297.61,1,0.1,36.07
US-00368,2015-02-01,2015-02-02,Home Office,South,Technology,Copiers,1095.53,1,0.3,-175.58
US-01634,2015-02-01,2015-02-06,Home Office,West,Office Supplies,Storage,303.39,1,0.0,27.83
US-03485,2015-02-01,2015-02-04,Consumer,Central,Technology,Machines,927.29,5,0.0,306.22
US-03485,2015-02-01,2015-02-03,Consumer,East,Office Supplies,Appliances,847.8,2,0.0,278.37
US-04175,2015-02-01,2015-02-03,Consumer,West,Office Supplies,Paper,389.59,2,0.2,57.08
US-04175,2015-02-01,2015-02-01,Corporate,West,Office Supplies,Fasteners,50.22,2,0.15,3.84
US-00082,2015-02-02,2015-02-06,Corporate,Central,Furniture,Tables,2423.12,2,0.0,238.96
US-04911,2015-02-02,2015-02-05,Consumer,West,Office Supplies,Art,754.17,3,0.3,-136.64
US-00503,2015-02-03,2015-02-03,Corporate,West,Furniture,Bookcases,519.64,1,0.1,55.59
US-00954,2015-02-03,2015-02-03,Consumer,East,Technology,Copiers,664.61,2,0.0,116.63
US-00954,2015-02-03,2015-02-04,Consumer,South,Office Supplies,Fasteners,28.34,1,0.0,1.6
US-00954,2015-02-03,2015-02-06,Corporate,South,Furniture,Tables,4368.52,3,0.0,344.22
US-01787,2015-02-04,2015-02-08,Home Office,Central,Technology,Copiers,2611.38,3,0.1,-40.67
US-03016,2015-02-04,2015-02-10,Corporate,South,Office Supplies,Appliances,599.12,3,0.3,-93.96
US-04860,2015-02-04,2015-02-08,Consumer,South,Furniture,Chairs,408.19,1,0.0,119.31
US-04860,2015-02-04,2015-02-09,Corporate,East,Furniture,Tables,1224.11,2,0.2,178.67
US-00646,2015-02-05,2015-02-05,Home Office,Central,Technology,Phones,725.02,3,0.0,151.21
US-02849,2015-02-05,2015-02-07,Consumer,East,Office Supplies,Storage,169.41,4,0.0,56.55
US-02849,2015-02-05,2015-02-10,Corporate,East,Technology,Accessories,239.51,3,0.4,-44.57
US-03143,2015-02-05,2015-02-10,Corporate,South,Office Supplies,Fasteners,28.48,1,0.15,5.26
US-01446,2015-02-06,2015-02-11,Consumer,East,Technology,Accessories,86.14,1,0.0,26.9
US-01628,2015-02-06,2015-02-07,Corporate,South,Office Supplies,Art,64.83,1,0.1,14.46
US-01628,2015-02-06,2015-02-06,Home Office,South,Technology,Machines,1155.16,1,0.15,-82.13
US-01764,2015-02-06,2015-02-11,Corporate,South,Office Supplies,Supplies,432.47,5,0.0,102.29
US-01764,2015-02-06,2015-02-12,Corporate,West,Office Supplies,Supplies,29.77,1,0.3,-4.42
US-01764,2015-02-06,2015-02-09,Home Office,South,Technology,Phones,424.27,1,0.0,67.52
US-04716,2015-02-06,2015-02-07,Corporate,Central,Office Supplies,Envelopes,46.87,1,0.0,4.83
US-04716,2015-02-06,2015-02-06,Consumer,Central,Furniture,Furnishings,480.44,1,0.0,87.98
US-04747,2015-02-06,2015-02-08,Consumer,East,Technology,Accessories,320.45,5,0.0,67.78
US-04747,2015-02-06,2015-02-11,Corporate,South,Furniture,Tables,4136.89,5,0.0,842.44
US-01332,2015-02-07,2015-02-11,Home Office,Central,Furniture,Tables,2349.68,3,0.0,370.5
US-01332,2015-02-07,2015-02-10,Corporate,East,Furniture,Chairs,738.67,2,0.0,140.56
US-02756,2015-02-07,2015-02-09,Consumer,Central,Technology,Phones,1218.02,3,0.5,-94.08
US-02756,2015-02-07,2015-02-11,Consumer,Central,Office Supplies,Paper,122.11,1,0.15,6.01
US-03406,2015-02-07,2015-02-10,Home Office,West,Office Supplies,Envelopes,86.05,2,0.3,1.02
US-01058,2015-02-08,2015-02-12,Consumer,East,Office Supplies,Art,283.89,1,0.15,8.07
US-01058,2015-02-08,2015-02-13,Home Office,West,Office Supplies,Storage,765.14,4,0.0,85.61
US-02050,2015-02-08,2015-02-11,Home Office,West,Furniture,Furnishings,87.43,1,0.4,6.22
US-03391,2015-02-08,2015-02-08,Consumer,East,Technology,Accessories,551.93,3,0.0,184.06
US-03841,2015-02-08,2015-02-14,Corporate,East,Furniture,Furnishings,422.15,1,0.0,60.52
US-03912,2015-02-09,2015-02-11,Corporate,South,Technology,Accessories,286.16,1,0.3,27.89
US-03912,2015-02-09,2015-02-14,Corporate,West,Technology,Phones,137.23,1,0.0,44.7
US-03912,2015-02-09,2015-02-09,Consumer,Central,Office Supplies,Storage,46.79,1,0.3,-3.05
US-04687,2015-02-09,2015-02-09,Corporate,South,Furniture,Chairs,2112.82,5,0.0,212.55
US-04687,2015-02-09,2015-02-12,Consumer,Central,Technology,Copiers,6758.07,4,0.0,733.61
US-00335,2015-02-10,2015-02-12,Consumer,South,Office Supplies,Supplies,58.94,1,0.2,8.6
US-00421,2015-02-11,2015-02-15,Consumer,South,Technology,Copiers,2624.81,2,0.0,885.64
US-00421,2015-02-11,2015-02-13,Corporate,South,Technology,Phones,452.21,3,0.0,139.54
US-00421,2015-02-11,2015-02-14,Consumer,South,Office Supplies,Paper,345.41,2,0.5,-121.63
US-02811,2015-02-11,2015-02-12,Corporate,West,Office Supplies,Paper,547.02,5,0.0,114.5
US-02811,2015-02-11,2015-02-12,Corporate,East,Office Supplies,Paper,89.66,2,0.3,7.83
US-03367,2015-02-11,2015-02-13,Corporate,South,Furniture,Furnishings,598.23,2,0.0,143.82
US-03367,2015-02-11,2015-02-17,Home Office,West,Technology,Copiers,682.17,1,0.0,160.9
US-03517,2015-02-11,2015-02-13,Consumer,Central,Office Supplies,Paper,146.69,1,0.0,25.56
US-03517,2015-02-11,2015-02-15,Consumer,Central,Office Supplies,Paper,223.66,2,0.1,-10.17
US-03890,2015-02-11,2015-02-16,Corporate,South,Office Supplies,Supplies,57.34,1,0.0,13.78
US-04124,2015-02-11,2015-02-17,Home Office,West,Technology,Accessories,126.96,1,0.0,41.51
US-04891,2015-02-11,2015-02-15,Consumer,Central,Technology,Phones,1374.42,2,0.0,453.26
US-04891,2015-02-11,2015-02-12,Corporate,East,Office Supplies,Fasteners,41.19,2,0.0,6.22
US-03193,2015-02-12,2015-02-17,Consumer,Central,Office Supplies,Supplies,209.49,4,0.15,14.69
US-03193,2015-02-12,2015-02-12,Corporate,East,Office Supplies,Fasteners,148.79,5,0.0,15.69
US-03542,2015-02-12,2015-02-12,Consumer,Central,Office Supplies,Binders,40.03,1,0.5,-12.71
US-04563,2015-02-12,2015-02-15,Consumer,West,Furniture,Furnishings,161.99,2,0.3,4.48
US-04563,2015-02-12,2015-02-17,Consumer,West,Technology,Machines,1825.94,3,0.0,471.45
US-00558,2015-02-13,2015-02-13,Corporate,South,Technology,Accessories,644.22,3,0.5,-182.05
US-04252,2015-02-13,2015-02-16,Consumer,Central,Office Supplies,Labels,14.17,2,0.0,2.45
US-04473,2015-02-13,2015-02-16,Consumer,South,Office Supplies,Labels,9.8,3,0.0,1.33
US-04473,2015-02-13,2015-02-15,Consumer,West,Furniture,Bookcases,127.95,1,0.0,20.21
US-00371,2015-02-14,2015-02-15,Consumer,South,Furniture,Chairs,492.97,1,0.0,56.62
US-00371,2015-02-14,2015-02-14,Corporate,East,Furniture,Chairs,2638.48,5,0.0,232.62
US-01978,2015-02-14,2015-02-20,Corporate,Central,Office Supplies,Appliances,1439.43,4,0.2,-130.05
US-03741,2015-02-14,2015-02-20,Home Office,West,Technology,Copiers,3288.24,5,0.0,188.81
US-03741,2015-02-14,2015-02-18,Corporate,South,Technology,Copiers,3356.79,2,0.2,-184.7
US-00173,2015-02-15,2015-02-19,Home Office,East,Technology,Machines,1552.6,2,0.0,437.5
US-00357,2015-02-15,2015-02-18,Home Office,South,Office Supplies,Binders,30.6,2,0.0,7.17
US-00805,2015-02-15,2015-02-20,Corporate,South,Office Supplies,Appliances,139.42,1,0.0,14.67
US-01957,2015-02-15,2015-02-16,Home Office,South,Office Supplies,Appliances,682.63,1,0.2,-34.51
US-02319,2015-02-16,2015-02-22,Home Office,Central,Furniture,Furnishings,498.33,4,0.0,144.91
US-02319,2015-02-16,2015-02-18,Home Office,West,Technology,Machines,2106.4,2,0.0,539.9
US-03384,2015-02-16,2015-02-20,Corporate,West,Office Supplies,Labels,76.68,2,0.0,25.31
US-04219,2015-02-16,2015-02-18,Corporate,East,Office Supplies,Binders,175.52,4,0.0,24.55
US-04219,2015-02-16,2015-02-20,Corporate,Central,Technology,Accessories,566.17,4,0.3,45.88
US-04219,2015-02-16,2015-02-20,Corporate,East,Technology,Phones,2592.85,5,0.0,717.08
US-01146,2015-02-17,2015-02-18,Corporate,West,Furniture,Furnishings,143.33,1,0.0,17.67
US-02017,2015-02-17,2015-02-18,Corporate,Central,Furniture,Tables,1726.5,2,0.0,321.31
US-04229,2015-02-17,2015-02-20,Corporate,East,Technology,Copiers,567.32,1,0.0,135.46
US-04557,2015-02-17,2015-02-19,Consumer,South,Furniture,Furnishings,1376.41,3,0.1,337.94
US-04557,2015-02-17,2015-02-21,Consumer,East,Technology,Accessories,279.98,1,0.2,-14.07
US-04557,2015-02-17,2015-02-19,Consumer,West,Technology,Accessories,1140.21,4,0.1,45.55
US-02268,2015-02-19,2015-02-20,Home Office,East,Office Supplies,Fasteners,14.99,1,0.1,2.95
US-02268,2015-02-19,2015-02-20,Home Office,South,Office Supplies,Supplies,120.2,2,0.15,5.23
US-01281,2015-02-20,2015-02-23,Corporate,South,Office Supplies,Paper,103.18,1,0.0,15.65
US-02615,2015-02-20,2015-02-23,Corporate,West,Technology,Copiers,1059.97,1,0.2,-39.28
US-03475,2015-02-20,2015-02-20,Home Office,West,Office Supplies,Supplies,107.52,3,0.4,-38.76
US-04117,2015-02-20,2015-02-22,Home Office,West,Technology,Machines,2971.06,4,0.1,-88.65
US-04249,2015-02-20,2015-02-22,Corporate,West,Technology,Accessories,159.73,1,0.0,40.22
US-04249,2015-02-20,2015-02-23,Corporate,East,Furniture,Tables,1901.39,4,0.5,-683.87
US-01695,2015-02-21,2015-02-25,Home Office,South,Furniture,Furnishings,273.64,1,0.0,82.87
US-00308,2015-02-22,2015-02-27,Home Office,South,Furniture,Furnishings,1595.3,5,0.1,277.77
US-00907,2015-02-22,2015-02-28,Consumer,Central,Office Supplies,Labels,27.52,2,0.0,1.94
US-00907,2015-02-22,2015-02-25,Consumer,West,Technology,Accessories,941.04,3,0.4,101.44
US-00907,2015-02-22,2015-02-23,Home Office,West,Furniture,Tables,1651.23,2,0.15,119.24
US-02007,2015-02-22,2015-02-25,Corporate,Central,Furniture,Tables,844.5,1,0.3,56.85
US-02007,2015-02-22,2015-02-28,Home Office,South,Office Supplies,Labels,81.54,3,0.1,17.22
US-03340,2015-02-22,2015-02-22,Consumer,East,Technology,Phones,1005.44,3,0.4,-161.07
US-04927,2015-02-22,2015-02-22,Consumer,South,Technology,Phones,637.28,2,0.0,118.21
US-04079,2015-02-23,2015-03-01,Consumer,East,Office Supplies,Paper,45.6,1,0.2,3.83
US-04079,2015-02-23,2015-02-27,Consumer,South,Technology,Copiers,1018.83,2,0.0,308.34
US-04877,2015-02-23,2015-02-27,Consumer,West,Technology,Accessories,615.93,2,0.1,137.41
US-04877,2015-02-23,2015-02-26,Corporate,Central,Office Supplies,Storage,31.61,1,0.0,1.86
US-00873,2015-02-24,2015-02-28,Consumer,West,Technology,Accessories,283.33,2,0.0,50.7
US-00873,2015-02-24,2015-03-02,Home Office,Central,Office Supplies,Fasteners,25.54,1,0.0,3.7
US-01782,2015-02-24,2015-02-27,Home Office,East,Furniture,Tables,2608.49,2,0.2,-194.64
US-02233,2015-02-24,2015-02-24,Consumer,Central,Furniture,Chairs,1986.42,3,0.0,178.67
US-04318,2015-02-24,2015-02-26,Home Office,Central,Furniture,Tables,231.26,1,0.0,28.44
US-04318,2015-02-24,2015-02-26,Corporate,East,Technology,Accessories,965.5,3,0.15,45.94
US-00398,2015-02-25,2015-02-27,Consumer,Central,Furniture,Chairs,81.65,1,0.15,-0.22
US-00398,2015-02-25,2015-02-27,Home Office,West,Technology,Copiers,756.78,2,0.0,87.1
US-00398,2015-02-25,2015-02-26,Home Office,West,Technology,Accessories,1852.25,5,0.2,-9.86
US-03928,2015-02-25,2015-03-02,Consumer,South,Furniture,Bookcases,472.7,1,0.0,160.46
US-04890,2015-02-25,2015-02-28,Home Office,West,Technology,Copiers,1960.19,1,0.3,40.85
US-00456,2015-02-26,2015-03-01,Consumer,Central,Technology,Phones,391.53,1,0.2,-40.8
US-00757,2015-02-26,2015-03-01,Consumer,East,Office Supplies,Art,313.89,2,0.0,31.03
US-03403,2015-02-26,2015-03-04,Corporate,East,Technology,Copiers,1983.99,5,0.0,572.97
US-03762,2015-02-26,2015-02-27,Corporate,East,Technology,Accessories,1152.96,5,0.1,29.57
US-04477,2015-02-27,2015-02-27,Consumer,Central,Technology,Accessories,68.15,1,0.0,16.1
US-00206,2015-02-28,2015-03-01,Home Office,West,Technology,Phones,3924.68,5,0.1,521.85
US-00919,2015-02-28,2015-03-01,Home Office,East,Furniture,Chairs,2112.68,5,0.0,265.42
US-00919,2015-02-28,2015-03-01,Home Office,South,Technology,Accessories,214.47,1,0.0,29.2
US-01648,2015-02-28,2015-03-03,Consumer,West,Furniture,Chairs,353.04,1,0.0,98.0
US-02416,2015-03-01,2015-03-06,Home Office,East,Technology,Phones,869.46,1,0.0,120.87
US-00321,2015-03-02,2015-03-02,Consumer,Central,Technology,Copiers,1064.39,4,0.1,245.36
US-00321,2015-03-02,2015-03-03,Consumer,East,Technology,Phones,1242.55,2,0.1,153.3
US-01614,2015-03-02,2015-03-08,Consumer,West,Office Supplies,Envelopes,80.14,2,0.0,24.47
US-01614,2015-03-02,2015-03-08,Corporate,East,Furniture,Tables,514.82,1,0.0,63.45
US-02891,2015-03-02,2015-03-02,Consumer,East,Furniture,Furnishings,241.96,2,0.0,32.9
US-02950,2015-03-02,2015-03-02,Consumer,Central,Office Supplies,Binders,14.83,1,0.0,3.11
US-02950,2015-03-02,2015-03-04,Corporate,South,Office Supplies,Storage,323.78,4,0.0,51.59
US-01453,2015-03-03,2015-03-06,Consumer,Central,Furniture,Tables,1172.32,1,0.0,378.93
US-02570,2015-03-03,2015-03-09,Home Office,East,Technology,Phones,3262.9,5,0.0,824.39
US-02570,2015-03-03,2015-03-09,Home Office,South,Technology,Phones,319.67,1,0.15,2.94
US-02570,2015-03-03,2015-03-05,Corporate,East,Office Supplies,Supplies,86.63,1,0.0,19.99
US-03459,2015-03-03,2015-03-03,Corporate,East,Furniture,Chairs,2181.14,3,0.0,731.2
US-01303,2015-03-04,2015-03-05,Consumer,Central,Technology,Phones,829.3,1,0.0,69.61
US-01956,2015-03-04,2015-03-07,Consumer,South,Office Supplies,Paper,147.85,2,0.0,27.85
US-01956,2015-03-04,2015-03-04,Corporate,South,Furniture,Chairs,452.83,4,0.0,88.6
US-01956,2015-03-04,2015-03-10,Home Office,West,Furniture,Chairs,2311.05,3,0.15,-124.45
US-02101,2015-03-04,2015-03-06,Corporate,South,Furniture,Chairs,271.5,2,0.2,15.16
US-03099,2015-03-04,2015-03-09,Home Office,West,Furniture,Bookcases,1161.71,2,0.0,72.39
US-03174,2015-03-04,2015-03-08,Home Office,East,Furniture,Furnishings,844.79,4,0.0,88.85
US-01797,2015-03-05,2015-03-11,Corporate,West,Office Supplies,Supplies,97.79,2,0.15,22.16
US-01797,2015-03-05,2015-03-07,Home Office,South,Furniture,Chairs,912.3,3,0.15,-48.78
US-01797,2015-03-05,2015-03-05,Corporate,West,Office Supplies,Envelopes,129.87,5,0.0,45.3
US-03045,2015-03-05,2015-03-10,Corporate,Central,Technology,Machines,2637.25,2,0.0,274.78
US-04551,2015-03-05,2015-03-10,Corporate,Central,Technology,Copiers,5509.79,4,0.0,1782.58
US-04551,2015-03-05,2015-03-10,Consumer,West,Technology,Copiers,3961.51,2,0.1,123.71
US-04551,2015-03-05,2015-03-08,Home Office,Central,Office Supplies,Supplies,74.44,1,0.0,20.23
US-04638,2015-03-05,2015-03-10,Home Office,South,Office Supplies,Art,440.02,4,0.0,121.25
US-00495,2015-03-06,2015-03-09,Home Office,South,Furniture,Tables,642.86,1,0.2,-34.22
US-00495,2015-03-06,2015-03-12,Home Office,West,Technology,Phones,736.99,2,0.0,245.42
US-01270,2015-03-06,2015-03-08,Home Office,South,Furniture,Furnishings,1325.34,3,0.0,442.98
US-03271,2015-03-06,2015-03-09,Home Office,East,Technology,Phones,835.16,5,0.0,181.29
US-03570,2015-03-06,2015-03-08,Corporate,West,Office Supplies,Supplies,208.54,3,0.2,-32.53
US-04361,2015-03-06,2015-03-11,Consumer,East,Furniture,Chairs,673.53,2,0.0,134.06
US-04361,2015-03-06,2015-03-09,Home Office,Central,Technology,Copiers,250.64,1,0.0,81.26
US-00562,2015-03-07,2015-03-13,Consumer,East,Furniture,Bookcases,940.65,2,0.0,320.29
US-00562,2015-03-07,2015-03-11,Consumer,West,Technology,Phones,1701.09,2,0.0,327.05
US-03140,2015-03-07,2015-03-11,Consumer,East,Technology,Accessories,59.77,1,0.0,16.62
US-03141,2015-03-07,2015-03-13,Consumer,West,Office Supplies,Fasteners,31.31,3,0.0,9.01
US-04057,2015-03-07,2015-03-08,Consumer,West,Office Supplies,Paper,225.15,2,0.0,30.1
US-00535,2015-03-08,2015-03-14,Home Office,West,Office Supplies,Envelopes,139.17,3,0.2,17.58
US-02391,2015-03-08,2015-03-08,Home Office,West,Technology,Accessories,1780.7,5,0.4,168.4
US-02391,2015-03-08,2015-03-10,Corporate,West,Technology,Machines,2134.28,2,0.0,171.48
US-02391,2015-03-08,2015-03-11,Consumer,Central,Office Supplies,Paper,93.45,1,0.2,0.06
US-02685,2015-03-08,2015-03-08,Consumer,South,Technology,Machines,906.27,1,0.3,-33.53
US-02685,2015-03-08,2015-03-10,Corporate,East,Office Supplies,Envelopes,142.33,3,0.0,23.7
US-02797,2015-03-08,2015-03-13,Home Office,West,Furniture,Furnishings,535.06,4,0.0,97.77
US-02797,2015-03-08,2015-03-10,Corporate,South,Technology,Accessories,181.17,1,0.4,-13.08
US-04986,2015-03-08,2015-03-09,Corporate,South,Furniture,Furnishings,81.29,1,0.3,6.82
US-01713,2015-03-09,2015-03-12,Consumer,Central,Office Supplies,Storage,1242.93,5,0.3,-167.06
US-01285,2015-03-10,2015-03-10,Home Office,East,Office Supplies,Art,177.59,1,0.2,12.46
US-03256,2015-03-10,2015-03-14,Corporate,East,Office Supplies,Storage,189.99,1,0.15,-13.24
US-03256,2015-03-10,2015-03-13,Consumer,East,Office Supplies,Envelopes,54.84,3,0.1,8.06
US-00910,2015-03-11,2015-03-15,Home Office,West,Technology,Phones,2639.15,3,0.2,318.89
US-00910,2015-03-11,2015-03-16,Corporate,Central,Office Supplies,Paper,47.83,1,0.0,2.44
US-02680,2015-03-11,2015-03-17,Consumer,Central,Furniture,Furnishings,1611.02,5,0.0,481.41
US-03128,2015-03-11,2015-03-14,Home Office,Central,Office Supplies,Storage,340.4,1,0.2,17.35
US-03731,2015-03-11,2015-03-15,Consumer,Central,Furniture,Bookcases,1096.36,2,0.0,282.69
US-03998,2015-03-11,2015-03-12,Home Office,South,Technology,Copiers,4460.03,5,0.1,167.23
US-03998,2015-03-11,2015-03-14,Consumer,Central,Furniture,Furnishings,413.1,1,0.0,132.54
US-04553,2015-03-11,2015-03-11,Home Office,Central,Furniture,Tables,292.82,1,0.1,71.96
US-03178,2015-03-12,2015-03-13,Consumer,Central,Technology,Copiers,5396.71,4,0.15,800.6
US-04364,2015-03-12,2015-03-13,Corporate,South,Technology,Machines,627.61,1,0.4,-121.07
US-04364,2015-03-12,2015-03-16,Corporate,West,Furniture,Bookcases,1726.87,4,0.0,271.82
US-01565,2015-03-13,2015-03-13,Home Office,Central,Office Supplies,Fasteners,26.65,1,0.0,4.53
US-01565,2015-03-13,2015-03-18,Corporate,West,Technology,Accessories,737.37,3,0.0,127.14
US-03504,2015-03-13,2015-03-17,Corporate,Central,Furniture,Bookcases,518.46,3,0.0,158.48
US-01911,2015-03-14,2015-03-16,Home Office,South,Office Supplies,Envelopes,156.41,4,0.15,17.47
US-01911,2015-03-14,2015-03-20,Home Office,Central,Technology,Accessories,161.71,1,0.5,-30.55
US-01911,2015-03-14,2015-03-15,Corporate,West,Office Supplies,Storage,1227.49,5,0.0,148.42
US-03909,2015-03-14,2015-03-17,Consumer,East,Furniture,Bookcases,616.55,1,0.1,16.9
US-04901,2015-03-14,2015-03-17,Consumer,South,Office Supplies,Appliances,75.24,1,0.0,25.21
US-00111,2015-03-15,2015-03-19,Home Office,Central,Technology,Machines,670.64,2,0.0,82.31
US-00111,2015-03-15,2015-03-19,Consumer,West,Technology,Copiers,2831.83,3,0.0,796.4
US-00298,2015-03-15,2015-03-19,Corporate,South,Furniture,Furnishings,234.8,1,0.15,48.68
US-01002,2015-03-15,2015-03-19,Consumer,South,Office Supplies,Binders,242.83,3,0.0,58.79
US-01002,2015-03-15,2015-03-19,Corporate,Central,Technology,Copiers,1464.45,1,0.0,466.22
US-01002,2015-03-15,2015-03-21,Corporate,West,Office Supplies,Fasteners,31.39,2,0.15,6.8
US-01856,2015-03-15,2015-03-21,Home Office,East,Office Supplies,Paper,359.15,2,0.0,37.96
US-04019,2015-03-15,2015-03-18,Consumer,South,Office Supplies,Appliances,251.21,3,0.0,68.75
US-04019,2015-03-15,2015-03-17,Corporate,East,Technology,Accessories,191.41,1,0.3,-15.95
US-04552,2015-03-15,2015-03-16,Corporate,West,Furniture,Chairs,605.98,1,0.0,98.29
US-00183,2015-03-16,2015-03-19,Corporate,South,Office Supplies,Fasteners,26.74,1,0.1,1.42
US-02299,2015-03-16,2015-03-20,Consumer,South,Technology,Copiers,5564.64,4,0.1,348.79
US-02299,2015-03-16,2015-03-20,Home Office,South,Technology,Machines,788.8,2,0.0,56.04
US-01001,2015-03-17,2015-03-21,Home Office,East,Technology,Copiers,9610.22,5,0.0,977.97
US-01558,2015-03-17,2015-03-17,Home Office,West,Technology,Copiers,755.44,1,0.4,-101.82
US-01558,2015-03-17,2015-03-17,Corporate,Central,Technology,Copiers,3437.13,4,0.0,353.03
US-01558,2015-03-17,2015-03-22,Corporate,Central,Technology,Copiers,3161.59,2,0.0,733.22
US-04729,2015-03-17,2015-03-19,Consumer,West,Furniture,Tables,867.19,2,0.0,59.07
US-00275,2015-03-18,2015-03-20,Home Office,West,Office Supplies,Storage,190.94,1,0.0,41.64
US-01488,2015-03-18,2015-03-19,Home Office,East,Technology,Copiers,1100.2,1,0.15,242.7
US-01488,2015-03-18,2015-03-22,Home Office,West,Technology,Accessories,51.43,1,0.0,8.34
US-02269,2015-03-18,2015-03-19,Consumer,Central,Office Supplies,Appliances,528.13,1,0.0,96.74
US-02269,2015-03-18,2015-03-18,Home Office,East,Furniture,Bookcases,1947.49,3,0.0,520.31
US-02269,2015-03-18,2015-03-21,Home Office,East,Office Supplies,Binders,54.76,3,0.0,18.16
US-03047,2015-03-18,2015-03-18,Corporate,West,Office Supplies,Binders,117.61,2,0.0,13.66
US-03888,2015-03-18,2015-03-24,Corporate,East,Furniture,Chairs,310.36,1,0.2,-2.69
US-01621,2015-03-19,2015-03-25,Corporate,South,Office Supplies,Supplies,16.12,2,0.0,1.98
US-01864,2015-03-19,2015-03-23,Corporate,Central,Technology,Accessories,1070.78,3,0.0,336.77
US-01449,2015-03-20,2015-03-23,Corporate,Central,Furniture,Tables,1984.47,2,0.0,256.22
US-01664,2015-03-20,2015-03-20,Corporate,South,Furniture,Furnishings,75.6,2,0.0,22.48
US-03223,2015-03-20,2015-03-22,Home Office,East,Technology,Machines,1271.7,1,0.1,297.12
US-03223,2015-03-20,2015-03-20,Home Office,Central,Furniture,Tables,1416.18,1,0.0,157.69
US-00502,2015-03-21,2015-03-24,Home Office,West,Office Supplies,Paper,199.11,1,0.0,55.74
US-00502,2015-03-21,2015-03-26,Home Office,West,Technology,Copiers,1031.9,1,0.1,204.56
US-02145,2015-03-21,2015-03-26,Home Office,Central,Office Supplies,Binders,66.08,3,0.2,12.56
US-03206,2015-03-21,2015-03-21,Home Office,West,Technology,Accessories,35.17,1,0.3,-3.88
US-02918,2015-03-22,2015-03-22,Home Office,East,Furniture,Tables,4440.34,3,0.5,-1483.93
US-03790,2015-03-22,2015-03-28,Corporate,South,Technology,Machines,2615.44,2,0.0,641.58
US-00917,2015-03-23,2015-03-24,Home Office,West,Technology,Accessories,792.67,3,0.2,-48.23
US-02902,2015-03-23,2015-03-23,Corporate,East,Furniture,Bookcases,1216.36,2,0.0,295.98
US-03058,2015-03-23,2015-03-26,Consumer,East,Office Supplies,Fasteners,34.17,3,0.0,9.25
US-03058,2015-03-23,2015-03-25,Consumer,East,Technology,Copiers,343.52,1,0.0,46.18
US-03058,2015-03-23,2015-03-25,Corporate,South,Technology,Machines,2233.59,2,0.0,479.62
US-03462,2015-03-23,2015-03-27,Home Office,West,Technology,Accessories,657.74,2,0.2,125.13
US-04239,2015-03-24,2015-03-28,Home Office,South,Office Supplies,Fasteners,69.88,4,0.15,12.44
US-04239,2015-03-24,2015-03-27,Corporate,West,Technology,Accessories,526.86,2,0.2,-59.36
US-00584,2015-03-25,2015-03-27,Home Office,South,Furniture,Bookcases,1127.99,3,0.0,185.15
US-00584,2015-03-25,2015-03-26,Corporate,West,Office Supplies,Envelopes,7.91,1,0.15,0.4
US-01574,2015-03-25,2015-03-27,Corporate,South,Office Supplies,Labels,9.88,1,0.0,3.02
US-02458,2015-03-25,2015-03-28,Corporate,Central,Furniture,Furnishings,272.6,4,0.2,-22.8
US-02458,2015-03-25,2015-03-31,Corporate,South,Office Supplies,Paper,278.8,2,0.1,47.57
US-03242,2015-03-25,2015-03-26,Consumer,East,Technology,Accessories,95.13,1,0.4,-12.81
US-03242,2015-03-25,2015-03-30,Corporate,East,Furniture,Tables,271.66,1,0.0,27.77
US-03242,2015-03-25,2015-03-25,Home Office,South,Technology,Machines,886.46,1,0.0,286.73
US-04005,2015-03-25,2015-03-28,Consumer,East,Furniture,Furnishings,485.18,1,0.3,-125.5
US-04005,2015-03-25,2015-03-27,Consumer,South,Furniture,Bookcases,1182.04,5,0.1,181.42
US-04212,2015-03-25,2015-03-30,Home Office,South,Office Supplies,Binders,32.21,1,0.0,7.45
US-04212,2015-03-25,2015-03-29,Home Office,West,Technology,Copiers,7031.6,5,0.1,1719.22
US-00006,2015-03-26,2015-03-29,Home Office,South,Office Supplies,Binders,13.64,1,0.0,3.25
US-04451,2015-03-26,2015-04-01,Home Office,West,Furniture,Chairs,293.22,1,0.0,70.41
US-04451,2015-03-26,2015-03-29,Corporate,South,Office Supplies,Storage,761.78,2,0.4,79.24
US-00510,2015-03-27,2015-03-27,Home Office,Central,Technology,Machines,837.27,4,0.0,234.66
US-00364,2015-03-28,2015-04-01,Corporate,Central,Technology,Copiers,8303.69,5,0.1,240.48
US-00364,2015-03-28,2015-04-02,Consumer,West,Furniture,Furnishings,304.68,1,0.0,28.14
US-01842,2015-03-28,2015-04-03,Consumer,Central,Office Supplies,Binders,330.01,4,0.3,-79.91
US-01842,2015-03-28,2015-03-29,Corporate,Central,Technology,Copiers,3231.81,4,0.0,865.91
US-02579,2015-03-28,2015-04-03,Consumer,Central,Furniture,Tables,949.03,1,0.0,234.48
US-02579,2015-03-28,2015-04-01,Home Office,South,Office Supplies,Storage,276.4,1,0.0,37.46
US-03467,2015-03-28,2015-03-29,Consumer,Central,Technology,Machines,1891.89,2,0.15,44.56
US-04202,2015-03-28,2015-04-01,Home Office,West,Office Supplies,Paper,77.96,1,0.0,20.89
US-04215,2015-03-28,2015-04-03,Home Office,South,Office Supplies,Art,153.11,4,0.0,35.26
US-04506,2015-03-28,2015-04-01,Corporate,West,Office Supplies,Supplies,97.4,1,0.1,-0.7
US-04844,2015-03-28,2015-04-03,Home Office,South,Office Supplies,Fasteners,17.77,4,0.0,3.81
US-01223,2015-03-29,2015-03-29,Consumer,Central,Office Supplies,Labels,60.58,2,0.0,16.15
US-02039,2015-03-29,2015-04-03,Home Office,South,Technology,Phones,1676.5,5,0.15,194.85
US-02651,2015-03-30,2015-04-04,Corporate,South,Office Supplies,Binders,97.04,1,0.0,26.92
US-04565,2015-03-30,2015-04-03,Consumer,East,Furniture,Bookcases,962.31,2,0.15,-110.81
US-01040,2015-03-31,2015-04-06,Home Office,East,Technology,Phones,2287.87,4,0.0,291.84
US-01040,2015-03-31,2015-04-04,Corporate,West,Furniture,Bookcases,466.41,1,0.0,53.33
US-01040,2015-03-31,2015-04-05,Corporate,East,Office Supplies,Envelopes,199.73,4,0.15,-3.0
US-02525,2015-03-31,2015-04-01,Home Office,Central,Office Supplies,Paper,350.46,2,0.0,62.47
US-02996,2015-03-31,2015-04-01,Consumer,West,Technology,Phones,1383.12,4,0.0,436.01
US-02996,2015-03-31,2015-04-02,Home Office,Central,Office Supplies,Art,91.19,1,0.0,14.06
US-02996,2015-03-31,2015-04-02,Home Office,West,Technology,Phones,1296.37,2,0.0,271.42
US-04978,2015-03-31,2015-04-05,Corporate,South,Technology,Phones,721.69,1,0.0,86.3
US-00210,2015-04-01,2015-04-01,Home Office,Central,Office Supplies,Storage,851.12,4,0.2,159.66
US-00210,2015-04-01,2015-04-07,Home Office,East,Furniture,Furnishings,1898.09,4,0.1,96.88
US-00986,2015-04-01,2015-04-05,Home Office,West,Office Supplies,Envelopes,18.99,1,0.0,4.83
US-00986,2015-04-01,2015-04-06,Consumer,Central,Office Supplies,Storage,839.25,5,0.0,280.16
US-02097,2015-04-01,2015-04-07,Corporate,West,Technology,Machines,744.49,1,0.4,-226.69
US-02097,2015-04-01,2015-04-07,Corporate,East,Technology,Phones,155.72,1,0.0,13.94
US-03478,2015-04-01,2015-04-07,Corporate,Central,Office Supplies,Binders,90.7,1,0.4,-2.72
US-04100,2015-04-01,2015-04-05,Home Office,South,Office Supplies,Paper,305.22,2,0.5,-63.99
US-04100,2015-04-01,2015-04-06,Consumer,Central,Furniture,Tables,2735.66,5,0.2,89.12
US-00228,2015-04-02,2015-04-02,Home Office,South,Office Supplies,Labels,29.23,1,0.0,2.32
US-02560,2015-04-02,2015-04-07,Corporate,West,Technology,Machines,2235.15,2,0.0,629.53
US-02585,2015-04-02,2015-04-05,Corporate,West,Office Supplies,Binders,299.9,3,0.5,-75.97
US-02790,2015-04-02,2015-04-06,Home Office,East,Office Supplies,Art,196.17,3,0.5,-24.74
US-03673,2015-04-03,2015-04-05,Corporate,South,Office Supplies,Envelopes,167.2,4,0.0,49.16
US-02024,2015-04-04,2015-04-08,Consumer,South,Office Supplies,Storage,1055.75,4,0.0,220.39
US-02024,2015-04-04,2015-04-10,Corporate,West,Furniture,Bookcases,1158.06,3,0.4,17.78
US-04412,2015-04-04,2015-04-10,Home Office,West,Technology,Accessories,243.63,1,0.0,62.09
US-04454,2015-04-04,2015-04-07,Corporate,East,Office Supplies,Envelopes,89.52,3,0.3,0.6
US-04454,2015-04-04,2015-04-04,Consumer,East,Technology,Copiers,1809.95,1,0.0,383.91
US-04994,2015-04-04,2015-04-10,Home Office,Central,Office Supplies,Fasteners,27.5,2,0.0,9.09
US-00668,2015-04-05,2015-04-08,Home Office,West,Furniture,Tables,2603.75,2,0.0,499.14
US-00668,2015-04-05,2015-04-07,Home Office,Central,Furniture,Chairs,734.19,1,0.15,179.14
US-00668,2015-04-05,2015-04-05,Home Office,East,Office Supplies,Art,695.26,5,0.0,51.38
US-00784,2015-04-05,2015-04-11,Consumer,East,Office Supplies,Envelopes,94.79,4,0.0,13.18
US-02086,2015-04-05,2015-04-09,Corporate,East,Office Supplies,Appliances,499.96,4,0.1,96.07
US-02086,2015-04-05,2015-04-05,Home Office,West,Office Supplies,Fasteners,46.27,2,0.0,13.39
US-02566,2015-04-05,2015-04-11,Corporate,East,Office Supplies,Labels,22.04,1,0.0,5.1
US-00010,2015-04-06,2015-04-06,Home Office,East,Technology,Accessories,239.49,1,0.15,-3.45
US-03441,2015-04-06,2015-04-07,Corporate,East,Technology,Accessories,263.84,1,0.0,38.89
US-04841,2015-04-07,2015-04-08,Consumer,West,Technology,Copiers,1289.63,1,0.0,261.02
US-04841,2015-04-07,2015-04-07,Home Office,South,Office Supplies,Storage,200.06,1,0.0,53.36
US-03493,2015-04-08,2015-04-13,Home Office,East,Furniture,Chairs,252.92,1,0.0,55.54
US-03537,2015-04-08,2015-04-08,Corporate,South,Technology,Accessories,1269.61,4,0.1,231.54
US-03537,2015-04-08,2015-04-08,Consumer,South,Furniture,Chairs,655.81,1,0.1,101.82
US-03537,2015-04-08,2015-04-10,Home Office,East,Furniture,Chairs,2066.53,3,0.2,65.91
US-04657,2015-04-08,2015-04-12,Consumer,East,Furniture,Bookcases,318.45,1,0.1,68.21
US-04795,2015-04-08,2015-04-11,Corporate,Central,Technology,Machines,1487.23,1,0.15,45.15
US-04909,2015-04-08,2015-04-10,Home Office,East,Technology,Copiers,1838.76,1,0.0,541.99
US-00080,2015-04-09,2015-04-09,Consumer,Central,Office Supplies,Binders,85.22,1,0.15,11.31
US-01310,2015-04-09,2015-04-14,Corporate,West,Office Supplies,Fasteners,16.66,2,0.0,3.6
US-01310,2015-04-09,2015-04-10,Consumer,East,Office Supplies,Envelopes,44.13,1,0.0,14.37
US-00396,2015-04-10,2015-04-13,Consumer,West,Furniture,Chairs,1123.07,3,0.0,62.49
US-01491,2015-04-10,2015-04-16,Home Office,East,Technology,Machines,334.57,1,0.4,-28.76
US-01491,2015-04-10,2015-04-15,Corporate,Central,Furniture,Bookcases,627.29,2,0.0,77.48
US-01578,2015-04-10,2015-04-15,Corporate,East,Office Supplies,Art,226.58,1,0.4,-4.52
US-02424,2015-04-10,2015-04-10,Consumer,Central,Technology,Phones,189.22,2,0.0,15.44
US-03510,2015-04-10,2015-04-15,Home Office,East,Office Supplies,Art,139.52,3,0.0,29.65
US-03631,2015-04-10,2015-04-11,Consumer,South,Technology,Phones,2825.54,4,0.0,822.28
US-03877,2015-04-10,2015-04-13,Corporate,East,Furniture,Chairs,432.4,1,0.0,45.7
US-03877,2015-04-10,2015-04-15,Corporate,South,Furniture,Furnishings,322.81,1,0.15,5.18
US-03877,2015-04-10,2015-04-11,Consumer,South,Office Supplies,Art,1425.65,5,0.0,401.68
US-04290,2015-04-10,2015-04-11,Home Office,South,Office Supplies,Fasteners,30.92,2,0.0,2.23
US-01188,2015-04-11,2015-04-16,Home Office,South,Technology,Copiers,5646.86,4,0.0,1662.25
US-01188,2015-04-11,2015-04-12,Home Office,West,Technology,Machines,6712.09,5,0.3,-243.38
US-01188,2015-04-11,2015-04-16,Consumer,South,Furniture,Bookcases,2111.66,5,0.0,722.07
US-03555,2015-04-12,2015-04-15,Consumer,South,Furniture,Chairs,71.92,1,0.0,23.27
US-00737,2015-04-13,2015-04-17,Home Office,West,Office Supplies,Labels,17.14,1,0.0,1.2
US-00737,2015-04-13,2015-04-18,Consumer,West,Office Supplies,Supplies,94.86,2,0.0,27.43
US-00738,2015-04-13,2015-04-13,Consumer,West,Office Supplies,Storage,392.16,1,0.0,107.03
US-00738,2015-04-13,2015-04-17,Home Office,Central,Office Supplies,Binders,10.78,1,0.0,2.42
US-01671,2015-04-13,2015-04-18,Corporate,East,Office Supplies,Paper,84.07,1,0.0,25.64
US-01671,2015-04-13,2015-04-16,Home Office,Central,Furniture,Tables,3359.41,3,0.0,678.51
US-02528,2015-04-13,2015-04-17,Consumer,East,Technology,Accessories,13.06,1,0.2,-0.12
US-02528,2015-04-13,2015-04-16,Consumer,South,Furniture,Chairs,63.01,1,0.0,16.88
US-03960,2015-04-13,2015-04-15,Consumer,Central,Furniture,Chairs,2945.81,4,0.1,773.19
US-04662,2015-04-13,2015-04-18,Corporate,West,Office Supplies,Labels,14.6,5,0.0,1.33
US-04662,2015-04-13,2015-04-15,Home Office,South,Office Supplies,Storage,242.29,1,0.0,81.62
US-00878,2015-04-14,2015-04-20,Corporate,East,Technology,Machines,1510.12,4,0.1,185.78
US-00759,2015-04-15,2015-04-15,Home Office,South,Office Supplies,Art,264.02,1,0.4,-48.15
US-00759,2015-04-15,2015-04-21,Consumer,West,Technology,Copiers,430.31,1,0.1,96.56
US-03786,2015-04-15,2015-04-19,Consumer,West,Technology,Machines,3120.64,3,0.0,736.75
US-00840,2015-04-16,2015-04-20,Corporate,West,Furniture,Bookcases,440.58,1,0.3,-42.04
US-01060,2015-04-16,2015-04-21,Corporate,East,Furniture,Chairs,304.96,1,0.0,18.52
US-01060,2015-04-16,2015-04-22,Home Office,West,Office Supplies,Art,217.4,1,0.0,29.56
US-01163,2015-04-16,2015-04-19,Corporate,South,Technology,Copiers,1043.2,1,0.1,178.55
US-01163,2015-04-16,2015-04-21,Corporate,South,Furniture,Bookcases,336.07,2,0.1,68.29
US-01592,2015-04-16,2015-04-20,Corporate,East,Office Supplies,Appliances,164.17,1,0.0,52.62
US-03375,2015-04-16,2015-04-20,Corporate,West,Technology,Machines,2245.75,4,0.1,516.74
US-03375,2015-04-16,2015-04-18,Corporate,South,Furniture,Tables,2535.68,2,0.0,382.48
US-03420,2015-04-16,2015-04-18,Home Office,East,Furniture,Chairs,1427.37,2,0.0,454.44
US-04062,2015-04-17,2015-04-21,Corporate,East,Office Supplies,Binders,75.46,2,0.15,5.61
US-04062,2015-04-17,2015-04-21,Consumer,West,Office Supplies,Art,212.38,1,0.3,-46.0
US-04684,2015-04-17,2015-04-19,Home Office,South,Technology,Machines,834.73,2,0.0,177.42
US-04684,2015-04-17,2015-04-21,Consumer,West,Technology,Copiers,1069.37,1,0.0,99.72
US-04684,2015-04-17,2015-04-22,Consumer,South,Office Supplies,Fasteners,22.55,1,0.0,6.23
US-02490,2015-04-18,2015-04-20,Corporate,South,Furniture,Bookcases,2069.99,3,0.1,126.19
US-00131,2015-04-19,2015-04-22,Consumer,East,Technology,Copiers,1110.32,1,0.1,174.18
US-00131,2015-04-19,2015-04-25,Consumer,South,Office Supplies,Appliances,58.49,2,0.0,20.08
US-00296,2015-04-19,2015-04-25,Consumer,East,Furniture,Chairs,2409.1,5,0.0,523.84
US-01425,2015-04-19,2015-04-22,Home Office,Central,Technology,Phones,1132.7,2,0.0,299.21
US-01425,2015-04-19,2015-04-22,Home Office,East,Furniture,Tables,1495.51,1,0.0,274.92
US-02876,2015-04-19,2015-04-24,Corporate,South,Furniture,Chairs,376.55,1,0.0,104.2
US-00147,2015-04-20,2015-04-20,Consumer,South,Office Supplies,Binders,127.74,3,0.3,-7.07
US-00147,2015-04-20,2015-04-20,Corporate,West,Office Supplies,Envelopes,90.41,3,0.0,14.44
US-00147,2015-04-20,2015-04-24,Home Office,Central,Technology,Phones,1114.85,2,0.0,172.11
US-00436,2015-04-20,2015-04-20,Consumer,South,Office Supplies,Supplies,119.52,2,0.0,29.22
US-00436,2015-04-20,2015-04-21,Corporate,South,Furniture,Furnishings,29.99,1,0.0,4.59
US-01874,2015-04-20,2015-04-22,Corporate,West,Furniture,Bookcases,812.04,4,0.1,136.04
US-01874,2015-04-20,2015-04-24,Home Office,South,Office Supplies,Labels,31.94,1,0.0,1.66
US-01874,2015-04-20,2015-04-22,Consumer,South,Office Supplies,Binders,393.33,5,0.4,-79.24
US-04222,2015-04-20,2015-04-26,Corporate,East,Furniture,Tables,3121.58,4,0.0,326.32
US-04222,2015-04-20,2015-04-20,Home Office,South,Technology,Machines,1642.05,2,0.2,53.41
US-04707,2015-04-21,2015-04-24,Consumer,Central,Technology,Copiers,4490.4,3,0.2,439.94
US-00690,2015-04-22,2015-04-25,Corporate,South,Technology,Phones,314.74,1,0.0,46.09
US-01237,2015-04-22,2015-04-27,Home Office,Central,Office Supplies,Appliances,371.16,1,0.0,49.68
US-02178,2015-04-22,2015-04-22,Corporate,South,Office Supplies,Supplies,95.9,2,0.15,6.38
US-03396,2015-04-22,2015-04-27,Home Office,East,Furniture,Chairs,2145.62,5,0.4,-524.09
US-03533,2015-04-22,2015-04-27,Consumer,Central,Technology,Copiers,1669.97,1,0.2,53.39
US-03533,2015-04-22,2015-04-25,Home Office,West,Furniture,Bookcases,606.8,2,0.0,92.81
US-04578,2015-04-22,2015-04-28,Corporate,West,Office Supplies,Supplies,71.26,2,0.0,24.14
US-04578,2015-04-22,2015-04-23,Home Office,Central,Technology,Accessories,452.17,2,0.15,49.76
US-03315,2015-04-23,2015-04-23,Corporate,West,Furniture,Bookcases,567.92,1,0.0,84.24
US-04066,2015-04-23,2015-04-27,Home Office,Central,Furniture,Tables,2465.77,3,0.0,174.89
US-04066,2015-04-23,2015-04-26,Home Office,South,Office Supplies,Appliances,1624.47,4,0.0,456.92
US-04647,2015-04-23,2015-04-24,Consumer,West,Office Supplies,Binders,313.83,5,0.1,45.36
US-00177,2015-04-24,2015-04-30,Consumer,West,Technology,Copiers,479.74,1,0.0,82.49
US-00448,2015-04-24,2015-04-30,Home Office,East,Furniture,Furnishings,725.78,2,0.0,107.67
US-00448,2015-04-24,2015-04-27,Consumer,East,Office Supplies,Storage,1161.69,4,0.0,79.76
US-03791,2015-04-24,2015-04-25,Consumer,Central,Technology,Phones,2429.12,4,0.3,-729.41
US-03005,2015-04-25,2015-04-25,Corporate,East,Furniture,Bookcases,714.81,2,0.0,124.47
US-03005,2015-04-25,2015-04-26,Home Office,South,Technology,Phones,450.05,1,0.0,84.87
US-01526,2015-04-26,2015-04-26,Home Office,East,Furniture,Tables,2087.42,3,0.2,17.6
US-01526,2015-04-26,2015-05-01,Home Office,West,Technology,Accessories,430.53,2,0.0,92.96
US-01586,2015-04-26,2015-04-28,Consumer,East,Office Supplies,Supplies,50.77,1,0.15,7.1
US-01586,2015-04-26,2015-04-26,Consumer,South,Office Supplies,Labels,32.73,1,0.1,6.52
US-02109,2015-04-26,2015-04-27,Home Office,South,Technology,Machines,1427.2,1,0.0,409.42
US-04028,2015-04-26,2015-04-26,Consumer,West,Furniture,Furnishings,950.57,2,0.0,319.81
US-00370,2015-04-27,2015-04-28,Corporate,East,Office Supplies,Labels,121.56,4,0.0,10.09
US-01165,2015-04-27,2015-05-03,Home Office,East,Technology,Machines,426.0,2,0.0,142.27
US-02347,2015-04-27,2015-05-03,Corporate,Central,Furniture,Tables,3234.5,3,0.0,368.1
US-02347,2015-04-27,2015-04-30,Corporate,South,Office Supplies,Paper,71.31,1,0.0,9.97
US-00417,2015-04-28,2015-05-04,Corporate,Central,Technology,Copiers,5349.12,3,0.0,321.83
US-02901,2015-04-28,2015-04-29,Corporate,East,Furniture,Bookcases,676.91,3,0.0,74.67
US-00116,2015-04-29,2015-05-04,Corporate,Central,Technology,Accessories,216.87,3,0.3,1.01
US-00979,2015-04-29,2015-04-30,Consumer,West,Office Supplies,Supplies,39.68,1,0.0,2.99
US-00979,2015-04-29,2015-05-03,Corporate,East,Technology,Machines,266.36,1,0.2,-13.05
US-00979,2015-04-29,2015-04-29,Home Office,Central,Office Supplies,Art,127.43,1,0.0,31.27
US-02180,2015-04-29,2015-05-05,Consumer,West,Technology,Machines,1164.4,1,0.0,67.89
US-04501,2015-04-29,2015-05-05,Corporate,East,Office Supplies,Storage,205.73,2,0.1,31.12
US-04501,2015-04-29,2015-05-04,Consumer,East,Furniture,Chairs,1611.83,3,0.15,402.76
US-04788,2015-04-29,2015-04-29,Consumer,East,Office Supplies,Fasteners,116.08,5,0.0,21.31
US-04788,2015-04-29,2015-05-04,Consumer,South,Office Supplies,Appliances,183.83,1,0.0,25.9
US-00013,2015-04-30,2015-05-06,Corporate,East,Technology,Phones,3139.81,4,0.0,159.02
US-00013,2015-04-30,2015-05-05,Corporate,South,Office Supplies,Fasteners,6.33,1,0.4,-0.81
US-00013,2015-04-30,2015-05-01,Home Office,South,Furniture,Bookcases,1567.07,4,0.0,530.04
US-00645,2015-04-30,2015-05-06,Home Office,South,Technology,Copiers,3120.93,2,0.0,728.96
US-00645,2015-04-30,2015-05-04,Corporate,West,Office Supplies,Storage,370.95,1,0.1,16.35
US-01007,2015-04-30,2015-05-06,Consumer,West,Office Supplies,Paper,48.38,1,0.0,15.81
US-01667,2015-04-30,2015-05-02,Corporate,South,Office Supplies,Paper,138.6,1,0.0,24.74
US-02373,2015-04-30,2015-04-30,Home Office,Central,Technology,Copiers,2605.12,2,0.4,-238.12
US-02545,2015-04-30,2015-05-03,Home Office,South,Office Supplies,Envelopes,9.48,1,0.3,-0.74
US-02597,2015-04-30,2015-05-01,Corporate,West,Office Supplies,Supplies,219.51,4,0.1,52.11
US-03929,2015-05-01,2015-05-04,Corporate,West,Technology,Machines,7496.72,5,0.0,415.33
US-00194,2015-05-02,2015-05-06,Home Office,South,Technology,Phones,180.55,1,0.0,24.98
US-03205,2015-05-02,2015-05-07,Home Office,West,Technology,Machines,2569.29,2,0.0,646.66
US-03205,2015-05-02,2015-05-05,Consumer,Central,Furniture,Chairs,1055.37,5,0.0,243.66
US-03535,2015-05-03,2015-05-07,Home Office,East,Technology,Copiers,1454.93,1,0.2,-0.82
US-03535,2015-05-03,2015-05-06,Consumer,East,Furniture,Bookcases,172.1,2,0.0,36.69
US-03535,2015-05-03,2015-05-03,Corporate,Central,Office Supplies,Binders,44.82,4,0.4,-1.7
US-04402,2015-05-03,2015-05-07,Corporate,East,Furniture,Tables,3632.93,5,0.15,351.4
US-00032,2015-05-04,2015-05-09,Home Office,East,Technology,Accessories,191.36,1,0.0,44.35
US-00032,2015-05-04,2015-05-09,Corporate,West,Technology,Copiers,6208.16,5,0.0,2001.56
US-00168,2015-05-04,2015-05-04,Corporate,West,Technology,Accessories,373.63,2,0.0,101.82
US-00473,2015-05-04,2015-05-08,Corporate,East,Office Supplies,Appliances,2267.9,3,0.1,420.59
US-01698,2015-05-04,2015-05-05,Consumer,South,Office Supplies,Art,179.98,3,0.0,38.14
US-01698,2015-05-04,2015-05-05,Consumer,East,Technology,Copiers,4295.82,3,0.0,399.21
US-01698,2015-05-04,2015-05-06,Consumer,South,Technology,Phones,2968.94,4,0.2,542.37
US-02303,2015-05-04,2015-05-08,Consumer,South,Office Supplies,Art,301.74,3,0.0,104.87
US-03055,2015-05-04,2015-05-05,Home Office,East,Office Supplies,Supplies,120.18,4,0.0,19.3
US-03992,2015-05-04,2015-05-06,Home Office,South,Furniture,Bookcases,928.47,4,0.4,-35.25
US-01551,2015-05-05,2015-05-11,Corporate,East,Office Supplies,Appliances,332.86,1,0.0,43.02
US-02616,2015-05-05,2015-05-06,Consumer,South,Technology,Accessories,489.31,5,0.4,-58.35
US-03633,2015-05-05,2015-05-06,Corporate,East,Technology,Copiers,1955.22,1,0.0,565.06
US-03633,2015-05-05,2015-05-05,Consumer,West,Furniture,Bookcases,215.41,2,0.1,22.63
US-00604,2015-05-06,2015-05-11,Corporate,East,Office Supplies,Envelopes,28.16,1,0.15,3.66
US-01228,2015-05-06,2015-05-10,Corporate,Central,Furniture,Chairs,644.49,1,0.0,79.81
US-01228,2015-05-06,2015-05-12,Home Office,East,Technology,Copiers,1048.77,1,0.0,102.28
US-02561,2015-05-06,2015-05-10,Consumer,Central,Furniture,Furnishings,935.64,2,0.15,149.65
US-04598,2015-05-06,2015-05-08,Home Office,West,Furniture,Bookcases,1271.27,2,0.0,309.16
US-04598,2015-05-06,2015-05-12,Home Office,West,Office Supplies,Binders,66.18,2,0.0,20.66
US-00640,2015-05-08,2015-05-11,Corporate,South,Technology,Copiers,2166.2,3,0.4,-409.56
US-00640,2015-05-08,2015-05-12,Corporate,South,Furniture,Bookcases,584.37,1,0.0,50.28
US-02219,2015-05-08,2015-05-14,Home Office,South,Office Supplies,Storage,418.99,2,0.0,51.14
US-02270,2015-05-08,2015-05-12,Home Office,West,Office Supplies,Fasteners,27.52,1,0.0,3.67
US-03042,2015-05-08,2015-05-14,Corporate,West,Office Supplies,Supplies,66.56,1,0.0,9.74
US-03042,2015-05-08,2015-05-11,Corporate,Central,Technology,Accessories,1260.8,4,0.15,236.49
US-03337,2015-05-08,2015-05-09,Corporate,South,Technology,Machines,811.12,5,0.0,176.2
US-00165,2015-05-09,2015-05-11,Home Office,West,Furniture,Bookcases,3459.34,5,0.0,1066.32
US-02251,2015-05-09,2015-05-13,Corporate,South,Office Supplies,Appliances,436.36,1,0.0,49.62
US-04523,2015-05-09,2015-05-15,Consumer,West,Office Supplies,Supplies,306.78,4,0.0,60.57
US-04523,2015-05-09,2015-05-15,Consumer,East,Technology,Machines,1128.88,1,0.3,115.1
US-04523,2015-05-09,2015-05-09,Corporate,South,Office Supplies,Fasteners,8.12,2,0.1,2.35
US-01965,2015-05-10,2015-05-11,Home Office,West,Furniture,Chairs,473.78,1,0.2,24.4
US-01965,2015-05-10,2015-05-16,Corporate,West,Office Supplies,Fasteners,34.55,4,0.0,7.47
US-00143,2015-05-11,2015-05-15,Home Office,South,Technology,Copiers,1620.34,1,0.5,-318.42
US-00143,2015-05-11,2015-05-11,Home Office,West,Office Supplies,Paper,160.24,1,0.3,-11.69
US-02472,2015-05-11,2015-05-14,Corporate,Central,Office Supplies,Binders,389.53,5,0.0,102.47
US-02750,2015-05-11,2015-05-12,Consumer,East,Furniture,Furnishings,1120.67,3,0.5,-395.09
US-02750,2015-05-11,2015-05-11,Home Office,West,Technology,Machines,1452.24,1,0.0,437.14
US-02892,2015-05-11,2015-05-12,Corporate,South,Office Supplies,Fasteners,34.74,2,0.0,2.88
US-03984,2015-05-11,2015-05-17,Consumer,East,Office Supplies,Appliances,939.74,2,0.15,25.27
US-00504,2015-05-12,2015-05-14,Consumer,South,Office Supplies,Storage,1327.05,4,0.0,73.54
US-01197,2015-05-12,2015-05-14,Home Office,Central,Technology,Phones,675.96,3,0.0,141.93
US-03191,2015-05-12,2015-05-16,Consumer,South,Furniture,Chairs,426.43,1,0.0,79.27
US-00478,2015-05-13,2015-05-17,Consumer,East,Technology,Accessories,263.1,2,0.4,-2.85
US-04007,2015-05-13,2015-05-14,Consumer,East,Office Supplies,Art,551.69,4,0.0,182.3
US-03181,2015-05-14,2015-05-15,Home Office,East,Furniture,Tables,3853.53,5,0.0,698.58
US-03181,2015-05-14,2015-05-17,Home Office,Central,Technology,Accessories,162.23,2,0.0,50.58
US-04291,2015-05-14,2015-05-18,Corporate,South,Technology,Phones,1287.63,3,0.1,354.28
US-00338,2015-05-15,2015-05-21,Corporate,West,Furniture,Tables,2571.71,4,0.0,733.69
US-00863,2015-05-15,2015-05-21,Consumer,South,Office Supplies,Envelopes,25.48,1,0.0,5.5
US-01771,2015-05-15,2015-05-20,Home Office,East,Technology,Accessories,1334.25,5,0.0,426.84
US-04213,2015-05-15,2015-05-19,Corporate,West,Furniture,Furnishings,446.5,2,0.0,101.34
US-04385,2015-05-15,2015-05-15,Home Office,West,Office Supplies,Art,208.27,1,0.0,47.38
US-01391,2015-05-16,2015-05-22,Home Office,East,Office Supplies,Art,115.09,2,0.0,14.11
US-02091,2015-05-16,2015-05-21,Consumer,Central,Office Supplies,Labels,27.45,1,0.0,2.39
US-02091,2015-05-16,2015-05-17,Corporate,East,Furniture,Furnishings,654.85,3,0.0,199.93
US-02167,2015-05-16,2015-05-17,Corporate,East,Technology,Phones,79.72,1,0.1,9.45
US-04285,2015-05-16,2015-05-22,Consumer,Central,Technology,Accessories,327.36,1,0.0,41.51
US-00923,2015-05-17,2015-05-22,Corporate,South,Furniture,Furnishings,768.57,2,0.0,137.76
US-04125,2015-05-17,2015-05-18,Consumer,Central,Technology,Machines,494.08,1,0.0,79.52
US-00174,2015-05-18,2015-05-24,Consumer,East,Technology,Phones,1020.63,2,0.1,-21.0
US-00174,2015-05-18,2015-05-23,Consumer,East,Office Supplies,Fasteners,16.83,1,0.0,1.14
US-00443,2015-05-18,2015-05-24,Consumer,East,Technology,Phones,1463.01,2,0.0,274.5
US-00443,2015-05-18,2015-05-21,Corporate,East,Office Supplies,Appliances,1862.16,3,0.0,131.98
US-00906,2015-05-18,2015-05-19,Consumer,East,Office Supplies,Appliances,2238.73,3,0.0,308.26
US-01115,2015-05-18,2015-05-18,Consumer,East,Technology,Copiers,1018.76,3,0.0,255.24
US-01570,2015-05-18,2015-05-18,Corporate,Central,Office Supplies,Appliances,1050.91,2,0.0,66.02
US-04356,2015-05-18,2015-05-21,Corporate,East,Office Supplies,Labels,33.82,2,0.0,9.46
US-00129,2015-05-19,2015-05-20,Corporate,South,Furniture,Furnishings,967.85,2,0.0,97.24
US-04378,2015-05-19,2015-05-25,Corporate,West,Office Supplies,Labels,34.58,1,0.0,8.85
US-04378,2015-05-19,2015-05-19,Corporate,Central,Technology,Accessories,1556.89,4,0.1,214.31
US-04602,2015-05-19,2015-05-19,Consumer,West,Office Supplies,Fasteners,29.03,1,0.0,1.93
US-04602,2015-05-19,2015-05-23,Home Office,Central,Furniture,Chairs,317.43,1,0.2,44.76
US-04602,2015-05-19,2015-05-22,Home Office,East,Technology,Phones,1366.11,4,0.15,169.67
US-04820,2015-05-19,2015-05-20,Home Office,West,Technology,Machines,1975.11,3,0.0,541.61
US-01562,2015-05-20,2015-05-21,Corporate,South,Furniture,Bookcases,430.11,2,0.15,2.73
US-03829,2015-05-20,2015-05-21,Corporate,Central,Office Supplies,Supplies,96.5,1,0.0,21.23
US-04897,2015-05-20,2015-05-24,Consumer,East,Office Supplies,Art,197.53,2,0.3,-20.08
US-04897,2015-05-20,2015-05-20,Corporate,West,Office Supplies,Paper,253.79,2,0.15,0.74
US-04897,2015-05-20,2015-05-20,Corporate,West,Technology,Phones,578.11,1,0.15,-7.58
US-00706,2015-05-21,2015-05-24,Home Office,East,Furniture,Chairs,289.76,1,0.0,38.74
US-01461,2015-05-21,2015-05-24,Home Office,West,Furniture,Furnishings,385.48,1,0.0,50.75
US-02335,2015-05-21,2015-05-26,Home Office,East,Office Supplies,Appliances,165.3,1,0.15,29.39
US-01003,2015-05-22,2015-05-25,Corporate,Central,Office Supplies,Labels,119.75,5,0.0,31.69
US-03678,2015-05-22,2015-05-22,Consumer,East,Office Supplies,Appliances,2056.27,4,0.2,259.54
US-03999,2015-05-22,2015-05-23,Corporate,East,Office Supplies,Envelopes,10.45,1,0.15,1.9
US-04163,2015-05-22,2015-05-28,Home Office,East,Office Supplies,Appliances,379.76,2,0.0,111.26
US-02166,2015-05-23,2015-05-24,Consumer,West,Office Supplies,Supplies,314.84,4,0.0,91.28
US-02166,2015-05-23,2015-05-24,Consumer,West,Technology,Machines,157.97,1,0.0,25.14
US-02166,2015-05-23,2015-05-26,Home Office,East,Technology,Phones,627.06,1,0.0,135.44
US-00115,2015-05-24,2015-05-29,Consumer,South,Technology,Phones,3453.47,5,0.0,921.61
US-00144,2015-05-24,2015-05-30,Consumer,West,Office Supplies,Labels,46.8,2,0.1,12.49
US-01724,2015-05-24,2015-05-30,Consumer,East,Office Supplies,Supplies,141.98,5,0.0,21.6
US-02112,2015-05-24,2015-05-24,Home Office,South,Furniture,Furnishings,81.41,1,0.0,12.35
US-00225,2015-05-25,2015-05-26,Consumer,West,Furniture,Tables,1075.69,5,0.0,205.23
US-01046,2015-05-25,2015-05-27,Home Office,South,Office Supplies,Paper,138.41,2,0.0,35.52
US-01046,2015-05-25,2015-05-30,Corporate,West,Furniture,Furnishings,146.22,2,0.15,25.25
US-01352,2015-05-25,2015-05-31,Home Office,South,Technology,Machines,2787.37,4,0.15,29.05
US-02791,2015-05-25,2015-05-31,Consumer,South,Office Supplies,Paper,132.16,1,0.0,45.25
US-03597,2015-05-25,2015-05-26,Home Office,Central,Technology,Machines,3570.56,3,0.1,305.71
US-04575,2015-05-25,2015-05-25,Corporate,Central,Technology,Phones,2049.21,4,0.1,284.34
US-04575,2015-05-25,2015-05-27,Corporate,East,Office Supplies,Storage,158.2,1,0.2,1.99
US-04575,2015-05-25,2015-05-27,Home Office,South,Office Supplies,Paper,116.91,4,0.0,18.63
US-01703,2015-05-26,2015-05-27,Consumer,West,Office Supplies,Storage,768.43,3,0.0,130.93
US-01728,2015-05-26,2015-06-01,Consumer,Central,Office Supplies,Labels,29.19,1,0.1,4.83
US-00507,2015-05-27,2015-05-27,Consumer,West,Furniture,Chairs,71.87,1,0.0,21.28
US-02048,2015-05-27,2015-05-27,Consumer,West,Office Supplies,Supplies,234.71,5,0.0,39.28
US-02048,2015-05-27,2015-05-27,Home Office,East,Technology,Accessories,10.18,1,0.0,0.83
US-02242,2015-05-27,2015-05-29,Home Office,South,Technology,Phones,1044.26,2,0.0,271.82
US-02242,2015-05-27,2015-05-31,Home Office,West,Technology,Machines,825.67,1,0.15,195.58
US-00083,2015-05-28,2015-05-31,Corporate,West,Technology,Phones,1309.38,2,0.0,98.42
US-01682,2015-05-28,2015-06-02,Home Office,South,Office Supplies,Appliances,523.23,1,0.0,153.99
US-01959,2015-05-28,2015-05-31,Corporate,West,Office Supplies,Appliances,1149.0,4,0.0,285.46
US-01959,2015-05-28,2015-06-03,Corporate,East,Office Supplies,Paper,83.55,1,0.0,21.11
US-01959,2015-05-28,2015-06-01,Corporate,East,Technology,Copiers,978.23,1,0.0,155.69
US-03310,2015-05-28,2015-05-28,Corporate,West,Furniture,Chairs,1589.43,5,0.2,96.13
US-04615,2015-05-28,2015-05-30,Corporate,South,Technology,Machines,3356.45,5,0.0,433.99
US-04615,2015-05-28,2015-06-02,Consumer,Central,Office Supplies,Appliances,1078.57,4,0.3,81.27
US-04955,2015-05-28,2015-05-28,Corporate,West,Office Supplies,Storage,1265.57,5,0.0,247.15
US-04955,2015-05-28,2015-05-29,Home Office,South,Office Supplies,Art,93.27,1,0.15,17.81
US-04955,2015-05-28,2015-05-29,Home Office,West,Office Supplies,Labels,109.99,4,0.0,22.31
US-02056,2015-05-29,2015-06-01,Home Office,East,Office Supplies,Appliances,405.27,3,0.15,13.07
US-04763,2015-05-29,2015-05-30,Consumer,Central,Office Supplies,Paper,924.3,5,0.0,307.19
US-00017,2015-05-30,2015-05-31,Consumer,South,Office Supplies,Appliances,666.89,1,0.0,59.52
US-01235,2015-05-30,2015-06-05,Home Office,West,Technology,Accessories,252.85,1,0.4,-81.76
US-01913,2015-05-30,2015-06-02,Consumer,West,Furniture,Furnishings,109.6,1,0.0,6.54
US-02010,2015-05-30,2015-06-04,Consumer,West,Office Supplies,Binders,32.72,1,0.1,3.66
US-03429,2015-05-30,2015-06-02,Corporate,East,Office Supplies,Storage,110.33,1,0.1,12.86
US-03572,2015-05-30,2015-06-04,Home Office,West,Office Supplies,Art,426.96,2,0.0,51.1
US-03572,2015-05-30,2015-05-31,Consumer,South,Office Supplies,Appliances,927.76,2,0.0,232.46
US-00355,2015-05-31,2015-05-31,Home Office,West,Technology,Accessories,64.37,2,0.3,-10.35
US-00355,2015-05-31,2015-05-31,Consumer,East,Office Supplies,Art,357.08,3,0.1,81.42
US-01359,2015-05-31,2015-06-01,Consumer,Central,Office Supplies,Envelopes,24.81,2,0.0,6.93
US-03013,2015-05-31,2015-06-02,Corporate,East,Office Supplies,Binders,28.29,1,0.0,7.01
US-03803,2015-05-31,2015-06-05,Corporate,Central,Office Supplies,Appliances,343.46,1,0.2,-22.14
US-00788,2015-06-01,2015-06-03,Home Office,South,Office Supplies,Appliances,1068.14,3,0.0,180.38
US-01830,2015-06-01,2015-06-03,Consumer,Central,Office Supplies,Binders,91.66,2,0.0,19.3
US-01830,2015-06-01,2015-06-04,Corporate,South,Office Supplies,Binders,348.42,4,0.1,36.79
US-00218,2015-06-02,2015-06-03,Consumer,West,Furniture,Chairs,848.48,3,0.1,32.75
US-02694,2015-06-02,2015-06-06,Consumer,South,Office Supplies,Paper,177.74,2,0.0,61.73
US-02694,2015-06-02,2015-06-07,Corporate,Central,Technology,Copiers,956.54,1,0.15,-41.66
US-00356,2015-06-03,2015-06-05,Home Office,South,Technology,Accessories,369.85,1,0.0,118.73
US-00356,2015-06-03,2015-06-06,Corporate,West,Technology,Accessories,159.29,1,0.0,53.63
US-01057,2015-06-03,2015-06-05,Consumer,West,Furniture,Furnishings,688.79,2,0.0,110.36
US-01778,2015-06-03,2015-06-03,Corporate,East,Office Supplies,Art,456.35,3,0.15,-1.7
US-03393,2015-06-03,2015-06-08,Home Office,West,Furniture,Furnishings,815.51,3,0.0,106.54
US-01686,2015-06-04,2015-06-10,Home Office,Central,Furniture,Chairs,601.47,4,0.15,-17.44
US-03231,2015-06-04,2015-06-07,Consumer,West,Furniture,Tables,2527.17,3,0.15,203.5
US-03231,2015-06-04,2015-06-06,Corporate,East,Technology,Machines,398.37,1,0.15,5.33
US-03231,2015-06-04,2015-06-07,Home Office,South,Furniture,Furnishings,1446.96,5,0.4,-260.61
US-04459,2015-06-04,2015-06-09,Home Office,Central,Office Supplies,Art,227.71,1,0.3,-4.47
US-00230,2015-06-05,2015-06-05,Consumer,South,Office Supplies,Envelopes,52.53,4,0.0,7.95
US-01318,2015-06-05,2015-06-08,Home Office,West,Office Supplies,Labels,73.34,3,0.4,-15.49
US-01587,2015-06-05,2015-06-10,Consumer,West,Office Supplies,Paper,827.96,5,0.15,76.86
US-01587,2015-06-05,2015-06-06,Home Office,Central,Furniture,Chairs,324.93,1,0.0,91.55
US-02624,2015-06-05,2015-06-05,Home Office,East,Technology,Phones,554.48,1,0.1,-24.08
US-02624,2015-06-05,2015-06-05,Corporate,Central,Furniture,Chairs,203.9,2,0.0,36.54
US-02624,2015-06-05,2015-06-07,Corporate,West,Technology,Copiers,991.44,1,0.0,176.84
US-04995,2015-06-05,2015-06-09,Consumer,Central,Furniture,Tables,3814.95,5,0.1,510.42
US-00120,2015-06-06,2015-06-06,Home Office,West,Office Supplies,Envelopes,5.13,1,0.0,1.79
US-00852,2015-06-06,2015-06-08,Home Office,East,Office Supplies,Binders,209.94,3,0.0,31.0
US-01660,2015-06-06,2015-06-10,Corporate,South,Technology,Machines,567.18,1,0.0,138.74
US-02146,2015-06-06,2015-06-10,Home Office,East,Office Supplies,Envelopes,59.52,2,0.0,18.24
US-03160,2015-06-06,2015-06-11,Consumer,South,Technology,Copiers,745.77,1,0.1,117.71
US-03160,2015-06-06,2015-06-10,Corporate,East,Office Supplies,Fasteners,56.37,3,0.0,7.71
US-03820,2015-06-06,2015-06-07,Consumer,East,Office Supplies,Labels,33.27,1,0.4,-1.17
US-00354,2015-06-07,2015-06-08,Corporate,East,Office Supplies,Paper,299.04,2,0.0,45.22
US-00354,2015-06-07,2015-06-08,Home Office,West,Furniture,Bookcases,595.65,1,0.0,48.35
US-03275,2015-06-07,2015-06-11,Consumer,East,Office Supplies,Art,756.16,3,0.0,62.52
US-03811,2015-06-07,2015-06-12,Corporate,South,Furniture,Furnishings,57.55,1,0.1,6.74
US-03811,2015-06-07,2015-06-10,Home Office,West,Furniture,Furnishings,517.99,4,0.0,176.38
US-04648,2015-06-07,2015-06-08,Home Office,South,Technology,Copiers,324.88,1,0.0,19.87
US-04648,2015-06-07,2015-06-11,Home Office,South,Office Supplies,Storage,265.25,1,0.0,53.45
US-04800,2015-06-07,2015-06-10,Corporate,East,Furniture,Chairs,1270.56,2,0.3,-90.14
US-00073,2015-06-08,2015-06-14,Consumer,South,Technology,Accessories,301.34,1,0.0,78.68
US-00073,2015-06-08,2015-06-12,Consumer,South,Office Supplies,Labels,34.75,1,0.0,11.34
US-00309,2015-06-08,2015-06-14,Consumer,Central,Technology,Machines,665.0,3,0.0,110.78
US-01387,2015-06-08,2015-06-13,Consumer,Central,Furniture,Chairs,575.23,2,0.0,93.54
US-01441,2015-06-08,2015-06-09,Corporate,East,Office Supplies,Paper,177.23,4,0.0,8.9
US-01441,2015-06-08,2015-06-12,Corporate,Central,Office Supplies,Art,270.11,3,0.1,21.17
US-01441,2015-06-08,2015-06-14,Corporate,West,Office Supplies,Binders,47.62,3,0.0,9.9
US-02657,2015-06-08,2015-06-14,Corporate,West,Technology,Copiers,1122.51,1,0.0,96.58
US-04266,2015-06-08,2015-06-10,Consumer,West,Furniture,Chairs,431.57,1,0.0,71.2
US-04619,2015-06-08,2015-06-09,Home Office,South,Furniture,Tables,1523.98,4,0.1,165.79
US-04691,2015-06-08,2015-06-11,Home Office,West,Technology,Phones,869.06,1,0.0,106.4
US-04883,2015-06-08,2015-06-08,Corporate,South,Office Supplies,Fasteners,129.43,5,0.0,36.19
US-01780,2015-06-09,2015-06-10,Corporate,East,Office Supplies,Binders,24.76,1,0.0,1.32
US-01357,2015-06-10,2015-06-13,Consumer,East,Technology,Phones,1734.12,2,0.0,286.39
US-01357,2015-06-10,2015-06-15,Consumer,East,Office Supplies,Paper,179.58,1,0.5,-46.55
US-02176,2015-06-10,2015-06-15,Corporate,East,Office Supplies,Paper,158.15,1,0.0,35.11
US-02348,2015-06-10,2015-06-14,Consumer,East,Technology,Phones,787.33,1,0.15,-54.12
US-03326,2015-06-10,2015-06-10,Consumer,Central,Furniture,Chairs,516.59,1,0.0,161.97
US-04433,2015-06-10,2015-06-13,Home Office,West,Technology,Phones,861.34,1,0.0,295.57
US-04433,2015-06-10,2015-06-10,Corporate,Central,Office Supplies,Binders,20.33,1,0.0,2.02
US-00058,2015-06-11,2015-06-16,Corporate,Central,Office Supplies,Storage,651.22,2,0.0,179.9
US-00058,2015-06-11,2015-06-16,Home Office,Central,Office Supplies,Paper,27.16,1,0.0,2.37
US-04536,2015-06-11,2015-06-13,Home Office,South,Technology,Machines,959.56,1,0.0,144.68
US-04536,2015-06-11,2015-06-14,Home Office,West,Furniture,Tables,1353.37,4,0.0,91.2
US-00531,2015-06-12,2015-06-13,Home Office,East,Office Supplies,Art,555.19,2,0.0,160.26
US-02466,2015-06-12,2015-06-14,Consumer,West,Technology,Accessories,356.89,1,0.0,61.99
US-03705,2015-06-12,2015-06-13,Home Office,West,Technology,Machines,983.82,1,0.2,45.74
US-04742,2015-06-12,2015-06-14,Consumer,East,Office Supplies,Labels,42.01,3,0.1,-0.79
US-00892,2015-06-13,2015-06-19,Home Office,Central,Furniture,Furnishings,818.46,3,0.2,25.67
US-00892,2015-06-13,2015-06-16,Consumer,West,Furniture,Chairs,381.07,1,0.4,-126.59
US-01085,2015-06-13,2015-06-19,Corporate,South,Furniture,Chairs,224.12,1,0.0,31.16
US-01868,2015-06-13,2015-06-18,Corporate,South,Office Supplies,Paper,79.18,1,0.0,22.95
US-02875,2015-06-13,2015-06-15,Consumer,West,Office Supplies,Fasteners,12.74,2,0.0,2.58
US-02927,2015-06-13,2015-06-15,Home Office,Central,Technology,Accessories,326.01,2,0.15,1.88
US-03415,2015-06-13,2015-06-17,Corporate,Central,Office Supplies,Labels,29.61,1,0.0,5.76
US-03423,2015-06-13,2015-06-13,Home Office,West,Furniture,Furnishings,1086.7,3,0.0,254.73
US-03867,2015-06-13,2015-06-18,Home Office,Central,Technology,Machines,2220.31,3,0.2,-311.87
US-03867,2015-06-13,2015-06-18,Home Office,Central,Technology,Copiers,1897.59,1,0.2,68.66
US-03867,2015-06-13,2015-06-19,Home Office,West,Office Supplies,Binders,61.33,1,0.0,20.37
US-04111,2015-06-13,2015-06-13,Consumer,East,Office Supplies,Binders,199.06,2,0.3,2.8
US-04596,2015-06-13,2015-06-13,Corporate,South,Office Supplies,Storage,209.8,2,0.0,44.84
US-04596,2015-06-13,2015-06-16,Corporate,West,Office Supplies,Fasteners,5.45,1,0.0,0.39
US-00205,2015-06-14,2015-06-19,Corporate,West,Office Supplies,Art,122.1,1,0.0,41.45
US-02118,2015-06-14,2015-06-16,Home Office,West,Office Supplies,Storage,122.75,1,0.0,29.27
US-02118,2015-06-14,2015-06-20,Corporate,South,Technology,Phones,718.41,1,0.0,186.19
US-02118,2015-06-14,2015-06-17,Home Office,East,Technology,Copiers,1045.32,1,0.0,207.91
US-03077,2015-06-14,2015-06-16,Corporate,South,Technology,Copiers,750.64,1,0.15,145.59
US-04426,2015-06-14,2015-06-17,Corporate,Central,Technology,Accessories,769.56,4,0.0,206.85
US-04705,2015-06-14,2015-06-18,Home Office,South,Office Supplies,Storage,274.31,1,0.0,25.13
US-01251,2015-06-15,2015-06-16,Corporate,West,Technology,Copiers,1958.1,1,0.0,269.19
US-02909,2015-06-15,2015-06-21,Consumer,East,Technology,Phones,1908.24,3,0.0,201.53
US-04826,2015-06-15,2015-06-15,Consumer,South,Technology,Copiers,6724.15,5,0.0,2161.8
US-04826,2015-06-15,2015-06-17,Home Office,South,Office Supplies,Storage,591.91,2,0.0,198.64
US-01268,2015-06-16,2015-06-21,Consumer,South,Technology,Phones,1798.59,2,0.0,261.43
US-01268,2015-06-16,2015-06-19,Home Office,East,Technology,Phones,1925.52,5,0.0,585.73
US-02828,2015-06-16,2015-06-21,Consumer,Central,Office Supplies,Supplies,142.79,2,0.0,38.15
US-02828,2015-06-16,2015-06-17,Home Office,South,Office Supplies,Appliances,1329.77,4,0.2,275.34
US-02922,2015-06-16,2015-06-22,Home Office,Central,Furniture,Tables,5808.95,4,0.0,1080.63
US-03765,2015-06-16,2015-06-18,Consumer,East,Technology,Phones,1648.37,2,0.0,462.43
US-04455,2015-06-16,2015-06-17,Home Office,West,Office Supplies,Supplies,56.06,2,0.4,-3.66
US-04455,2015-06-16,2015-06-18,Home Office,South,Technology,Copiers,2790.15,5,0.5,-287.03
US-04486,2015-06-16,2015-06-22,Home Office,Central,Furniture,Tables,2156.53,3,0.0,563.79
US-04486,2015-06-16,2015-06-17,Consumer,East,Technology,Phones,526.53,2,0.0,55.8
US-04529,2015-06-16,2015-06-20,Corporate,West,Technology,Phones,1834.21,4,0.0,291.15
US-03046,2015-06-17,2015-06-17,Home Office,Central,Technology,Phones,487.58,1,0.0,137.3
US-03046,2015-06-17,2015-06-21,Home Office,East,Office Supplies,Supplies,11.47,2,0.0,2.75
US-03453,2015-06-17,2015-06-20,Consumer,East,Furniture,Bookcases,309.89,3,0.0,77.43
US-03986,2015-06-18,2015-06-24,Home Office,West,Technology,Copiers,1060.68,1,0.0,365.45
US-04368,2015-06-18,2015-06-19,Corporate,West,Office Supplies,Binders,118.09,4,0.1,-4.82
US-01815,2015-06-19,2015-06-19,Home Office,Central,Technology,Accessories,344.93,2,0.0,107.02
US-01815,2015-06-19,2015-06-20,Consumer,Central,Technology,Phones,363.61,2,0.15,-24.63
US-01815,2015-06-19,2015-06-24,Home Office,South,Office Supplies,Art,169.15,2,0.0,18.4
US-02067,2015-06-19,2015-06-24,Home Office,South,Technology,Phones,3940.59,5,0.5,-1871.5
US-03472,2015-06-19,2015-06-22,Consumer,Central,Technology,Phones,2965.76,5,0.15,45.87
US-04811,2015-06-19,2015-06-23,Home Office,East,Technology,Accessories,608.53,4,0.4,-183.93
US-00127,2015-06-20,2015-06-22,Corporate,West,Furniture,Tables,3730.98,3,0.15,185.58
US-00940,2015-06-20,2015-06-20,Corporate,Central,Office Supplies,Paper,80.55,3,0.0,7.65
US-00484,2015-06-21,2015-06-22,Home Office,East,Office Supplies,Appliances,946.68,3,0.0,313.19
US-01216,2015-06-21,2015-06-25,Consumer,West,Office Supplies,Labels,28.2,1,0.0,6.1
US-01216,2015-06-21,2015-06-23,Home Office,Central,Technology,Copiers,1484.12,3,0.0,256.57
US-03157,2015-06-21,2015-06-22,Consumer,West,Furniture,Furnishings,303.1,3,0.4,0.53
US-02368,2015-06-22,2015-06-25,Consumer,South,Technology,Phones,513.37,2,0.0,99.42
US-02642,2015-06-22,2015-06-27,Home Office,South,Office Supplies,Appliances,758.69,4,0.2,-80.04
US-02730,2015-06-22,2015-06-26,Home Office,West,Furniture,Chairs,716.74,1,0.0,111.13
US-02730,2015-06-22,2015-06-28,Consumer,East,Furniture,Chairs,494.39,1,0.15,37.5
US-03882,2015-06-22,2015-06-27,Corporate,South,Furniture,Bookcases,743.84,3,0.0,58.7
US-01659,2015-06-23,2015-06-27,Home Office,Central,Technology,Accessories,561.5,2,0.0,186.85
US-03544,2015-06-23,2015-06-24,Consumer,West,Office Supplies,Appliances,197.29,1,0.0,56.68
US-03586,2015-06-23,2015-06-29,Corporate,East,Technology,Copiers,1493.13,1,0.2,203.07
US-03586,2015-06-23,2015-06-24,Home Office,East,Office Supplies,Appliances,245.13,2,0.0,23.41
US-03940,2015-06-23,2015-06-25,Corporate,East,Furniture,Bookcases,596.97,4,0.0,83.6
US-03940,2015-06-23,2015-06-24,Consumer,Central,Office Supplies,Labels,31.8,1,0.0,1.71
US-04981,2015-06-23,2015-06-24,Home Office,West,Furniture,Furnishings,1070.59,3,0.0,266.97
US-04981,2015-06-23,2015-06-28,Corporate,South,Furniture,Chairs,830.48,3,0.0,97.36
US-04981,2015-06-23,2015-06-23,Corporate,Central,Office Supplies,Binders,66.26,1,0.4,-21.03
US-00972,2015-06-24,2015-06-26,Consumer,East,Technology,Machines,835.79,2,0.0,75.05
US-00972,2015-06-24,2015-06-25,Consumer,Central,Office Supplies,Binders,184.01,2,0.0,60.38
US-01160,2015-06-24,2015-06-24,Corporate,East,Technology,Accessories,338.17,1,0.0,97.45
US-02933,2015-06-24,2015-06-27,Corporate,Central,Technology,Accessories,523.63,4,0.2,30.98
US-02933,2015-06-24,2015-06-29,Home Office,Central,Technology,Copiers,1090.32,1,0.0,309.0
US-01524,2015-06-25,2015-06-30,Home Office,South,Office Supplies,Binders,68.63,1,0.0,4.14
US-02432,2015-06-25,2015-06-27,Home Office,South,Technology,Accessories,166.89,1,0.3,-2.67
US-02432,2015-06-25,2015-06-25,Consumer,Central,Furniture,Bookcases,84.61,1,0.5,-29.22
US-02456,2015-06-25,2015-06-26,Home Office,West,Furniture,Bookcases,563.01,1,0.0,58.42
US-03386,2015-06-25,2015-07-01,Consumer,Central,Technology,Machines,932.98,2,0.1,70.51
US-03335,2015-06-26,2015-06-28,Corporate,Central,Technology,Accessories,373.03,1,0.2,-5.24
US-03335,2015-06-26,2015-07-01,Corporate,Central,Technology,Accessories,424.02,4,0.1,75.66
US-04888,2015-06-26,2015-06-26,Corporate,South,Office Supplies,Labels,136.25,5,0.0,15.59
US-04888,2015-06-26,2015-07-01,Home Office,East,Office Supplies,Art,566.95,3,0.0,152.72
US-04888,2015-06-26,2015-07-01,Consumer,West,Furniture,Bookcases,1194.02,4,0.0,100.92
US-00552,2015-06-27,2015-07-01,Consumer,Central,Technology,Phones,4198.71,5,0.0,1335.3
US-02779,2015-06-27,2015-06-29,Consumer,South,Technology,Accessories,102.56,4,0.1,6.16
US-01814,2015-06-28,2015-07-02,Corporate,East,Furniture,Furnishings,193.66,1,0.0,50.05
US-03212,2015-06-28,2015-07-02,Home Office,South,Technology,Accessories,911.71,5,0.15,203.8
US-04723,2015-06-28,2015-07-03,Consumer,West,Office Supplies,Supplies,24.36,2,0.1,-0.09
US-00556,2015-06-29,2015-07-03,Home Office,South,Technology,Phones,2189.54,3,0.0,611.58
US-00556,2015-06-29,2015-07-04,Consumer,West,Office Supplies,Paper,575.88,3,0.0,88.25
US-00556,2015-06-29,2015-06-30,Corporate,West,Technology,Machines,736.34,1,0.0,204.9
US-00999,2015-06-29,2015-07-02,Consumer,West,Furniture,Tables,1246.13,2,0.0,352.23
US-01233,2015-06-29,2015-07-05,Home Office,South,Office Supplies,Appliances,3243.57,5,0.5,-741.14
US-02044,2015-06-29,2015-07-03,Home Office,West,Office Supplies,Appliances,32.2,1,0.0,8.84
US-02044,2015-06-29,2015-07-03,Home Office,East,Technology,Machines,1524.44,5,0.0,316.13
US-02044,2015-06-29,2015-07-02,Home Office,West,Office Supplies,Paper,50.68,1,0.2,5.27
US-04861,2015-06-29,2015-07-05,Home Office,South,Technology,Phones,673.94,1,0.0,53.94
US-01192,2015-06-30,2015-06-30,Home Office,East,Technology,Accessories,384.33,2,0.0,72.33
US-01192,2015-06-30,2015-07-05,Home Office,East,Furniture,Tables,903.32,1,0.1,5.57
US-01333,2015-06-30,2015-07-02,Consumer,Central,Technology,Accessories,394.33,4,0.1,16.54
US-01333,2015-06-30,2015-07-06,Home Office,Central,Technology,Phones,747.86,3,0.1,185.69
US-02263,2015-06-30,2015-07-02,Home Office,East,Office Supplies,Storage,163.64,1,0.3,-44.95
US-02263,2015-06-30,2015-07-06,Corporate,Central,Furniture,Tables,1107.42,1,0.15,24.79
US-00408,2015-07-01,2015-07-01,Home Office,West,Technology,Phones,887.9,1,0.0,196.9
US-00408,2015-07-01,2015-07-04,Corporate,South,Office Supplies,Envelopes,79.89,3,0.0,18.73
US-00408,2015-07-01,2015-07-06,Home Office,East,Technology,Accessories,122.07,1,0.5,-19.34
US-00766,2015-07-01,2015-07-07,Corporate,South,Office Supplies,Binders,40.6,1,0.15,6.16
US-01116,2015-07-01,2015-07-05,Home Office,South,Furniture,Tables,2781.96,2,0.0,415.2
US-02317,2015-07-01,2015-07-04,Consumer,Central,Technology,Copiers,3742.19,2,0.2,612.72
US-02317,2015-07-01,2015-07-06,Home Office,South,Office Supplies,Labels,98.7,4,0.0,17.69
US-04669,2015-07-01,2015-07-01,Home Office,West,Technology,Accessories,47.02,3,0.0,16.25
US-02185,2015-07-03,2015-07-06,Consumer,South,Furniture,Bookcases,104.19,1,0.0,18.41
US-04674,2015-07-03,2015-07-06,Consumer,East,Office Supplies,Paper,26.49,1,0.0,8.17
US-04674,2015-07-03,2015-07-06,Corporate,South,Office Supplies,Binders,14.0,1,0.3,0.98
US-00691,2015-07-04,2015-07-10,Corporate,South,Office Supplies,Supplies,104.21,3,0.0,27.37
US-00691,2015-07-04,2015-07-05,Consumer,South,Office Supplies,Art,212.78,1,0.15,-11.69
US-01117,2015-07-04,2015-07-07,Consumer,Central,Office Supplies,Labels,77.5,2,0.0,26.92
US-01117,2015-07-04,2015-07-04,Corporate,West,Office Supplies,Supplies,183.75,4,0.0,18.95
US-02514,2015-07-04,2015-07-04,Home Office,South,Technology,Phones,2985.89,4,0.3,161.37
US-03591,2015-07-04,2015-07-05,Home Office,East,Technology,Copiers,4012.21,3,0.0,210.94
US-01253,2015-07-05,2015-07-08,Corporate,West,Furniture,Furnishings,262.0,1,0.0,54.58
US-01645,2015-07-05,2015-07-07,Home Office,South,Office Supplies,Labels,14.72,1,0.0,1.62
US-01975,2015-07-05,2015-07-07,Consumer,East,Furniture,Chairs,992.74,4,0.0,113.09
US-02693,2015-07-05,2015-07-05,Consumer,West,Technology,Phones,538.03,1,0.0,127.64
US-02693,2015-07-05,2015-07-09,Consumer,South,Technology,Accessories,200.44,1,0.1,28.71
US-03153,2015-07-05,2015-07-11,Corporate,East,Technology,Accessories,366.37,1,0.1,22.39
US-00921,2015-07-07,2015-07-11,Corporate,East,Technology,Copiers,230.86,1,0.0,26.7
US-00921,2015-07-07,2015-07-13,Consumer,Central,Office Supplies,Binders,147.04,2,0.1,5.21
US-00921,2015-07-07,2015-07-13,Consumer,West,Furniture,Tables,3749.21,4,0.0,505.56
US-00821,2015-07-08,2015-07-11,Corporate,South,Office Supplies,Labels,17.47,1,0.4,-1.55
US-00821,2015-07-08,2015-07-09,Corporate,West,Technology,Accessories,1296.54,4,0.2,279.44
US-02989,2015-07-08,2015-07-11,Home Office,West,Office Supplies,Storage,606.27,2,0.2,29.95
US-03685,2015-07-08,2015-07-09,Consumer,West,Technology,Accessories,567.04,3,0.0,79.48
US-01234,2015-07-09,2015-07-10,Consumer,Central,Office Supplies,Appliances,1517.49,2,0.15,291.48
US-01234,2015-07-09,2015-07-12,Home Office,Central,Furniture,Tables,1450.34,1,0.0,248.6
US-02215,2015-07-10,2015-07-14,Consumer,West,Technology,Machines,687.13,1,0.0,118.38
US-02667,2015-07-10,2015-07-10,Corporate,East,Office Supplies,Paper,197.81,2,0.0,29.38
US-02667,2015-07-10,2015-07-15,Home Office,Central,Office Supplies,Appliances,842.69,3,0.3,-58.76
US-02667,2015-07-10,2015-07-15,Consumer,East,Technology,Machines,1318.08,2,0.0,176.16
US-03800,2015-07-10,2015-07-13,Consumer,South,Furniture,Tables,1220.24,1,0.1,14.32
US-03800,2015-07-10,2015-07-16,Home Office,West,Office Supplies,Envelopes,19.96,1,0.0,3.41
US-04432,2015-07-10,2015-07-14,Consumer,Central,Furniture,Furnishings,751.51,2,0.0,176.12
US-04432,2015-07-10,2015-07-12,Corporate,South,Technology,Copiers,1541.19,1,0.0,88.32
US-04567,2015-07-10,2015-07-13,Consumer,South,Office Supplies,Binders,155.12,4,0.0,21.39
US-01758,2015-07-11,2015-07-14,Corporate,West,Furniture,Bookcases,636.87,1,0.2,-31.77
US-02926,2015-07-11,2015-07-15,Consumer,South,Technology,Phones,455.25,1,0.0,134.55
US-03663,2015-07-11,2015-07-12,Consumer,Central,Office Supplies,Fasteners,26.08,4,0.2,5.48
US-03987,2015-07-11,2015-07-12,Home Office,South,Furniture,Chairs,871.03,4,0.0,54.03
US-03987,2015-07-11,2015-07-11,Corporate,Central,Furniture,Furnishings,991.59,2,0.0,64.35
US-01877,2015-07-12,2015-07-17,Corporate,West,Technology,Phones,126.51,2,0.2,23.04
US-04531,2015-07-12,2015-07-18,Corporate,West,Furniture,Chairs,1395.64,2,0.0,70.14
US-01419,2015-07-13,2015-07-15,Home Office,South,Office Supplies,Supplies,41.14,4,0.0,7.81
US-03819,2015-07-13,2015-07-17,Corporate,South,Office Supplies,Envelopes,15.32,1,0.0,5.27
US-04982,2015-07-13,2015-07-17,Consumer,West,Office Supplies,Appliances,649.07,2,0.0,214.51
US-01055,2015-07-14,2015-07-15,Corporate,East,Furniture,Tables,2060.34,2,0.0,171.57
US-01055,2015-07-14,2015-07-18,Home Office,South,Furniture,Chairs,626.38,2,0.1,99.09
US-02814,2015-07-14,2015-07-19,Consumer,East,Office Supplies,Supplies,157.96,2,0.0,38.73
US-02916,2015-07-14,2015-07-20,Consumer,East,Technology,Copiers,1423.51,1,0.1,266.83
US-02916,2015-07-14,2015-07-19,Home Office,West,Furniture,Bookcases,648.39,1,0.0,120.67
US-03665,2015-07-14,2015-07-19,Home Office,Central,Office Supplies,Labels,183.99,5,0.0,19.73
US-04789,2015-07-14,2015-07-20,Corporate,Central,Furniture,Furnishings,1043.73,5,0.2,-1.6
US-00546,2015-07-15,2015-07-19,Consumer,South,Technology,Phones,2577.05,3,0.0,535.88
US-00546,2015-07-15,2015-07-16,Consumer,Central,Office Supplies,Storage,1144.69,4,0.0,265.84
US-00595,2015-07-15,2015-07-15,Home Office,South,Furniture,Furnishings,876.44,2,0.1,17.26
US-03628,2015-07-15,2015-07-21,Corporate,South,Technology,Machines,1352.63,1,0.0,366.49
US-03628,2015-07-15,2015-07-20,Home Office,West,Office Supplies,Envelopes,38.18,2,0.0,12.67
US-00160,2015-07-16,2015-07-21,Corporate,West,Technology,Machines,2607.96,4,0.0,440.49
US-01315,2015-07-16,2015-07-19,Home Office,South,Furniture,Chairs,246.39,1,0.3,-18.88
US-01315,2015-07-16,2015-07-22,Consumer,West,Technology,Copiers,1227.95,1,0.15,131.04
US-01564,2015-07-16,2015-07-20,Consumer,West,Furniture,Bookcases,322.36,2,0.15,23.33
US-02897,2015-07-16,2015-07-20,Corporate,South,Furniture,Furnishings,49.23,2,0.3,-0.54
US-02897,2015-07-16,2015-07-22,Corporate,South,Furniture,Tables,1151.66,1,0.0,197.25
US-04046,2015-07-16,2015-07-22,Consumer,Central,Office Supplies,Supplies,30.32,1,0.3,-2.91
US-00614,2015-07-17,2015-07-23,Corporate,East,Furniture,Bookcases,905.77,2,0.0,51.07
US-03466,2015-07-17,2015-07-20,Consumer,Central,Office Supplies,Storage,89.02,1,0.3,-8.91
US-03910,2015-07-17,2015-07-18,Corporate,West,Furniture,Furnishings,281.51,1,0.0,48.79
US-01365,2015-07-18,2015-07-24,Home Office,West,Office Supplies,Fasteners,47.66,2,0.0,13.1
US-01365,2015-07-18,2015-07-24,Corporate,West,Technology,Copiers,7445.64,4,0.1,883.32
US-01365,2015-07-18,2015-07-23,Corporate,West,Office Supplies,Art,880.39,3,0.2,202.42
US-02107,2015-07-18,2015-07-20,Home Office,Central,Office Supplies,Fasteners,17.23,5,0.0,4.43
US-02107,2015-07-18,2015-07-18,Home Office,East,Office Supplies,Appliances,1024.02,3,0.0,69.26
US-01373,2015-07-19,2015-07-19,Corporate,East,Furniture,Bookcases,576.21,1,0.1,-7.2
US-04065,2015-07-19,2015-07-20,Consumer,South,Office Supplies,Supplies,166.02,4,0.3,17.73
US-04962,2015-07-19,2015-07-25,Consumer,South,Office Supplies,Fasteners,23.66,1,0.0,2.79
US-00200,2015-07-20,2015-07-20,Home Office,South,Furniture,Bookcases,149.76,1,0.0,33.67
US-00677,2015-07-20,2015-07-21,Home Office,Central,Furniture,Bookcases,633.21,1,0.0,165.6
US-01021,2015-07-20,2015-07-22,Corporate,East,Office Supplies,Art,132.9,1,0.0,10.53
US-02047,2015-07-20,2015-07-20,Home Office,Central,Furniture,Bookcases,596.58,1,0.1,126.88
US-04711,2015-07-20,2015-07-20,Corporate,Central,Technology,Accessories,39.61,1,0.1,8.25
US-03609,2015-07-21,2015-07-22,Home Office,West,Office Supplies,Supplies,19.83,1,0.4,-6.67
US-03691,2015-07-21,2015-07-22,Consumer,South,Furniture,Bookcases,304.69,1,0.0,20.07
US-00753,2015-07-22,2015-07-28,Home Office,Central,Furniture,Chairs,228.08,2,0.0,47.51
US-00871,2015-07-22,2015-07-25,Consumer,Central,Furniture,Tables,532.58,2,0.5,-100.2
US-02362,2015-07-22,2015-07-22,Consumer,South,Office Supplies,Labels,112.04,4,0.0,31.09
US-04545,2015-07-22,2015-07-23,Corporate,West,Technology,Machines,313.56,2,0.0,68.31
US-04796,2015-07-22,2015-07-22,Consumer,South,Furniture,Furnishings,468.52,1,0.2,-14.62
US-04851,2015-07-22,2015-07-26,Consumer,East,Office Supplies,Binders,90.63,1,0.0,29.62
US-01945,2015-07-23,2015-07-23,Consumer,South,Office Supplies,Labels,37.39,1,0.0,4.91
US-03715,2015-07-23,2015-07-25,Corporate,Central,Technology,Copiers,988.82,1,0.0,130.69
US-01164,2015-07-24,2015-07-30,Consumer,West,Office Supplies,Envelopes,47.25,1,0.0,10.61
US-02102,2015-07-24,2015-07-24,Corporate,Central,Office Supplies,Paper,28.87,1,0.0,5.81
US-02102,2015-07-24,2015-07-29,Home Office,East,Furniture,Chairs,907.21,2,0.0,256.27
US-02102,2015-07-24,2015-07-25,Consumer,East,Furniture,Furnishings,1161.65,5,0.0,225.89
US-02590,2015-07-24,2015-07-27,Consumer,East,Technology,Copiers,1140.66,1,0.0,278.76
US-03189,2015-07-24,2015-07-30,Home Office,Central,Office Supplies,Paper,163.12,1,0.0,41.66
US-03553,2015-07-24,2015-07-26,Corporate,Central,Furniture,Tables,2939.74,4,0.0,811.62
US-03553,2015-07-24,2015-07-26,Consumer,East,Technology,Phones,1361.38,3,0.0,185.88
US-03553,2015-07-24,2015-07-24,Corporate,West,Office Supplies,Envelopes,11.5,1,0.0,2.3
US-04098,2015-07-24,2015-07-27,Corporate,West,Office Supplies,Art,512.51,2,0.15,31.85
US-00593,2015-07-25,2015-07-31,Corporate,East,Furniture,Chairs,533.76,1,0.0,122.94
US-00643,2015-07-25,2015-07-29,Corporate,West,Office Supplies,Fasteners,55.3,2,0.0,10.59
US-00643,2015-07-25,2015-07-28,Home Office,Central,Office Supplies,Supplies,17.3,1,0.4,-3.78
US-01042,2015-07-25,2015-07-27,Consumer,Central,Office Supplies,Storage,67.34,1,0.0,4.0
US-01375,2015-07-25,2015-07-30,Home Office,East,Technology,Accessories,1472.91,4,0.0,405.37
US-01784,2015-07-25,2015-07-27,Consumer,South,Office Supplies,Art,38.88,1,0.0,1.99
US-03747,2015-07-25,2015-07-26,Consumer,Central,Office Supplies,Envelopes,39.6,1,0.0,10.32
US-03747,2015-07-25,2015-07-29,Home Office,Central,Office Supplies,Fasteners,21.35,1,0.0,1.68
US-00969,2015-07-26,2015-07-30,Home Office,Central,Technology,Accessories,62.37,2,0.0,14.9
US-00969,2015-07-26,2015-07-29,Home Office,East,Office Supplies,Paper,19.56,1,0.1,0.36
US-02079,2015-07-26,2015-07-30,Consumer,East,Office Supplies,Envelopes,72.18,3,0.0,4.28
US-00061,2015-07-27,2015-08-01,Consumer,South,Technology,Machines,750.34,1,0.0,258.33
US-01309,2015-07-27,2015-07-28,Home Office,East,Technology,Accessories,77.61,1,0.4,-9.65
US-01309,2015-07-27,2015-07-27,Consumer,East,Technology,Accessories,1302.96,4,0.2,-108.23
US-01761,2015-07-27,2015-07-28,Home Office,Central,Technology,Copiers,4183.4,3,0.5,-222.66
US-02084,2015-07-27,2015-07-28,Home Office,Central,Technology,Accessories,450.52,2,0.0,79.08
US-02084,2015-07-27,2015-07-30,Corporate,Central,Office Supplies,Binders,416.27,5,0.0,53.13
US-02766,2015-07-27,2015-07-27,Consumer,East,Furniture,Chairs,3968.96,5,0.2,-364.6
US-00272,2015-07-28,2015-07-29,Consumer,South,Furniture,Chairs,827.91,2,0.0,139.18
US-00272,2015-07-28,2015-07-30,Home Office,South,Furniture,Bookcases,275.7,1,0.1,29.44
US-00272,2015-07-28,2015-07-29,Consumer,Central,Office Supplies,Fasteners,17.28,2,0.1,1.29
US-02142,2015-07-28,2015-08-01,Home Office,East,Furniture,Chairs,1513.66,2,0.2,27.88
US-02495,2015-07-28,2015-08-01,Corporate,West,Technology,Copiers,1979.08,1,0.0,413.1
US-03296,2015-07-28,2015-07-29,Home Office,Central,Office Supplies,Envelopes,115.64,3,0.15,9.58
US-03296,2015-07-28,2015-08-02,Consumer,West,Office Supplies,Labels,159.06,4,0.0,40.22
US-03449,2015-07-28,2015-07-31,Home Office,South,Furniture,Tables,1773.46,2,0.0,594.89
US-02414,2015-07-29,2015-08-03,Consumer,West,Office Supplies,Appliances,2450.81,5,0.0,160.81
US-03207,2015-07-29,2015-08-04,Corporate,South,Technology,Copiers,820.45,1,0.15,150.53
US-04582,2015-07-29,2015-08-04,Corporate,West,Furniture,Furnishings,324.68,1,0.0,62.86
US-04896,2015-07-29,2015-08-04,Corporate,East,Furniture,Furnishings,478.12,4,0.15,-2.39
US-04896,2015-07-29,2015-07-30,Consumer,Central,Technology,Accessories,435.87,3,0.15,73.67
US-04052,2015-07-30,2015-07-30,Consumer,West,Technology,Copiers,1252.92,1,0.15,53.58
US-04882,2015-07-30,2015-07-31,Home Office,East,Office Supplies,Binders,181.86,5,0.2,6.49
US-00970,2015-07-31,2015-08-01,Home Office,South,Furniture,Bookcases,1886.91,3,0.15,160.09
US-02074,2015-07-31,2015-08-02,Consumer,East,Furniture,Tables,5320.81,5,0.0,1294.38
US-02074,2015-07-31,2015-08-02,Corporate,Central,Technology,Copiers,433.48,1,0.0,134.91
US-02234,2015-07-31,2015-08-06,Consumer,South,Furniture,Bookcases,1610.4,5,0.15,-136.13
US-02287,2015-07-31,2015-08-04,Corporate,South,Technology,Copiers,838.6,1,0.0,108.85
US-02956,2015-07-31,2015-08-03,Consumer,South,Technology,Phones,371.33,1,0.15,78.06
US-02956,2015-07-31,2015-08-06,Home Office,West,Technology,Phones,317.85,1,0.1,84.25
US-02992,2015-07-31,2015-08-02,Corporate,Central,Office Supplies,Paper,103.92,1,0.0,23.96
US-04325,2015-07-31,2015-08-01,Consumer,West,Furniture,Tables,3278.74,5,0.1,17.92
US-02480,2015-08-01,2015-08-03,Corporate,Central,Technology,Machines,328.45,1,0.1,26.51
US-04693,2015-08-01,2015-08-01,Home Office,East,Office Supplies,Supplies,37.95,4,0.0,12.75
US-04693,2015-08-01,2015-08-03,Home Office,West,Office Supplies,Storage,359.28,1,0.0,61.67
US-04693,2015-08-01,2015-08-07,Corporate,East,Technology,Accessories,246.48,1,0.0,39.7
US-04341,2015-08-02,2015-08-04,Home Office,South,Office Supplies,Art,30.49,2,0.0,7.28
US-04341,2015-08-02,2015-08-02,Home Office,South,Office Supplies,Binders,155.83,2,0.0,46.79
US-01328,2015-08-03,2015-08-03,Corporate,East,Office Supplies,Paper,565.05,3,0.0,75.04
US-01328,2015-08-03,2015-08-09,Corporate,East,Office Supplies,Envelopes,74.41,3,0.0,11.8
US-01399,2015-08-03,2015-08-09,Corporate,South,Furniture,Furnishings,329.93,1,0.0,38.03
US-01399,2015-08-03,2015-08-06,Home Office,Central,Furniture,Tables,2589.5,2,0.0,594.61
US-03632,2015-08-03,2015-08-04,Corporate,West,Office Supplies,Appliances,138.84,1,0.0,22.89
US-03632,2015-08-03,2015-08-09,Home Office,South,Furniture,Tables,1400.51,1,0.15,221.97
US-03880,2015-08-03,2015-08-04,Corporate,East,Technology,Phones,172.1,1,0.1,31.34
US-03880,2015-08-03,2015-08-03,Corporate,South,Furniture,Furnishings,1196.91,5,0.0,387.66
US-00158,2015-08-04,2015-08-10,Home Office,South,Furniture,Chairs,2573.38,4,0.15,-198.06
US-02016,2015-08-04,2015-08-04,Corporate,Central,Technology,Copiers,648.04,1,0.0,112.35
US-03001,2015-08-04,2015-08-09,Home Office,East,Furniture,Bookcases,367.78,1,0.0,30.03
US-03217,2015-08-04,2015-08-08,Consumer,West,Office Supplies,Envelopes,244.49,5,0.0,79.36
US-03217,2015-08-04,2015-08-04,Consumer,South,Furniture,Tables,2395.93,3,0.0,681.75
US-00996,2015-08-05,2015-08-10,Corporate,South,Furniture,Tables,1936.47,5,0.1,486.79
US-00996,2015-08-05,2015-08-06,Home Office,South,Office Supplies,Fasteners,6.19,1,0.0,1.27
US-01723,2015-08-05,2015-08-08,Consumer,South,Technology,Copiers,2629.28,2,0.15,322.96
US-01723,2015-08-05,2015-08-07,Home Office,East,Office Supplies,Fasteners,19.42,1,0.0,4.32
US-01723,2015-08-05,2015-08-07,Home Office,East,Furniture,Chairs,1936.43,3,0.0,369.17
US-01991,2015-08-05,2015-08-08,Consumer,East,Office Supplies,Art,159.15,1,0.0,35.97
US-03482,2015-08-05,2015-08-05,Corporate,West,Technology,Machines,2222.84,2,0.0,437.09
US-03482,2015-08-05,2015-08-05,Home Office,East,Office Supplies,Appliances,31.61,1,0.0,3.48
US-04265,2015-08-05,2015-08-07,Consumer,Central,Office Supplies,Storage,219.42,1,0.0,63.39
US-04265,2015-08-05,2015-08-11,Home Office,West,Office Supplies,Labels,153.11,5,0.0,30.59
US-00406,2015-08-06,2015-08-11,Home Office,West,Furniture,Bookcases,159.48,1,0.2,2.88
US-00406,2015-08-06,2015-08-08,Corporate,Central,Furniture,Bookcases,1390.01,2,0.0,171.34
US-00897,2015-08-06,2015-08-08,Home Office,Central,Technology,Phones,551.35,3,0.0,109.68
US-00897,2015-08-06,2015-08-11,Home Office,East,Technology,Machines,4352.51,4,0.0,882.09
US-03226,2015-08-06,2015-08-11,Home Office,South,Furniture,Tables,1547.43,2,0.0,168.75
US-00283,2015-08-07,2015-08-10,Corporate,South,Office Supplies,Supplies,22.86,1,0.0,1.9
US-00283,2015-08-07,2015-08-09,Consumer,Central,Technology,Phones,66.49,1,0.0,7.03
US-00834,2015-08-07,2015-08-12,Corporate,West,Technology,Copiers,1692.19,4,0.0,271.84
US-00834,2015-08-07,2015-08-09,Home Office,South,Furniture,Bookcases,480.72,1,0.0,144.61
US-00517,2015-08-08,2015-08-12,Corporate,South,Furniture,Chairs,596.06,5,0.0,59.8
US-02340,2015-08-08,2015-08-14,Corporate,Central,Furniture,Chairs,781.67,2,0.3,-99.34
US-02340,2015-08-08,2015-08-10,Home Office,Central,Technology,Copiers,1268.85,2,0.0,440.59
US-02484,2015-08-08,2015-08-11,Consumer,West,Technology,Machines,2893.37,2,0.0,233.74
US-02484,2015-08-08,2015-08-12,Home Office,Central,Furniture,Tables,762.87,2,0.0,104.04
US-02596,2015-08-08,2015-08-13,Corporate,Central,Office Supplies,Storage,1230.82,4,0.0,318.76
US-01177,2015-08-09,2015-08-10,Corporate,East,Technology,Machines,413.51,2,0.0,103.15
US-01620,2015-08-09,2015-08-09,Corporate,South,Office Supplies,Labels,55.71,2,0.0,18.07
US-04351,2015-08-09,2015-08-13,Home Office,East,Furniture,Tables,2732.25,2,0.1,633.9
US-01891,2015-08-10,2015-08-16,Corporate,South,Office Supplies,Fasteners,10.87,1,0.0,1.72
US-01891,2015-08-10,2015-08-16,Home Office,West,Furniture,Chairs,781.19,2,0.0,174.38
US-02605,2015-08-10,2015-08-15,Consumer,South,Technology,Machines,331.35,1,0.0,59.46
US-02605,2015-08-10,2015-08-10,Corporate,East,Furniture,Tables,3969.56,3,0.0,1321.16
US-04233,2015-08-10,2015-08-11,Consumer,West,Furniture,Tables,4477.28,3,0.0,1545.93
US-01136,2015-08-11,2015-08-13,Home Office,South,Office Supplies,Envelopes,33.87,1,0.0,4.51
US-03688,2015-08-11,2015-08-13,Home Office,South,Technology,Machines,2272.66,2,0.0,194.66
US-03754,2015-08-11,2015-08-15,Corporate,East,Technology,Accessories,993.16,3,0.0,142.48
US-04993,2015-08-11,2015-08-13,Home Office,West,Technology,Copiers,876.01,1,0.0,151.46
US-03708,2015-08-12,2015-08-14,Home Office,West,Office Supplies,Storage,193.97,2,0.0,46.39
US-03708,2015-08-12,2015-08-15,Home Office,West,Office Supplies,Supplies,65.12,1,0.0,13.63
US-03725,2015-08-12,2015-08-13,Home Office,East,Office Supplies,Paper,379.43,3,0.0,89.39
US-03725,2015-08-12,2015-08-13,Corporate,West,Office Supplies,Labels,7.45,2,0.5,-2.34
US-03725,2015-08-12,2015-08-12,Consumer,East,Office Supplies,Appliances,849.91,2,0.4,-198.37
US-00068,2015-08-13,2015-08-13,Consumer,East,Office Supplies,Labels,15.76,2,0.2,-0.36
US-00824,2015-08-13,2015-08-17,Corporate,East,Office Supplies,Appliances,415.92,1,0.5,-178.17
US-00997,2015-08-13,2015-08-14,Home Office,East,Technology,Accessories,324.1,1,0.0,95.58
US-00997,2015-08-13,2015-08-18,Consumer,East,Office Supplies,Binders,176.95,2,0.1,32.4
US-00997,2015-08-13,2015-08-17,Home Office,East,Technology,Accessories,343.99,2,0.0,74.24
US-03832,2015-08-13,2015-08-17,Home Office,West,Furniture,Tables,1786.13,2,0.0,490.1
US-00343,2015-08-14,2015-08-15,Consumer,West,Office Supplies,Binders,11.82,1,0.15,0.89
US-02451,2015-08-14,2015-08-18,Consumer,East,Office Supplies,Art,151.31,3,0.0,46.43
US-02451,2015-08-14,2015-08-19,Home Office,Central,Furniture,Chairs,2863.99,4,0.0,951.82
US-02451,2015-08-14,2015-08-18,Home Office,West,Furniture,Chairs,243.93,1,0.0,38.05
US-00152,2015-08-15,2015-08-17,Home Office,South,Technology,Phones,517.27,1,0.0,146.15
US-01522,2015-08-15,2015-08-15,Corporate,South,Furniture,Chairs,1443.76,2,0.0,319.27
US-01693,2015-08-16,2015-08-16,Corporate,Central,Technology,Accessories,986.63,3,0.0,190.61
US-01693,2015-08-16,2015-08-18,Home Office,South,Technology,Phones,1533.5,4,0.0,386.57
US-02275,2015-08-16,2015-08-16,Corporate,East,Furniture,Chairs,117.75,1,0.0,25.46
US-02275,2015-08-16,2015-08-22,Consumer,West,Furniture,Tables,506.3,1,0.3,-8.52
US-02631,2015-08-16,2015-08-22,Home Office,South,Technology,Phones,888.66,2,0.0,228.02
US-02631,2015-08-16,2015-08-19,Corporate,West,Office Supplies,Appliances,2715.15,4,0.0,164.27
US-02631,2015-08-16,2015-08-17,Corporate,Central,Technology,Machines,366.15,2,0.4,-36.9
US-04323,2015-08-16,2015-08-20,Home Office,Central,Office Supplies,Binders,40.66,1,0.15,3.34
US-04323,2015-08-16,2015-08-21,Home Office,East,Furniture,Tables,234.31,1,0.0,22.48
US-00451,2015-08-17,2015-08-23,Consumer,Central,Technology,Copiers,748.86,1,0.0,43.73
US-00800,2015-08-18,2015-08-18,Home Office,Central,Technology,Copiers,9859.62,5,0.2,-549.72
US-01931,2015-08-18,2015-08-20,Home Office,South,Office Supplies,Storage,364.93,1,0.2,23.56
US-01931,2015-08-18,2015-08-20,Home Office,West,Furniture,Tables,5366.31,4,0.0,422.42
US-02211,2015-08-18,2015-08-23,Consumer,South,Furniture,Bookcases,1738.11,3,0.2,213.99
US-02211,2015-08-18,2015-08-24,Home Office,South,Office Supplies,Fasteners,11.18,1,0.15,0.75
US-04762,2015-08-18,2015-08-20,Consumer,East,Office Supplies,Storage,229.62,1,0.0,16.32
US-04762,2015-08-18,2015-08-18,Consumer,West,Furniture,Tables,900.26,1,0.1,108.29
US-04077,2015-08-19,2015-08-20,Consumer,East,Furniture,Chairs,362.7,2,0.2,2.9
US-04077,2015-08-19,2015-08-22,Consumer,East,Furniture,Chairs,2351.24,3,0.1,-23.85
US-04077,2015-08-19,2015-08-25,Corporate,South,Technology,Machines,1466.02,1,0.0,430.97
US-03397,2015-08-20,2015-08-24,Corporate,South,Office Supplies,Appliances,483.43,1,0.2,23.82
US-04653,2015-08-20,2015-08-24,Consumer,East,Technology,Accessories,78.09,1,0.0,5.58
US-00049,2015-08-21,2015-08-25,Corporate,South,Furniture,Furnishings,490.52,1,0.0,80.97
US-00049,2015-08-21,2015-08-21,Consumer,Central,Office Supplies,Binders,313.62,4,0.0,89.79
US-00049,2015-08-21,2015-08-24,Home Office,South,Technology,Machines,2636.2,2,0.0,394.72
US-01464,2015-08-21,2015-08-21,Corporate,Central,Technology,Copiers,744.25,1,0.0,50.59
US-04549,2015-08-21,2015-08-26,Home Office,East,Office Supplies,Fasteners,13.86,3,0.5,-5.03
US-00939,2015-08-22,2015-08-22,Home Office,East,Technology,Accessories,488.27,2,0.0,96.36
US-00939,2015-08-22,2015-08-22,Home Office,West,Technology,Machines,1148.11,2,0.0,218.36
US-01982,2015-08-22,2015-08-28,Home Office,East,Technology,Accessories,848.75,3,0.1,67.18
US-03858,2015-08-22,2015-08-27,Corporate,East,Technology,Accessories,655.81,2,0.1,68.16
US-00282,2015-08-23,2015-08-28,Home Office,Central,Furniture,Bookcases,787.66,4,0.0,98.43
US-00282,2015-08-23,2015-08-28,Consumer,Central,Furniture,Tables,605.95,2,0.0,175.72
US-04658,2015-08-23,2015-08-24,Corporate,Central,Technology,Accessories,1915.16,5,0.0,179.47
US-00544,2015-08-24,2015-08-25,Consumer,South,Office Supplies,Storage,568.28,2,0.5,-160.67
US-00544,2015-08-24,2015-08-25,Consumer,West,Office Supplies,Appliances,166.7,1,0.2,25.49
US-00544,2015-08-24,2015-08-24,Consumer,South,Furniture,Furnishings,55.69,1,0.0,17.88
US-03298,2015-08-24,2015-08-28,Consumer,East,Office Supplies,Art,10.75,1,0.0,1.31
US-03697,2015-08-24,2015-08-28,Consumer,Central,Office Supplies,Appliances,62.48,1,0.5,-16.42
US-01591,2015-08-25,2015-08-29,Corporate,East,Office Supplies,Binders,133.59,2,0.15,33.22
US-02582,2015-08-25,2015-08-30,Corporate,West,Office Supplies,Paper,263.47,2,0.0,38.95
US-03224,2015-08-25,2015-08-31,Corporate,West,Furniture,Chairs,1433.51,2,0.0,344.14
US-03224,2015-08-25,2015-08-26,Home Office,South,Furniture,Furnishings,283.59,1,0.0,21.65
US-03224,2015-08-25,2015-08-27,Home Office,East,Technology,Phones,551.12,2,0.0,135.44
US-03602,2015-08-25,2015-08-28,Corporate,East,Furniture,Chairs,1063.29,5,0.0,143.19
US-00666,2015-08-26,2015-08-28,Corporate,West,Office Supplies,Binders,32.63,1,0.0,2.67
US-01598,2015-08-26,2015-08-30,Home Office,East,Technology,Phones,485.53,1,0.0,53.64
US-01598,2015-08-26,2015-08-30,Consumer,Central,Furniture,Chairs,214.43,1,0.4,-7.61
US-04524,2015-08-26,2015-08-27,Home Office,East,Furniture,Tables,6768.66,5,0.2,1049.79
US-00290,2015-08-27,2015-09-02,Consumer,East,Furniture,Tables,906.71,1,0.0,281.35
US-01217,2015-08-27,2015-08-30,Home Office,South,Furniture,Furnishings,599.53,2,0.0,187.68
US-02532,2015-08-27,2015-08-31,Home Office,South,Furniture,Bookcases,608.8,2,0.3,-35.97
US-03265,2015-08-27,2015-08-28,Consumer,East,Office Supplies,Storage,199.73,1,0.1,19.72
US-03711,2015-08-27,2015-09-02,Corporate,South,Furniture,Tables,2613.46,2,0.0,195.81
US-03711,2015-08-27,2015-08-31,Home Office,West,Furniture,Chairs,1568.42,2,0.0,494.0
US-00117,2015-08-28,2015-08-31,Consumer,East,Furniture,Chairs,827.71,2,0.5,-276.12
US-02775,2015-08-28,2015-08-28,Consumer,East,Office Supplies,Fasteners,15.4,1,0.3,1.13
US-02775,2015-08-28,2015-08-29,Corporate,South,Technology,Accessories,654.19,3,0.0,212.03
US-01492,2015-08-29,2015-09-01,Consumer,West,Office Supplies,Labels,110.88,3,0.5,-24.27
US-02014,2015-08-29,2015-09-01,Corporate,West,Furniture,Tables,633.88,1,0.0,65.96
US-02014,2015-08-29,2015-08-29,Corporate,East,Technology,Accessories,667.23,5,0.2,-112.42
US-02945,2015-08-29,2015-09-02,Consumer,Central,Furniture,Bookcases,437.42,1,0.1,85.21
US-02945,2015-08-29,2015-09-03,Home Office,Central,Furniture,Furnishings,374.76,1,0.0,122.49
US-02945,2015-08-29,2015-09-01,Home Office,Central,Office Supplies,Labels,13.5,1,0.2,1.05
US-03195,2015-08-29,2015-09-04,Home Office,Central,Furniture,Tables,390.69,1,0.0,54.73
US-03702,2015-08-29,2015-08-29,Corporate,South,Furniture,Tables,1190.84,1,0.0,333.68
US-03954,2015-08-29,2015-08-31,Corporate,West,Furniture,Chairs,1328.49,2,0.2,177.82
US-03954,2015-08-29,2015-08-31,Home Office,West,Office Supplies,Storage,463.52,3,0.1,109.46
US-00040,2015-08-30,2015-08-31,Corporate,West,Technology,Copiers,1474.43,1,0.0,97.84
US-00040,2015-08-30,2015-09-05,Consumer,West,Office Supplies,Storage,476.29,2,0.0,50.16
US-00619,2015-08-30,2015-08-30,Home Office,East,Office Supplies,Labels,81.18,3,0.0,5.96
US-01753,2015-08-30,2015-09-02,Corporate,East,Office Supplies,Supplies,11.57,1,0.0,3.38
US-01805,2015-08-30,2015-08-30,Consumer,West,Technology,Machines,1414.69,1,0.0,469.5
US-01459,2015-08-31,2015-09-05,Consumer,East,Furniture,Tables,1954.4,2,0.15,128.67
US-01459,2015-08-31,2015-09-01,Consumer,South,Office Supplies,Appliances,660.11,1,0.2,-78.89
US-04560,2015-08-31,2015-09-04,Home Office,South,Office Supplies,Fasteners,13.17,1,0.0,0.78
US-01476,2015-09-01,2015-09-07,Consumer,West,Technology,Machines,2260.98,2,0.0,657.4
US-02669,2015-09-01,2015-09-03,Corporate,West,Technology,Copiers,6170.37,4,0.0,406.51
US-02669,2015-09-01,2015-09-05,Consumer,South,Technology,Machines,221.95,1,0.0,33.98
US-02669,2015-09-01,2015-09-04,Home Office,Central,Furniture,Bookcases,946.31,4,0.0,182.24
US-03683,2015-09-01,2015-09-03,Home Office,South,Technology,Machines,602.46,1,0.0,131.91
US-03683,2015-09-01,2015-09-02,Corporate,South,Furniture,Furnishings,479.62,1,0.0,150.29
US-04562,2015-09-01,2015-09-03,Corporate,Central,Technology,Phones,239.18,1,0.0,45.35
US-04562,2015-09-01,2015-09-07,Home Office,West,Office Supplies,Supplies,115.42,2,0.0,34.89
US-04697,2015-09-01,2015-09-05,Corporate,East,Office Supplies,Appliances,441.01,4,0.2,59.82
US-04697,2015-09-01,2015-09-06,Home Office,West,Office Supplies,Labels,15.36,1,0.0,1.79
US-02836,2015-09-02,2015-09-04,Consumer,South,Furniture,Chairs,718.38,1,0.0,37.67
US-02894,2015-09-02,2015-09-02,Home Office,South,Office Supplies,Art,563.01,3,0.0,108.14
US-03474,2015-09-02,2015-09-08,Home Office,West,Office Supplies,Art,632.42,3,0.0,165.62
US-03474,2015-09-02,2015-09-08,Consumer,Central,Office Supplies,Envelopes,47.66,1,0.2,-1.87
US-04288,2015-09-02,2015-09-03,Home Office,South,Office Supplies,Labels,31.79,1,0.1,-0.2
US-04288,2015-09-02,2015-09-03,Home Office,West,Furniture,Chairs,409.56,3,0.0,125.04
US-04293,2015-09-02,2015-09-07,Home Office,West,Office Supplies,Art,128.75,2,0.15,16.22
US-04868,2015-09-02,2015-09-02,Home Office,South,Technology,Copiers,4552.32,3,0.0,1267.4
US-04868,2015-09-02,2015-09-05,Consumer,South,Furniture,Tables,1218.9,5,0.0,296.96
US-04868,2015-09-02,2015-09-03,Consumer,South,Office Supplies,Appliances,563.11,1,0.0,127.35
US-04870,2015-09-02,2015-09-06,Home Office,East,Furniture,Tables,404.67,1,0.0,89.93
US-00413,2015-09-03,2015-09-07,Corporate,West,Office Supplies,Paper,341.64,4,0.2,-20.2
US-01194,2015-09-03,2015-09-05,Corporate,Central,Office Supplies,Appliances,509.37,1,0.1,29.4
US-02228,2015-09-03,2015-09-09,Home Office,East,Technology,Phones,2194.82,3,0.0,286.33
US-02550,2015-09-03,2015-09-06,Consumer,Central,Office Supplies,Binders,66.56,3,0.0,16.8
US-02550,2015-09-03,2015-09-09,Consumer,South,Office Supplies,Envelopes,39.37,1,0.0,13.68
US-02844,2015-09-03,2015-09-04,Consumer,South,Furniture,Tables,2779.36,3,0.15,595.52
US-02844,2015-09-03,2015-09-08,Consumer,Central,Technology,Accessories,828.12,3,0.2,78.79
US-04733,2015-09-03,2015-09-09,Consumer,West,Furniture,Chairs,1389.2,2,0.0,467.47
US-00208,2015-09-04,2015-09-09,Consumer,Central,Office Supplies,Storage,791.15,2,0.2,-56.34
US-00208,2015-09-04,2015-09-09,Home Office,East,Technology,Copiers,7277.75,4,0.2,273.18
US-00616,2015-09-04,2015-09-05,Corporate,West,Office Supplies,Storage,1701.84,5,0.0,199.46
US-00958,2015-09-04,2015-09-06,Corporate,West,Technology,Copiers,1163.06,2,0.1,34.97
US-01347,2015-09-04,2015-09-04,Consumer,West,Technology,Accessories,420.28,2,0.0,134.27
US-02461,2015-09-04,2015-09-06,Corporate,East,Furniture,Furnishings,363.07,4,0.3,-62.08
US-04365,2015-09-04,2015-09-10,Consumer,West,Office Supplies,Fasteners,17.89,4,0.0,6.07
US-00056,2015-09-05,2015-09-08,Home Office,Central,Office Supplies,Paper,96.8,1,0.5,1.81
US-00056,2015-09-05,2015-09-11,Home Office,Central,Furniture,Furnishings,122.12,4,0.0,6.4
US-00056,2015-09-05,2015-09-06,Home Office,South,Office Supplies,Appliances,2678.46,4,0.15,-107.59
US-00554,2015-09-05,2015-09-08,Home Office,Central,Furniture,Chairs,280.87,2,0.2,-14.32
US-01944,2015-09-05,2015-09-10,Consumer,East,Furniture,Tables,544.6,2,0.0,138.98
US-01944,2015-09-05,2015-09-10,Corporate,East,Office Supplies,Supplies,44.28,3,0.15,3.71
US-01944,2015-09-05,2015-09-11,Home Office,West,Technology,Machines,2484.24,5,0.0,597.88
US-02571,2015-09-06,2015-09-11,Consumer,South,Technology,Machines,1040.68,1,0.1,247.87
US-02571,2015-09-06,2015-09-12,Home Office,East,Furniture,Furnishings,285.37,1,0.0,94.07
US-03618,2015-09-06,2015-09-07,Consumer,West,Furniture,Tables,1492.86,2,0.5,-349.21
US-03618,2015-09-06,2015-09-07,Corporate,East,Office Supplies,Envelopes,26.1,1,0.0,3.22
US-04251,2015-09-06,2015-09-10,Consumer,West,Office Supplies,Binders,148.18,2,0.1,4.96
US-00389,2015-09-07,2015-09-09,Consumer,Central,Office Supplies,Storage,357.04,2,0.1,23.23
US-01516,2015-09-07,2015-09-08,Consumer,South,Furniture,Chairs,3327.28,5,0.0,1080.8
US-02194,2015-09-07,2015-09-12,Corporate,West,Furniture,Bookcases,180.08,1,0.5,-61.41
US-02194,2015-09-07,2015-09-10,Home Office,South,Office Supplies,Fasteners,20.14,2,0.2,4.49
US-02197,2015-09-07,2015-09-12,Home Office,South,Office Supplies,Envelopes,84.45,3,0.5,-2.2
US-03245,2015-09-07,2015-09-09,Corporate,South,Technology,Machines,1179.88,2,0.0,95.49
US-03245,2015-09-07,2015-09-09,Home Office,South,Office Supplies,Paper,150.21,3,0.0,14.6
US-03733,2015-09-07,2015-09-07,Corporate,East,Office Supplies,Fasteners,22.22,5,0.0,4.93
US-03733,2015-09-07,2015-09-09,Corporate,South,Technology,Copiers,1375.63,1,0.0,311.72
US-04292,2015-09-07,2015-09-13,Corporate,Central,Furniture,Tables,896.77,2,0.0,303.31
US-04292,2015-09-07,2015-09-08,Home Office,South,Technology,Machines,1999.59,3,0.2,262.88
US-01252,2015-09-08,2015-09-09,Home Office,East,Technology,Phones,1920.41,5,0.1,374.68
US-01546,2015-09-08,2015-09-14,Home Office,Central,Technology,Phones,786.54,1,0.0,210.18
US-01546,2015-09-08,2015-09-09,Home Office,East,Technology,Accessories,434.97,2,0.0,129.11
US-01983,2015-09-09,2015-09-11,Home Office,West,Furniture,Bookcases,1725.21,4,0.0,583.5
US-01983,2015-09-09,2015-09-13,Home Office,Central,Office Supplies,Envelopes,95.37,4,0.1,21.4
US-01983,2015-09-09,2015-09-13,Corporate,Central,Office Supplies,Binders,65.62,1,0.0,5.35
US-02975,2015-09-09,2015-09-10,Home Office,Central,Technology,Phones,924.48,2,0.15,166.38
US-02975,2015-09-09,2015-09-09,Home Office,South,Office Supplies,Supplies,33.31,1,0.0,7.26
US-03165,2015-09-09,2015-09-13,Home Office,South,Technology,Phones,217.87,1,0.3,-60.92
US-03165,2015-09-09,2015-09-10,Home Office,Central,Technology,Copiers,1444.56,1,0.0,428.01
US-03412,2015-09-09,2015-09-11,Home Office,South,Office Supplies,Labels,38.65,3,0.0,6.35
US-04393,2015-09-09,2015-09-12,Home Office,East,Office Supplies,Storage,251.39,1,0.1,31.03
US-03292,2015-09-10,2015-09-15,Corporate,South,Office Supplies,Art,127.79,1,0.0,14.05
US-03292,2015-09-10,2015-09-12,Corporate,West,Furniture,Tables,1354.28,5,0.0,199.99
US-04471,2015-09-10,2015-09-13,Consumer,South,Technology,Copiers,4992.93,4,0.0,1441.77
US-04625,2015-09-10,2015-09-15,Consumer,East,Technology,Accessories,287.14,1,0.0,58.29
US-00299,2015-09-11,2015-09-15,Consumer,Central,Technology,Copiers,956.25,4,0.1,42.1
US-03514,2015-09-11,2015-09-17,Home Office,East,Office Supplies,Storage,209.39,1,0.15,1.31
US-03514,2015-09-11,2015-09-12,Home Office,South,Furniture,Chairs,1578.16,3,0.0,82.15
US-03514,2015-09-11,2015-09-14,Home Office,East,Furniture,Chairs,717.12,1,0.0,38.97
US-02874,2015-09-12,2015-09-16,Home Office,South,Furniture,Furnishings,1502.27,4,0.0,441.27
US-02874,2015-09-12,2015-09-18,Home Office,West,Furniture,Bookcases,903.98,3,0.1,-43.39
US-03383,2015-09-12,2015-09-17,Corporate,East,Office Supplies,Fasteners,91.5,5,0.2,-5.5
US-00405,2015-09-13,2015-09-18,Corporate,South,Office Supplies,Binders,53.33,3,0.0,4.42
US-00405,2015-09-13,2015-09-15,Corporate,East,Furniture,Tables,858.69,1,0.0,293.04
US-01689,2015-09-14,2015-09-19,Home Office,South,Technology,Machines,156.5,1,0.0,33.22
US-01689,2015-09-14,2015-09-17,Consumer,East,Office Supplies,Labels,38.06,2,0.0,8.27
US-00446,2015-09-15,2015-09-15,Consumer,West,Office Supplies,Supplies,84.95,1,0.0,7.4
US-01438,2015-09-15,2015-09-18,Corporate,Central,Office Supplies,Labels,29.3,4,0.2,-2.07
US-03208,2015-09-15,2015-09-20,Corporate,Central,Technology,Machines,1143.31,1,0.0,245.22
US-03937,2015-09-15,2015-09-21,Consumer,South,Furniture,Furnishings,433.54,1,0.0,48.68
US-03937,2015-09-15,2015-09-16,Consumer,South,Office Supplies,Labels,7.59,1,0.0,1.46
US-04912,2015-09-15,2015-09-20,Corporate,East,Technology,Copiers,703.47,1,0.1,169.03
US-04912,2015-09-15,2015-09-17,Home Office,East,Office Supplies,Supplies,137.69,2,0.0,14.35
US-00994,2015-09-16,2015-09-17,Consumer,South,Office Supplies,Art,295.76,1,0.4,-47.07
US-01716,2015-09-16,2015-09-19,Home Office,South,Office Supplies,Storage,413.1,5,0.0,79.71
US-01716,2015-09-16,2015-09-20,Consumer,West,Office Supplies,Fasteners,50.76,2,0.0,14.16
US-03182,2015-09-16,2015-09-19,Home Office,South,Technology,Machines,607.39,1,0.0,103.79
US-02913,2015-09-17,2015-09-18,Consumer,West,Office Supplies,Storage,214.57,1,0.3,0.49
US-01267,2015-09-18,2015-09-22,Corporate,South,Office Supplies,Binders,395.28,4,0.0,117.62
US-01267,2015-09-18,2015-09-21,Consumer,Central,Technology,Copiers,3295.79,3,0.1,33.8
US-01858,2015-09-18,2015-09-20,Home Office,West,Furniture,Chairs,942.97,2,0.15,72.98
US-02159,2015-09-18,2015-09-19,Home Office,Central,Furniture,Chairs,315.71,4,0.1,45.33
US-02159,2015-09-18,2015-09-18,Corporate,East,Office Supplies,Supplies,202.88,3,0.15,4.81
US-03030,2015-09-18,2015-09-23,Home Office,East,Furniture,Tables,1329.83,3,0.0,342.54
US-03623,2015-09-18,2015-09-21,Corporate,South,Technology,Copiers,1461.67,1,0.0,355.03
US-03623,2015-09-18,2015-09-21,Corporate,South,Furniture,Furnishings,1142.19,5,0.0,320.08
US-02004,2015-09-19,2015-09-21,Corporate,East,Office Supplies,Fasteners,59.03,2,0.15,-2.08
US-02004,2015-09-19,2015-09-23,Corporate,East,Office Supplies,Paper,47.24,1,0.4,-8.68
US-04303,2015-09-19,2015-09-23,Corporate,Central,Office Supplies,Storage,320.57,2,0.0,112.05
US-04621,2015-09-19,2015-09-21,Home Office,West,Furniture,Bookcases,646.36,1,0.0,164.6
US-00744,2015-09-20,2015-09-23,Home Office,Central,Furniture,Furnishings,471.72,2,0.0,82.62
US-01245,2015-09-20,2015-09-21,Consumer,East,Technology,Accessories,306.23,1,0.15,69.34
US-01618,2015-09-20,2015-09-23,Consumer,South,Furniture,Tables,2593.37,3,0.0,488.77
US-02526,2015-09-20,2015-09-24,Home Office,Central,Office Supplies,Labels,32.34,2,0.15,0.2
US-02729,2015-09-20,2015-09-21,Consumer,South,Furniture,Tables,1038.32,1,0.0,241.62
US-02729,2015-09-20,2015-09-24,Consumer,Central,Office Supplies,Envelopes,40.14,2,0.0,12.19
US-02784,2015-09-20,2015-09-24,Corporate,West,Furniture,Chairs,932.21,2,0.15,141.61
US-02784,2015-09-20,2015-09-24,Consumer,South,Technology,Copiers,810.47,3,0.3,-50.92
US-02820,2015-09-20,2015-09-24,Consumer,East,Technology,Accessories,413.06,3,0.15,72.45
US-00599,2015-09-21,2015-09-25,Home Office,South,Furniture,Bookcases,964.65,2,0.0,150.16
US-01656,2015-09-21,2015-09-26,Corporate,East,Office Supplies,Binders,137.72,2,0.0,29.26
US-02708,2015-09-21,2015-09-25,Consumer,Central,Furniture,Tables,2266.1,2,0.15,-40.46
US-04936,2015-09-21,2015-09-26,Corporate,Central,Technology,Copiers,1801.57,1,0.1,421.04
US-04936,2015-09-21,2015-09-27,Home Office,Central,Technology,Copiers,1791.53,1,0.1,-76.73
US-04952,2015-09-21,2015-09-27,Home Office,South,Technology,Phones,364.96,1,0.0,70.22
US-01151,2015-09-22,2015-09-27,Corporate,West,Office Supplies,Art,623.51,5,0.0,172.02
US-01151,2015-09-22,2015-09-28,Corporate,South,Office Supplies,Fasteners,19.96,2,0.0,3.45
US-01892,2015-09-22,2015-09-23,Consumer,West,Furniture,Chairs,987.84,5,0.0,343.28
US-02706,2015-09-22,2015-09-25,Consumer,Central,Technology,Phones,3174.55,4,0.0,700.88
US-02706,2015-09-22,2015-09-27,Corporate,East,Technology,Copiers,1543.03,2,0.0,347.0
US-02706,2015-09-22,2015-09-27,Consumer,Central,Furniture,Tables,629.94,2,0.0,73.93
US-02738,2015-09-22,2015-09-22,Home Office,West,Office Supplies,Art,991.17,4,0.0,251.15
US-02738,2015-09-22,2015-09-28,Corporate,South,Furniture,Tables,2619.75,5,0.2,365.06
US-02860,2015-09-22,2015-09-27,Corporate,Central,Technology,Copiers,907.55,1,0.2,-101.05
US-03735,2015-09-22,2015-09-26,Corporate,Central,Furniture,Chairs,1134.61,2,0.2,19.69
US-03735,2015-09-22,2015-09-28,Corporate,Central,Technology,Phones,807.7,2,0.0,78.25
US-03735,2015-09-22,2015-09-28,Consumer,Central,Furniture,Furnishings,47.99,2,0.4,-15.21
US-03104,2015-09-23,2015-09-25,Corporate,West,Furniture,Chairs,568.63,1,0.0,80.64
US-03744,2015-09-23,2015-09-26,Consumer,South,Furniture,Tables,606.7,2,0.2,-83.13
US-04508,2015-09-23,2015-09-27,Consumer,South,Office Supplies,Supplies,33.98,1,0.1,8.41
US-04508,2015-09-23,2015-09-25,Home Office,East,Technology,Phones,822.78,1,0.0,234.17
US-00178,2015-09-24,2015-09-30,Consumer,East,Furniture,Bookcases,580.71,1,0.15,77.47
US-01051,2015-09-24,2015-09-27,Consumer,West,Office Supplies,Envelopes,22.98,1,0.15,0.23
US-01934,2015-09-24,2015-09-29,Corporate,South,Furniture,Chairs,1416.67,2,0.1,293.13
US-01934,2015-09-24,2015-09-24,Corporate,South,Technology,Phones,367.58,2,0.0,93.79
US-03110,2015-09-24,2015-09-30,Consumer,West,Technology,Copiers,1525.12,4,0.0,136.09
US-03110,2015-09-24,2015-09-30,Corporate,South,Office Supplies,Envelopes,24.06,2,0.0,6.85
US-03709,2015-09-24,2015-09-28,Home Office,Central,Technology,Machines,308.61,2,0.2,-34.43
US-03709,2015-09-24,2015-09-28,Consumer,East,Office Supplies,Storage,689.71,2,0.15,90.87
US-03774,2015-09-24,2015-09-26,Corporate,East,Office Supplies,Labels,16.88,1,0.0,4.81
US-03774,2015-09-24,2015-09-25,Consumer,South,Furniture,Chairs,1875.34,3,0.0,106.49
US-03774,2015-09-24,2015-09-28,Consumer,East,Technology,Copiers,9806.13,5,0.0,2786.53
US-04129,2015-09-24,2015-09-28,Consumer,East,Office Supplies,Labels,84.56,4,0.0,14.99
US-02254,2015-09-25,2015-09-27,Consumer,South,Office Supplies,Fasteners,23.09,1,0.0,7.87
US-02983,2015-09-25,2015-10-01,Home Office,South,Technology,Machines,3334.76,3,0.0,792.45
US-03112,2015-09-25,2015-09-29,Home Office,East,Furniture,Chairs,441.08,1,0.0,70.27
US-04905,2015-09-25,2015-09-30,Consumer,South,Office Supplies,Supplies,65.49,5,0.0,12.89
US-00713,2015-09-26,2015-09-28,Corporate,South,Office Supplies,Binders,85.24,2,0.1,4.1
US-00713,2015-09-26,2015-09-29,Consumer,South,Technology,Copiers,362.3,1,0.1,82.42
US-00713,2015-09-26,2015-10-02,Corporate,South,Technology,Accessories,1130.1,4,0.1,225.98
US-02840,2015-09-26,2015-09-29,Consumer,West,Office Supplies,Supplies,339.31,5,0.0,30.43
US-03183,2015-09-26,2015-09-26,Home Office,Central,Office Supplies,Supplies,163.8,2,0.0,33.04
US-04189,2015-09-26,2015-09-27,Corporate,South,Technology,Copiers,3430.05,2,0.3,-265.92
US-04466,2015-09-26,2015-09-29,Corporate,Central,Technology,Machines,667.99,1,0.0,202.28
US-04732,2015-09-26,2015-09-27,Consumer,East,Office Supplies,Paper,193.67,1,0.0,30.49
US-04979,2015-09-26,2015-09-28,Corporate,Central,Furniture,Tables,503.36,1,0.5,-100.11
US-01527,2015-09-27,2015-09-29,Consumer,East,Office Supplies,Supplies,275.2,5,0.0,71.47
US-01593,2015-09-27,2015-10-03,Corporate,Central,Technology,Copiers,2397.71,5,0.0,618.46
US-02942,2015-09-27,2015-10-01,Consumer,East,Technology,Accessories,583.94,4,0.0,61.57
US-00472,2015-09-29,2015-09-30,Consumer,South,Technology,Accessories,178.46,1,0.15,29.85
US-01719,2015-09-29,2015-10-01,Corporate,Central,Office Supplies,Fasteners,68.95,5,0.0,3.69
US-02549,2015-09-29,2015-10-04,Consumer,West,Office Supplies,Envelopes,30.06,4,0.2,5.65
US-03273,2015-09-29,2015-09-29,Consumer,South,Furniture,Furnishings,320.78,1,0.0,66.9
US-03641,2015-09-29,2015-10-02,Home Office,South,Furniture,Bookcases,590.07,1,0.2,-93.16
US-03641,2015-09-29,2015-10-05,Consumer,East,Technology,Copiers,1250.65,1,0.0,105.5
US-03641,2015-09-29,2015-10-04,Consumer,West,Furniture,Tables,1193.24,1,0.0,181.26
US-01369,2015-09-30,2015-10-01,Consumer,Central,Furniture,Furnishings,2463.31,5,0.0,805.34
US-02742,2015-09-30,2015-09-30,Home Office,South,Furniture,Furnishings,121.76,1,0.0,28.13
US-02742,2015-09-30,2015-10-04,Consumer,South,Office Supplies,Supplies,66.59,1,0.1,15.39
US-03034,2015-09-30,2015-10-01,Home Office,South,Technology,Phones,547.15,5,0.0,183.45
US-03333,2015-09-30,2015-10-01,Corporate,South,Technology,Phones,2147.13,3,0.0,270.94
US-03333,2015-09-30,2015-10-02,Home Office,South,Office Supplies,Labels,35.5,1,0.0,5.38
US-04739,2015-09-30,2015-10-02,Home Office,East,Furniture,Furnishings,771.38,2,0.3,-94.36
US-02190,2015-10-01,2015-10-01,Home Office,East,Office Supplies,Paper,20.74,1,0.0,2.57
US-02387,2015-10-01,2015-10-01,Consumer,East,Furniture,Furnishings,164.92,2,0.0,52.37
US-03738,2015-10-01,2015-10-01,Home Office,East,Technology,Accessories,119.68,1,0.0,32.81
US-04004,2015-10-01,2015-10-02,Consumer,South,Technology,Machines,2787.82,2,0.0,296.76
US-04004,2015-10-01,2015-10-07,Home Office,East,Office Supplies,Fasteners,23.04,3,0.0,5.92
US-01898,2015-10-02,2015-10-03,Corporate,West,Technology,Copiers,1135.89,2,0.0,121.91
US-01898,2015-10-02,2015-10-07,Home Office,East,Office Supplies,Supplies,55.67,1,0.1,15.67
US-03438,2015-10-02,2015-10-04,Corporate,Central,Furniture,Furnishings,1144.01,3,0.3,8.92
US-03438,2015-10-02,2015-10-04,Home Office,Central,Technology,Accessories,176.06,1,0.0,57.06
US-03898,2015-10-02,2015-10-05,Corporate,Central,Office Supplies,Paper,110.34,1,0.5,-35.15
US-03907,2015-10-02,2015-10-05,Consumer,Central,Office Supplies,Art,126.34,1,0.0,40.59
US-04369,2015-10-03,2015-10-05,Home Office,West,Office Supplies,Supplies,144.3,2,0.0,38.18
US-04369,2015-10-03,2015-10-04,Corporate,Central,Office Supplies,Labels,33.42,1,0.0,7.6
US-04369,2015-10-03,2015-10-08,Corporate,Central,Office Supplies,Supplies,55.58,3,0.0,15.09
US-04467,2015-10-03,2015-10-09,Home Office,Central,Furniture,Furnishings,29.07,1,0.0,9.68
US-03175,2015-10-04,2015-10-08,Corporate,West,Office Supplies,Art,456.93,2,0.0,32.43
US-03977,2015-10-04,2015-10-09,Consumer,West,Furniture,Bookcases,1242.48,3,0.0,84.86
US-03977,2015-10-04,2015-10-08,Corporate,Central,Technology,Phones,248.33,1,0.0,84.25
US-04765,2015-10-04,2015-10-09,Consumer,Central,Office Supplies,Storage,367.38,1,0.4,13.97
US-04765,2015-10-04,2015-10-07,Corporate,South,Furniture,Bookcases,668.51,2,0.0,75.4
US-00607,2015-10-05,2015-10-05,Consumer,East,Office Supplies,Storage,534.11,4,0.1,69.18
US-00675,2015-10-06,2015-10-08,Consumer,West,Technology,Machines,1077.18,2,0.0,108.58
US-00675,2015-10-06,2015-10-06,Consumer,Central,Office Supplies,Art,50.89,1,0.2,8.79
US-04194,2015-10-06,2015-10-11,Corporate,Central,Furniture,Chairs,575.03,3,0.4,-77.2
US-02438,2015-10-07,2015-10-07,Corporate,Central,Technology,Accessories,150.98,3,0.0,51.96
US-02834,2015-10-07,2015-10-07,Consumer,West,Furniture,Chairs,1889.82,4,0.0,346.56
US-03583,2015-10-07,2015-10-07,Consumer,East,Office Supplies,Storage,286.67,1,0.1,-8.34
US-00626,2015-10-08,2015-10-09,Consumer,Central,Office Supplies,Binders,90.49,1,0.0,17.41
US-01800,2015-10-08,2015-10-10,Consumer,Central,Technology,Phones,1920.61,3,0.2,-53.1
US-01800,2015-10-08,2015-10-12,Consumer,East,Furniture,Bookcases,680.52,1,0.0,49.3
US-03052,2015-10-08,2015-10-12,Home Office,East,Furniture,Furnishings,300.61,4,0.2,3.14
US-03078,2015-10-08,2015-10-14,Consumer,West,Furniture,Tables,1144.82,2,0.1,131.39
US-03078,2015-10-08,2015-10-11,Corporate,South,Office Supplies,Storage,104.64,5,0.0,26.59
US-03748,2015-10-08,2015-10-08,Consumer,Central,Office Supplies,Appliances,677.37,1,0.1,93.88
US-04419,2015-10-09,2015-10-14,Consumer,South,Furniture,Bookcases,753.59,2,0.1,86.23
US-00393,2015-10-10,2015-10-12,Corporate,Central,Office Supplies,Fasteners,9.37,2,0.2,-1.11
US-02746,2015-10-10,2015-10-15,Home Office,Central,Furniture,Bookcases,591.64,3,0.0,86.04
US-03011,2015-10-10,2015-10-16,Home Office,Central,Furniture,Chairs,743.43,1,0.15,117.98
US-03126,2015-10-10,2015-10-14,Consumer,East,Technology,Machines,540.68,1,0.0,182.46
US-00597,2015-10-11,2015-10-11,Consumer,South,Technology,Phones,784.66,1,0.4,-136.43
US-00597,2015-10-11,2015-10-16,Home Office,South,Office Supplies,Binders,131.39,2,0.0,35.96
US-00704,2015-10-11,2015-10-11,Home Office,Central,Office Supplies,Binders,270.26,5,0.0,81.43
US-00704,2015-10-11,2015-10-12,Home Office,Central,Technology,Copiers,702.29,2,0.0,76.97
US-00782,2015-10-11,2015-10-13,Home Office,West,Office Supplies,Art,195.44,1,0.0,20.69
US-00782,2015-10-11,2015-10-11,Corporate,Central,Office Supplies,Storage,1304.96,4,0.15,298.71
US-00782,2015-10-11,2015-10-11,Home Office,Central,Technology,Machines,2343.28,2,0.0,606.19
US-02092,2015-10-11,2015-10-15,Corporate,East,Furniture,Chairs,1185.36,2,0.0,97.13
US-04148,2015-10-11,2015-10-11,Home Office,Central,Technology,Accessories,577.12,2,0.4,-76.63
US-04148,2015-10-11,2015-10-12,Home Office,Central,Office Supplies,Paper,118.39,5,0.0,10.24
US-01674,2015-10-12,2015-10-12,Consumer,West,Technology,Accessories,962.83,3,0.1,173.9
US-02357,2015-10-12,2015-10-18,Corporate,South,Furniture,Tables,809.46,1,0.0,165.98
US-02357,2015-10-12,2015-10-18,Consumer,South,Technology,Accessories,495.01,2,0.0,68.18
US-02805,2015-10-12,2015-10-16,Corporate,East,Furniture,Tables,3914.26,3,0.0,517.97
US-04187,2015-10-13,2015-10-17,Consumer,West,Furniture,Furnishings,139.62,1,0.0,16.21
US-04187,2015-10-13,2015-10-18,Home Office,South,Furniture,Bookcases,348.69,1,0.0,81.85
US-01259,2015-10-14,2015-10-14,Home Office,Central,Technology,Machines,595.13,1,0.0,173.45
US-01259,2015-10-14,2015-10-17,Home Office,West,Technology,Machines,242.36,1,0.15,3.67
US-02103,2015-10-14,2015-10-17,Consumer,South,Office Supplies,Envelopes,36.29,3,0.15,3.93
US-02103,2015-10-14,2015-10-14,Consumer,Central,Office Supplies,Binders,16.37,1,0.0,3.22
US-04806,2015-10-14,2015-10-15,Corporate,West,Technology,Copiers,454.52,1,0.0,39.18
US-04806,2015-10-14,2015-10-20,Corporate,South,Office Supplies,Supplies,39.26,2,0.0,11.39
US-00313,2015-10-15,2015-10-21,Corporate,Central,Office Supplies,Paper,470.85,5,0.3,57.67
US-02311,2015-10-15,2015-10-19,Corporate,South,Furniture,Tables,727.89,2,0.2,-0.18
US-02703,2015-10-15,2015-10-19,Corporate,East,Office Supplies,Storage,55.25,1,0.0,9.47
US-03499,2015-10-15,2015-10-15,Consumer,South,Office Supplies,Art,93.71,1,0.0,8.67
US-00185,2015-10-16,2015-10-17,Corporate,West,Furniture,Bookcases,1162.73,2,0.0,261.84
US-00657,2015-10-16,2015-10-17,Consumer,West,Office Supplies,Supplies,75.86,2,0.4,-1.98
US-00657,2015-10-16,2015-10-17,Consumer,Central,Office Supplies,Supplies,75.48,1,0.0,22.26
US-00741,2015-10-16,2015-10-19,Corporate,South,Office Supplies,Supplies,20.5,1,0.0,2.9
US-00096,2015-10-17,2015-10-23,Home Office,Central,Office Supplies,Art,1073.94,4,0.15,200.01
US-00096,2015-10-17,2015-10-20,Consumer,East,Furniture,Chairs,646.13,1,0.0,102.26
US-00420,2015-10-17,2015-10-18,Corporate,East,Furniture,Chairs,2274.9,4,0.15,-20.3
US-00420,2015-10-17,2015-10-17,Home Office,East,Furniture,Tables,226.96,1,0.0,53.02
US-01765,2015-10-17,2015-10-18,Consumer,West,Furniture,Chairs,347.55,1,0.0,101.99
US-01765,2015-10-17,2015-10-17,Corporate,South,Office Supplies,Labels,13.49,1,0.0,3.48
US-02051,2015-10-17,2015-10-18,Home Office,West,Furniture,Tables,3201.23,3,0.0,703.46
US-02051,2015-10-17,2015-10-19,Home Office,East,Office Supplies,Fasteners,27.06,4,0.2,3.48
US-04389,2015-10-17,2015-10-22,Home Office,East,Office Supplies,Appliances,1240.83,4,0.0,79.5
US-01232,2015-10-18,2015-10-21,Consumer,East,Office Supplies,Labels,100.75,3,0.0,32.02
US-02352,2015-10-18,2015-10-20,Home Office,West,Office Supplies,Storage,910.57,3,0.0,233.63
US-02539,2015-10-18,2015-10-21,Consumer,South,Furniture,Bookcases,204.18,1,0.2,45.98
US-03989,2015-10-18,2015-10-22,Home Office,West,Technology,Copiers,3575.31,3,0.0,794.06
US-04151,2015-10-18,2015-10-22,Home Office,East,Office Supplies,Supplies,51.84,2,0.0,4.85
US-04151,2015-10-18,2015-10-23,Home Office,Central,Technology,Accessories,172.3,1,0.0,19.28
US-03102,2015-10-19,2015-10-24,Home Office,East,Furniture,Bookcases,1082.62,2,0.0,186.77
US-04620,2015-10-19,2015-10-21,Consumer,South,Furniture,Tables,2275.41,2,0.2,-134.63
US-04976,2015-10-19,2015-10-25,Corporate,East,Furniture,Chairs,1712.96,3,0.4,-232.28
US-02045,2015-10-20,2015-10-22,Home Office,West,Technology,Machines,286.01,1,0.0,87.67
US-02045,2015-10-20,2015-10-22,Corporate,Central,Furniture,Bookcases,2407.08,4,0.0,255.66
US-02045,2015-10-20,2015-10-26,Corporate,East,Office Supplies,Fasteners,2.09,1,0.0,0.25
US-02634,2015-10-20,2015-10-26,Corporate,West,Office Supplies,Art,208.72,1,0.0,38.51
US-04776,2015-10-21,2015-10-25,Corporate,West,Technology,Machines,1577.9,2,0.0,119.36
US-04835,2015-10-21,2015-10-23,Home Office,East,Technology,Machines,2309.88,2,0.1,565.74
US-00050,2015-10-22,2015-10-28,Home Office,South,Office Supplies,Envelopes,41.93,3,0.0,11.46
US-01393,2015-10-22,2015-10-23,Corporate,South,Technology,Copiers,3507.65,4,0.1,163.93
US-01393,2015-10-22,2015-10-24,Consumer,Central,Office Supplies,Binders,66.91,1,0.0,7.01
US-01393,2015-10-22,2015-10-23,Consumer,South,Office Supplies,Appliances,501.14,1,0.15,49.65
US-02371,2015-10-22,2015-10-25,Consumer,Central,Furniture,Furnishings,370.09,1,0.0,52.14
US-02457,2015-10-22,2015-10-25,Home Office,Central,Technology,Copiers,2171.76,2,0.0,216.72
US-02578,2015-10-22,2015-10-26,Consumer,West,Technology,Machines,4301.3,3,0.0,1364.76
US-02578,2015-10-22,2015-10-25,Consumer,Central,Technology,Phones,1575.01,2,0.2,-142.67
US-04188,2015-10-22,2015-10-24,Consumer,Central,Office Supplies,Storage,107.43,2,0.0,21.73
US-04188,2015-10-22,2015-10-24,Home Office,South,Furniture,Chairs,958.5,2,0.1,114.77
US-00612,2015-10-23,2015-10-25,Corporate,East,Furniture,Chairs,341.26,3,0.0,96.87
US-01429,2015-10-23,2015-10-23,Corporate,South,Office Supplies,Envelopes,16.7,2,0.0,5.52
US-01429,2015-10-23,2015-10-29,Corporate,South,Office Supplies,Storage,897.34,4,0.0,216.84
US-01429,2015-10-23,2015-10-24,Corporate,Central,Office Supplies,Labels,60.05,5,0.0,8.29
US-04483,2015-10-23,2015-10-26,Consumer,South,Furniture,Furnishings,320.71,3,0.5,-28.35
US-00617,2015-10-24,2015-10-24,Consumer,East,Office Supplies,Paper,80.17,3,0.2,9.59
US-00683,2015-10-24,2015-10-25,Corporate,South,Technology,Machines,2484.38,2,0.0,164.94
US-01342,2015-10-24,2015-10-26,Consumer,South,Office Supplies,Envelopes,21.75,3,0.3,-2.45
US-01471,2015-10-24,2015-10-24,Home Office,Central,Technology,Phones,809.41,1,0.1,27.89
US-02195,2015-10-24,2015-10-26,Corporate,West,Technology,Phones,1424.45,4,0.0,206.3
US-02195,2015-10-24,2015-10-24,Home Office,East,Office Supplies,Art,516.85,2,0.0,168.09
US-02625,2015-10-24,2015-10-24,Home Office,West,Office Supplies,Envelopes,35.54,3,0.0,3.77
US-03593,2015-10-24,2015-10-28,Home Office,West,Technology,Machines,672.43,1,0.0,191.83
US-03952,2015-10-24,2015-10-25,Consumer,East,Technology,Machines,3796.44,3,0.0,1145.57
US-03968,2015-10-25,2015-10-31,Consumer,South,Office Supplies,Appliances,440.38,2,0.3,-74.1
US-02610,2015-10-26,2015-10-26,Home Office,East,Technology,Phones,365.37,2,0.0,41.87
US-04084,2015-10-26,2015-10-27,Home Office,West,Furniture,Furnishings,162.93,2,0.0,26.6
US-04775,2015-10-26,2015-10-27,Corporate,Central,Office Supplies,Fasteners,30.68,3,0.0,2.34
US-00992,2015-10-27,2015-10-31,Corporate,South,Office Supplies,Supplies,56.2,1,0.2,-6.04
US-01444,2015-10-27,2015-10-30,Corporate,East,Technology,Accessories,357.84,2,0.0,29.04
US-01788,2015-10-27,2015-11-02,Corporate,South,Furniture,Chairs,530.61,1,0.3,-41.61
US-01788,2015-10-27,2015-10-27,Corporate,East,Office Supplies,Storage,1129.8,3,0.1,198.25
US-01788,2015-10-27,2015-10-31,Consumer,Central,Technology,Machines,1743.33,3,0.2,-16.87
US-02473,2015-10-27,2015-10-27,Home Office,Central,Office Supplies,Art,275.48,1,0.0,89.87
US-02473,2015-10-27,2015-11-02,Corporate,Central,Office Supplies,Fasteners,103.28,4,0.0,17.72
US-03377,2015-10-27,2015-11-02,Consumer,West,Technology,Accessories,372.79,5,0.4,-69.78
US-02124,2015-10-28,2015-10-28,Home Office,South,Technology,Machines,1458.52,2,0.0,308.86
US-03767,2015-10-28,2015-11-03,Home Office,Central,Office Supplies,Paper,101.81,2,0.0,11.9
US-03808,2015-10-28,2015-10-31,Home Office,Central,Office Supplies,Appliances,635.13,1,0.0,44.6
US-04445,2015-10-28,2015-11-01,Corporate,East,Furniture,Bookcases,382.69,2,0.0,62.41
US-02767,2015-10-29,2015-11-04,Consumer,Central,Technology,Copiers,1282.5,1,0.0,326.38
US-03012,2015-10-29,2015-10-30,Home Office,West,Office Supplies,Fasteners,22.55,2,0.0,6.79
US-04271,2015-10-29,2015-11-03,Corporate,East,Office Supplies,Envelopes,49.04,1,0.0,17.08
US-04271,2015-10-29,2015-10-30,Corporate,South,Furniture,Bookcases,383.9,2,0.0,113.08
US-04855,2015-10-29,2015-10-31,Corporate,Central,Furniture,Furnishings,1614.29,4,0.0,500.16
US-04855,2015-10-29,2015-11-02,Corporate,South,Furniture,Furnishings,176.13,1,0.0,40.38
US-01288,2015-10-30,2015-11-05,Corporate,South,Technology,Accessories,522.12,3,0.0,105.3
US-02250,2015-10-30,2015-10-31,Consumer,South,Furniture,Furnishings,254.78,1,0.0,75.32
US-02250,2015-10-30,2015-11-04,Home Office,West,Technology,Machines,2840.89,3,0.0,983.86
US-03327,2015-10-30,2015-11-05,Home Office,East,Furniture,Bookcases,983.44,5,0.3,-170.24
US-00382,2015-10-31,2015-11-02,Corporate,Central,Furniture,Tables,3749.71,4,0.0,1075.34
US-00382,2015-10-31,2015-11-01,Consumer,Central,Office Supplies,Appliances,1209.09,5,0.1,13.02
US-03424,2015-10-31,2015-11-04,Consumer,Central,Technology,Copiers,5956.21,3,0.0,1708.27
US-00901,2015-11-01,2015-11-02,Home Office,Central,Office Supplies,Paper,576.1,3,0.2,-67.11
US-01377,2015-11-01,2015-11-01,Consumer,Central,Office Supplies,Paper,54.1,1,0.15,-3.19
US-03130,2015-11-01,2015-11-04,Home Office,South,Furniture,Chairs,694.53,1,0.0,216.43
US-03130,2015-11-01,2015-11-05,Home Office,West,Furniture,Bookcases,411.76,1,0.0,129.9
US-04894,2015-11-01,2015-11-04,Home Office,East,Furniture,Furnishings,618.65,2,0.0,171.71
US-01743,2015-11-02,2015-11-05,Consumer,East,Office Supplies,Appliances,119.37,1,0.0,40.13
US-01779,2015-11-02,2015-11-07,Home Office,West,Furniture,Bookcases,91.36,1,0.0,18.64
US-03959,2015-11-02,2015-11-07,Corporate,West,Furniture,Tables,2680.37,5,0.0,609.03
US-03959,2015-11-02,2015-11-06,Corporate,East,Office Supplies,Paper,88.67,1,0.3,-24.28
US-04677,2015-11-02,2015-11-07,Consumer,West,Technology,Machines,1471.12,1,0.0,447.39
US-04677,2015-11-02,2015-11-07,Corporate,West,Furniture,Tables,785.08,1,0.2,-114.85
US-03433,2015-11-03,2015-11-06,Home Office,East,Office Supplies,Appliances,250.33,2,0.5,10.54
US-01220,2015-11-04,2015-11-07,Corporate,Central,Office Supplies,Supplies,371.67,4,0.15,71.29
US-02663,2015-11-04,2015-11-04,Corporate,South,Furniture,Furnishings,396.95,1,0.0,112.12
US-02663,2015-11-04,2015-11-07,Home Office,East,Furniture,Chairs,661.52,1,0.15,131.64
US-02663,2015-11-04,2015-11-09,Home Office,West,Office Supplies,Supplies,161.46,3,0.0,9.83
US-03782,2015-11-04,2015-11-04,Corporate,West,Office Supplies,Binders,400.76,5,0.0,101.74
US-00514,2015-11-05,2015-11-11,Home Office,West,Technology,Machines,4265.89,5,0.1,362.08
US-00514,2015-11-05,2015-11-10,Consumer,East,Office Supplies,Labels,89.98,4,0.1,2.37
US-00613,2015-11-05,2015-11-09,Consumer,West,Technology,Machines,1341.1,2,0.0,108.46
US-00613,2015-11-05,2015-11-08,Home Office,South,Office Supplies,Art,415.64,2,0.2,1.04
US-00777,2015-11-05,2015-11-08,Corporate,West,Furniture,Furnishings,78.61,3,0.0,17.75
US-00777,2015-11-05,2015-11-08,Home Office,South,Office Supplies,Art,690.38,4,0.0,142.0
US-03554,2015-11-05,2015-11-05,Corporate,East,Furniture,Bookcases,2233.27,4,0.3,-30.3
US-03554,2015-11-05,2015-11-08,Corporate,Central,Technology,Phones,1702.33,2,0.0,433.92
US-03924,2015-11-05,2015-11-09,Consumer,Central,Office Supplies,Supplies,171.71,3,0.0,55.11
US-04933,2015-11-05,2015-11-06,Corporate,East,Office Supplies,Fasteners,6.95,2,0.0,1.81
US-04933,2015-11-05,2015-11-06,Consumer,Central,Office Supplies,Binders,73.78,3,0.0,22.91
US-04985,2015-11-05,2015-11-08,Consumer,South,Furniture,Chairs,2294.48,4,0.0,287.29
US-01290,2015-11-06,2015-11-12,Consumer,Central,Office Supplies,Binders,155.36,2,0.0,24.65
US-01290,2015-11-06,2015-11-12,Home Office,South,Office Supplies,Appliances,436.22,3,0.0,60.5
US-01290,2015-11-06,2015-11-09,Corporate,South,Office Supplies,Labels,62.76,2,0.0,4.36
US-02037,2015-11-06,2015-11-09,Corporate,East,Office Supplies,Binders,20.12,2,0.0,4.32
US-03720,2015-11-06,2015-11-09,Consumer,West,Office Supplies,Art,162.15,4,0.0,49.28
US-01200,2015-11-07,2015-11-13,Home Office,South,Furniture,Chairs,1015.26,4,0.5,-182.34
US-01200,2015-11-07,2015-11-13,Corporate,Central,Technology,Copiers,1847.36,1,0.0,469.04
US-02449,2015-11-07,2015-11-12,Home Office,Central,Technology,Accessories,599.87,4,0.1,62.96
US-02449,2015-11-07,2015-11-12,Corporate,East,Office Supplies,Paper,205.65,2,0.0,19.47
US-02449,2015-11-07,2015-11-12,Consumer,East,Technology,Accessories,43.18,1,0.0,13.66
US-03244,2015-11-07,2015-11-13,Corporate,West,Furniture,Tables,3177.79,4,0.15,376.85
US-03931,2015-11-07,2015-11-09,Consumer,Central,Technology,Accessories,371.2,1,0.0,74.0
US-01509,2015-11-08,2015-11-13,Corporate,East,Technology,Accessories,392.3,2,0.0,25.49
US-01509,2015-11-08,2015-11-08,Home Office,Central,Technology,Phones,748.44,2,0.0,220.56
US-02147,2015-11-08,2015-11-14,Corporate,South,Furniture,Furnishings,332.08,3,0.2,-15.76
US-02147,2015-11-08,2015-11-09,Consumer,South,Office Supplies,Appliances,2210.36,3,0.0,764.61
US-02503,2015-11-08,2015-11-10,Consumer,East,Furniture,Tables,2165.82,3,0.0,730.41
US-02503,2015-11-08,2015-11-09,Consumer,Central,Technology,Machines,1373.28,1,0.0,469.49
US-04939,2015-11-08,2015-11-08,Corporate,East,Technology,Accessories,119.97,2,0.0,41.75
US-04627,2015-11-09,2015-11-15,Consumer,South,Office Supplies,Supplies,189.32,2,0.0,24.13
US-00211,2015-11-10,2015-11-11,Corporate,West,Furniture,Furnishings,983.43,4,0.0,327.77
US-00686,2015-11-10,2015-11-10,Consumer,West,Furniture,Chairs,2056.97,3,0.0,412.32
US-00686,2015-11-10,2015-11-13,Consumer,East,Technology,Machines,3007.8,3,0.0,827.07
US-00686,2015-11-10,2015-11-10,Home Office,Central,Office Supplies,Binders,86.89,1,0.0,22.68
US-01785,2015-11-10,2015-11-14,Corporate,West,Furniture,Bookcases,383.68,1,0.0,66.71
US-02468,2015-11-10,2015-11-15,Home Office,West,Office Supplies,Art,237.94,4,0.15,17.05
US-03590,2015-11-10,2015-11-16,Consumer,Central,Technology,Phones,374.99,1,0.15,43.52
US-04468,2015-11-10,2015-11-16,Home Office,East,Furniture,Tables,5513.76,5,0.0,502.48
US-00182,2015-11-11,2015-11-14,Consumer,East,Technology,Phones,1671.02,2,0.15,139.78
US-01023,2015-11-12,2015-11-12,Corporate,Central,Technology,Accessories,1941.44,5,0.0,213.26
US-01023,2015-11-12,2015-11-15,Consumer,South,Office Supplies,Appliances,323.49,2,0.0,50.66
US-01930,2015-11-12,2015-11-16,Consumer,South,Office Supplies,Supplies,250.89,3,0.0,38.17
US-01930,2015-11-12,2015-11-16,Home Office,West,Technology,Machines,807.6,1,0.5,-183.02
US-02852,2015-11-12,2015-11-18,Home Office,West,Office Supplies,Paper,298.1,5,0.1,12.62
US-02852,2015-11-12,2015-11-13,Corporate,Central,Furniture,Chairs,1254.63,3,0.1,260.42
US-02852,2015-11-12,2015-11-15,Corporate,South,Furniture,Chairs,212.55,1,0.0,72.3
US-01833,2015-11-13,2015-11-15,Home Office,East,Office Supplies,Art,331.35,4,0.0,19.27
US-01833,2015-11-13,2015-11-13,Corporate,Central,Office Supplies,Supplies,50.46,1,0.15,6.71
US-02395,2015-11-13,2015-11-18,Corporate,West,Technology,Machines,1298.94,2,0.0,199.39
US-02395,2015-11-13,2015-11-13,Home Office,Central,Office Supplies,Paper,148.4,1,0.0,37.39
US-03432,2015-11-13,2015-11-17,Home Office,Central,Technology,Machines,906.55,1,0.1,103.93
US-01211,2015-11-14,2015-11-15,Consumer,East,Technology,Accessories,58.68,1,0.0,16.8
US-01312,2015-11-14,2015-11-17,Corporate,East,Office Supplies,Paper,190.76,1,0.0,37.95
US-02737,2015-11-14,2015-11-16,Home Office,West,Furniture,Bookcases,1837.1,3,0.0,472.57
US-04661,2015-11-14,2015-11-19,Corporate,Central,Technology,Accessories,313.25,1,0.1,1.93
US-04661,2015-11-14,2015-11-17,Home Office,South,Furniture,Bookcases,1668.47,3,0.0,399.93
US-04091,2015-11-15,2015-11-19,Corporate,West,Technology,Machines,961.34,1,0.1,228.55
US-04091,2015-11-15,2015-11-18,Home Office,Central,Technology,Phones,3142.65,4,0.0,158.33
US-04248,2015-11-15,2015-11-15,Consumer,West,Office Supplies,Appliances,616.51,1,0.3,37.77
US-00369,2015-11-16,2015-11-16,Consumer,West,Office Supplies,Storage,1506.79,5,0.0,430.41
US-01958,2015-11-16,2015-11-16,Corporate,Central,Furniture,Bookcases,193.73,1,0.5,-20.32
US-01958,2015-11-16,2015-11-22,Consumer,West,Technology,Accessories,693.93,2,0.0,201.29
US-02071,2015-11-16,2015-11-21,Home Office,West,Office Supplies,Fasteners,11.0,4,0.0,2.23
US-02765,2015-11-16,2015-11-18,Corporate,West,Furniture,Chairs,2112.57,5,0.15,88.91
US-02765,2015-11-16,2015-11-20,Home Office,South,Furniture,Tables,1324.45,1,0.15,-2.5
US-04140,2015-11-16,2015-11-19,Consumer,Central,Furniture,Tables,269.05,1,0.0,86.94
US-00377,2015-11-17,2015-11-23,Home Office,South,Technology,Accessories,892.73,3,0.2,49.47
US-02564,2015-11-17,2015-11-23,Corporate,West,Furniture,Bookcases,476.61,2,0.0,112.7
US-03878,2015-11-17,2015-11-22,Home Office,West,Technology,Machines,2184.23,3,0.1,190.27
US-00024,2015-11-18,2015-11-24,Home Office,Central,Technology,Copiers,604.35,1,0.0,74.61
US-00024,2015-11-18,2015-11-24,Corporate,East,Office Supplies,Storage,292.97,1,0.0,27.62
US-01179,2015-11-18,2015-11-18,Consumer,Central,Office Supplies,Supplies,14.22,1,0.0,3.5
US-04830,2015-11-18,2015-11-18,Home Office,South,Technology,Phones,718.82,1,0.4,-209.4
US-00191,2015-11-19,2015-11-22,Consumer,East,Furniture,Furnishings,352.72,1,0.15,65.63
US-00191,2015-11-19,2015-11-23,Corporate,South,Office Supplies,Binders,88.77,1,0.0,26.51
US-00600,2015-11-19,2015-11-24,Corporate,South,Technology,Copiers,1743.24,2,0.0,315.11
US-00600,2015-11-19,2015-11-25,Home Office,Central,Office Supplies,Paper,716.99,5,0.3,-63.55
US-00600,2015-11-19,2015-11-23,Home Office,South,Technology,Accessories,151.3,3,0.1,18.02
US-01470,2015-11-19,2015-11-21,Corporate,South,Technology,Accessories,386.67,1,0.0,82.89
US-02031,2015-11-19,2015-11-22,Corporate,South,Furniture,Tables,473.25,2,0.0,68.8
US-01209,2015-11-20,2015-11-21,Home Office,West,Office Supplies,Supplies,79.02,2,0.0,14.72
US-02297,2015-11-20,2015-11-22,Consumer,South,Furniture,Tables,1611.6,5,0.1,345.59
US-03871,2015-11-20,2015-11-23,Corporate,West,Office Supplies,Binders,20.59,1,0.3,-2.19
US-04923,2015-11-20,2015-11-24,Consumer,West,Furniture,Tables,3875.89,3,0.5,-1288.97
US-01154,2015-11-21,2015-11-21,Consumer,West,Furniture,Chairs,240.88,1,0.0,43.32
US-01411,2015-11-21,2015-11-21,Corporate,West,Office Supplies,Supplies,24.93,1,0.0,1.35
US-01411,2015-11-21,2015-11-26,Corporate,South,Furniture,Furnishings,327.19,2,0.5,-66.25
US-01885,2015-11-21,2015-11-26,Consumer,South,Office Supplies,Binders,300.0,3,0.5,-97.71
US-01885,2015-11-21,2015-11-21,Consumer,South,Furniture,Bookcases,1709.59,4,0.1,154.05
US-00114,2015-11-22,2015-11-23,Consumer,South,Office Supplies,Envelopes,83.74,2,0.0,21.0
US-00769,2015-11-22,2015-11-24,Corporate,Central,Office Supplies,Binders,163.33,2,0.0,40.66
US-00769,2015-11-22,2015-11-28,Consumer,Central,Office Supplies,Fasteners,13.94,1,0.0,1.09
US-00769,2015-11-22,2015-11-26,Consumer,Central,Technology,Machines,1128.98,2,0.5,-540.27
US-04922,2015-11-22,2015-11-28,Consumer,Central,Office Supplies,Art,1040.54,4,0.0,227.64
US-03409,2015-11-23,2015-11-26,Consumer,West,Furniture,Chairs,314.21,2,0.0,107.72
US-00078,2015-11-24,2015-11-29,Home Office,Central,Office Supplies,Appliances,71.41,1,0.1,2.47
US-01484,2015-11-24,2015-11-28,Corporate,East,Office Supplies,Fasteners,112.26,4,0.0,23.73
US-01916,2015-11-24,2015-11-29,Home Office,South,Technology,Copiers,7288.77,5,0.0,1258.28
US-02177,2015-11-24,2015-11-29,Corporate,West,Technology,Accessories,150.8,1,0.1,11.93
US-02177,2015-11-24,2015-11-27,Corporate,Central,Furniture,Tables,203.42,1,0.0,43.6
US-04195,2015-11-24,2015-11-28,Consumer,Central,Furniture,Tables,1450.35,1,0.0,271.68
US-04195,2015-11-24,2015-11-27,Consumer,Central,Furniture,Chairs,373.67,2,0.4,-47.96
US-04334,2015-11-24,2015-11-25,Corporate,East,Office Supplies,Art,719.0,5,0.0,134.17
US-04334,2015-11-24,2015-11-27,Home Office,Central,Furniture,Furnishings,1854.52,4,0.0,342.96
US-00814,2015-11-25,2015-11-29,Corporate,West,Office Supplies,Fasteners,24.47,1,0.3,-1.86
US-01114,2015-11-25,2015-11-29,Home Office,Central,Office Supplies,Binders,474.94,5,0.0,75.84
US-03488,2015-11-25,2015-12-01,Home Office,West,Furniture,Furnishings,621.53,2,0.1,29.69
US-03521,2015-11-26,2015-11-29,Consumer,Central,Technology,Machines,957.49,1,0.2,22.5
US-04013,2015-11-26,2015-12-02,Corporate,Central,Technology,Phones,2507.15,3,0.1,1.61
US-04013,2015-11-26,2015-11-27,Home Office,East,Furniture,Tables,762.29,1,0.0,38.93
US-04013,2015-11-26,2015-11-27,Consumer,West,Technology,Phones,1506.18,2,0.2,-134.24
US-04571,2015-11-26,2015-12-01,Home Office,South,Furniture,Chairs,816.52,2,0.2,-59.03
US-04929,2015-11-26,2015-11-30,Corporate,East,Technology,Accessories,48.9,1,0.1,5.61
US-01103,2015-11-27,2015-11-30,Home Office,East,Office Supplies,Storage,227.62,5,0.1,-3.92
US-01103,2015-11-27,2015-11-28,Corporate,Central,Office Supplies,Supplies,96.34,1,0.0,7.59
US-01330,2015-11-28,2015-11-29,Consumer,West,Technology,Phones,1521.02,2,0.1,54.23
US-01799,2015-11-28,2015-12-03,Home Office,West,Technology,Machines,1132.86,1,0.15,188.04
US-03343,2015-11-28,2015-12-03,Corporate,South,Furniture,Chairs,766.01,4,0.15,156.18
US-03343,2015-11-28,2015-12-04,Home Office,East,Technology,Machines,470.97,1,0.0,72.24
US-04725,2015-11-28,2015-12-01,Home Office,West,Office Supplies,Paper,86.1,4,0.0,12.41
US-03132,2015-11-29,2015-12-03,Home Office,West,Technology,Accessories,157.29,1,0.0,42.01
US-03123,2015-11-30,2015-12-02,Corporate,East,Office Supplies,Supplies,32.82,2,0.15,3.69
US-03821,2015-11-30,2015-12-04,Corporate,West,Office Supplies,Art,806.66,3,0.15,-58.99
US-00326,2015-12-01,2015-12-06,Consumer,East,Furniture,Bookcases,284.92,1,0.1,62.41
US-00326,2015-12-01,2015-12-06,Home Office,South,Technology,Copiers,3611.41,2,0.0,1029.96
US-00432,2015-12-01,2015-12-01,Consumer,East,Office Supplies,Binders,62.15,5,0.0,15.66
US-00432,2015-12-01,2015-12-06,Consumer,East,Technology,Accessories,531.52,2,0.0,131.45
US-00776,2015-12-01,2015-12-07,Corporate,Central,Office Supplies,Appliances,216.03,2,0.0,67.59
US-00776,2015-12-01,2015-12-07,Consumer,West,Furniture,Furnishings,187.55,3,0.4,7.87
US-00776,2015-12-01,2015-12-03,Corporate,West,Office Supplies,Paper,524.93,4,0.0,140.27
US-02398,2015-12-01,2015-12-06,Consumer,South,Furniture,Chairs,2370.82,4,0.0,300.5
US-04344,2015-12-02,2015-12-07,Corporate,East,Office Supplies,Art,197.45,2,0.0,13.48
US-04344,2015-12-02,2015-12-08,Consumer,Central,Furniture,Chairs,111.2,1,0.1,-2.11
US-04344,2015-12-02,2015-12-03,Home Office,East,Office Supplies,Binders,31.85,1,0.0,4.96
US-00222,2015-12-03,2015-12-09,Corporate,South,Technology,Phones,281.06,1,0.2,27.86
US-01226,2015-12-04,2015-12-08,Corporate,East,Office Supplies,Supplies,82.03,2,0.3,-18.15
US-02857,2015-12-04,2015-12-08,Home Office,South,Office Supplies,Binders,82.27,1,0.0,23.56
US-04960,2015-12-04,2015-12-04,Home Office,East,Furniture,Furnishings,1481.65,3,0.0,115.58
US-02386,2015-12-05,2015-12-05,Corporate,West,Office Supplies,Paper,53.88,1,0.15,2.07
US-02880,2015-12-05,2015-12-05,Home Office,West,Office Supplies,Storage,590.15,2,0.15,42.17
US-02880,2015-12-05,2015-12-05,Corporate,East,Office Supplies,Labels,3.02,1,0.0,0.25
US-04735,2015-12-05,2015-12-09,Consumer,Central,Office Supplies,Labels,79.0,2,0.0,20.34
US-04735,2015-12-05,2015-12-11,Home Office,East,Furniture,Tables,2619.69,4,0.0,242.72
US-00245,2015-12-06,2015-12-12,Consumer,East,Technology,Copiers,2389.67,4,0.0,249.5
US-00736,2015-12-06,2015-12-09,Corporate,Central,Office Supplies,Supplies,204.54,5,0.1,46.53
US-00736,2015-12-06,2015-12-12,Home Office,West,Office Supplies,Appliances,287.05,1,0.0,38.32
US-00736,2015-12-06,2015-12-12,Corporate,South,Technology,Copiers,4107.12,4,0.3,-105.2
US-00768,2015-12-06,2015-12-10,Corporate,East,Technology,Phones,435.21,1,0.0,119.02
US-01493,2015-12-07,2015-12-12,Home Office,South,Technology,Phones,106.86,1,0.0,23.1
US-02333,2015-12-07,2015-12-11,Home Office,West,Office Supplies,Storage,405.9,5,0.3,51.5
US-02333,2015-12-07,2015-12-07,Corporate,West,Technology,Phones,626.25,1,0.0,86.96
US-02629,2015-12-07,2015-12-08,Corporate,East,Office Supplies,Art,653.31,4,0.0,98.04
US-02709,2015-12-07,2015-12-13,Consumer,Central,Office Supplies,Envelopes,7.31,1,0.15,0.87
US-02709,2015-12-07,2015-12-08,Home Office,West,Technology,Copiers,2332.93,3,0.0,154.14
US-02709,2015-12-07,2015-12-10,Corporate,West,Technology,Accessories,259.17,1,0.4,-58.74
US-02947,2015-12-07,2015-12-07,Consumer,West,Office Supplies,Supplies,37.38,5,0.0,9.62
US-03348,2015-12-07,2015-12-10,Consumer,West,Office Supplies,Binders,9.49,1,0.0,0.98
US-00386,2015-12-08,2015-12-09,Home Office,West,Furniture,Tables,1921.61,4,0.15,102.27
US-01248,2015-12-08,2015-12-12,Home Office,Central,Office Supplies,Labels,6.25,1,0.0,1.39
US-01651,2015-12-08,2015-12-11,Corporate,West,Technology,Copiers,2614.2,2,0.2,297.92
US-01651,2015-12-08,2015-12-10,Corporate,East,Office Supplies,Binders,9.57,1,0.0,3.13
US-01861,2015-12-08,2015-12-08,Corporate,Central,Technology,Phones,688.46,1,0.15,106.67
US-01861,2015-12-08,2015-12-08,Consumer,South,Office Supplies,Envelopes,4.23,1,0.0,1.03
US-03392,2015-12-08,2015-12-12,Corporate,South,Office Supplies,Fasteners,11.35,2,0.15,1.51
US-03392,2015-12-08,2015-12-08,Corporate,Central,Office Supplies,Storage,82.81,1,0.0,21.11
US-01548,2015-12-09,2015-12-14,Consumer,West,Office Supplies,Appliances,69.48,1,0.0,10.79
US-02229,2015-12-09,2015-12-11,Home Office,East,Technology,Copiers,5293.7,3,0.15,145.89
US-02980,2015-12-09,2015-12-14,Consumer,West,Technology,Phones,777.51,1,0.0,252.78
US-03291,2015-12-09,2015-12-12,Consumer,East,Furniture,Furnishings,1920.0,4,0.4,-407.58
US-03701,2015-12-09,2015-12-15,Home Office,South,Technology,Accessories,1704.21,5,0.4,-284.73
US-01265,2015-12-10,2015-12-13,Home Office,South,Furniture,Furnishings,74.92,1,0.0,7.63
US-01265,2015-12-10,2015-12-15,Consumer,East,Furniture,Bookcases,856.33,2,0.0,50.43
US-01265,2015-12-10,2015-12-15,Consumer,South,Office Supplies,Envelopes,6.23,1,0.0,2.0
US-03225,2015-12-10,2015-12-15,Consumer,Central,Technology,Phones,283.37,2,0.0,47.6
US-04289,2015-12-10,2015-12-12,Home Office,Central,Technology,Accessories,98.24,1,0.0,19.84
US-04289,2015-12-10,2015-12-11,Corporate,East,Office Supplies,Supplies,42.49,3,0.0,12.92
US-00494,2015-12-11,2015-12-12,Corporate,West,Office Supplies,Paper,199.36,2,0.15,-4.38
US-02626,2015-12-11,2015-12-11,Corporate,Central,Technology,Accessories,113.7,1,0.0,39.03
US-02626,2015-12-11,2015-12-16,Home Office,East,Furniture,Furnishings,571.56,2,0.1,2.31
US-02626,2015-12-11,2015-12-12,Consumer,East,Furniture,Bookcases,1153.68,2,0.1,45.6
US-03636,2015-12-11,2015-12-16,Home Office,South,Office Supplies,Storage,136.2,1,0.0,32.9
US-03636,2015-12-11,2015-12-12,Corporate,East,Office Supplies,Envelopes,3.06,1,0.15,0.16
US-04048,2015-12-11,2015-12-17,Consumer,East,Furniture,Furnishings,958.18,2,0.15,-38.95
US-04048,2015-12-11,2015-12-15,Consumer,Central,Office Supplies,Art,359.38,2,0.0,25.4
US-04048,2015-12-11,2015-12-11,Consumer,East,Furniture,Chairs,462.64,1,0.0,151.4
US-00608,2015-12-12,2015-12-13,Consumer,Central,Furniture,Bookcases,654.48,1,0.0,37.25
US-00608,2015-12-12,2015-12-14,Consumer,East,Technology,Machines,189.82,1,0.0,48.87
US-00608,2015-12-12,2015-12-14,Corporate,Central,Furniture,Bookcases,1478.27,4,0.0,493.6
US-01942,2015-12-12,2015-12-18,Consumer,Central,Office Supplies,Paper,527.16,5,0.0,144.81
US-01942,2015-12-12,2015-12-15,Corporate,Central,Office Supplies,Labels,30.42,1,0.0,4.5
US-01942,2015-12-12,2015-12-16,Consumer,West,Office Supplies,Supplies,182.28,5,0.0,29.1
US-03471,2015-12-12,2015-12-16,Corporate,West,Office Supplies,Labels,18.24,5,0.2,2.2
US-03471,2015-12-12,2015-12-15,Consumer,West,Furniture,Tables,1367.79,2,0.0,268.63
US-03471,2015-12-12,2015-12-15,Consumer,West,Office Supplies,Storage,1188.43,4,0.0,288.22
US-03481,2015-12-12,2015-12-15,Corporate,Central,Office Supplies,Supplies,55.89,1,0.0,10.23
US-03481,2015-12-12,2015-12-13,Consumer,West,Office Supplies,Binders,90.48,2,0.0,13.64
US-00567,2015-12-13,2015-12-15,Corporate,West,Office Supplies,Labels,151.86,4,0.0,13.68
US-02513,2015-12-13,2015-12-16,Home Office,East,Furniture,Tables,3507.44,5,0.0,553.91
US-02513,2015-12-13,2015-12-13,Consumer,West,Furniture,Chairs,517.93,1,0.2,-28.4
US-03771,2015-12-13,2015-12-14,Home Office,Central,Office Supplies,Art,126.27,3,0.0,18.06
US-02316,2015-12-14,2015-12-17,Consumer,Central,Office Supplies,Storage,386.33,1,0.4,-96.87
US-03095,2015-12-14,2015-12-16,Home Office,East,Furniture,Furnishings,1743.92,4,0.0,162.35
US-03778,2015-12-14,2015-12-17,Corporate,South,Office Supplies,Storage,97.95,1,0.0,11.85
US-04574,2015-12-14,2015-12-14,Consumer,Central,Furniture,Furnishings,226.83,1,0.0,26.95
US-04574,2015-12-14,2015-12-16,Consumer,East,Furniture,Furnishings,138.68,2,0.2,-15.08
US-00154,2015-12-15,2015-12-20,Corporate,West,Office Supplies,Art,234.93,1,0.2,18.16
US-02351,2015-12-15,2015-12-18,Home Office,Central,Office Supplies,Paper,583.5,4,0.0,107.16
US-02769,2015-12-15,2015-12-17,Consumer,East,Technology,Phones,1085.62,5,0.0,169.06
US-02769,2015-12-15,2015-12-21,Consumer,South,Furniture,Chairs,2181.32,5,0.0,517.5
US-02910,2015-12-15,2015-12-18,Consumer,West,Technology,Machines,2718.7,4,0.0,848.58
US-04223,2015-12-15,2015-12-15,Corporate,East,Office Supplies,Appliances,292.19,1,0.4,-37.86
US-04671,2015-12-15,2015-12-15,Corporate,Central,Technology,Accessories,337.85,1,0.15,39.56
US-04984,2015-12-15,2015-12-19,Corporate,West,Furniture,Tables,4010.78,3,0.1,577.38
US-04984,2015-12-15,2015-12-15,Consumer,South,Office Supplies,Storage,1212.29,4,0.0,169.36
US-00763,2015-12-16,2015-12-17,Corporate,West,Office Supplies,Art,85.2,2,0.5,-11.16
US-02854,2015-12-16,2015-12-19,Corporate,West,Office Supplies,Art,307.9,3,0.0,37.82
US-02854,2015-12-16,2015-12-22,Consumer,West,Technology,Accessories,775.31,2,0.0,208.13
US-03107,2015-12-16,2015-12-22,Corporate,Central,Office Supplies,Supplies,142.28,2,0.0,45.16
US-01174,2015-12-17,2015-12-18,Consumer,South,Technology,Machines,1641.46,2,0.3,-187.29
US-03320,2015-12-17,2015-12-19,Home Office,South,Office Supplies,Art,62.07,1,0.4,3.21
US-03320,2015-12-17,2015-12-20,Corporate,East,Furniture,Tables,1263.44,1,0.1,83.56
US-03374,2015-12-17,2015-12-20,Corporate,South,Office Supplies,Art,747.46,4,0.0,63.08
US-03374,2015-12-17,2015-12-20,Home Office,West,Office Supplies,Appliances,660.83,2,0.1,38.99
US-01305,2015-12-18,2015-12-24,Corporate,West,Office Supplies,Supplies,71.39,1,0.1,-0.78
US-01955,2015-12-18,2015-12-19,Home Office,Central,Office Supplies,Supplies,59.41,1,0.0,7.37
US-02367,2015-12-18,2015-12-22,Home Office,Central,Furniture,Furnishings,1814.06,4,0.0,223.9
US-02771,2015-12-18,2015-12-24,Corporate,East,Technology,Accessories,1492.9,5,0.0,237.25
US-02771,2015-12-18,2015-12-24,Home Office,East,Furniture,Chairs,1994.88,5,0.4,-395.3
US-02815,2015-12-18,2015-12-24,Consumer,East,Technology,Machines,211.86,1,0.0,53.39
US-03644,2015-12-18,2015-12-19,Consumer,West,Technology,Copiers,3153.93,2,0.0,979.92
US-02443,2015-12-19,2015-12-20,Home Office,West,Furniture,Chairs,905.34,2,0.0,153.42
US-03163,2015-12-19,2015-12-22,Corporate,South,Office Supplies,Envelopes,3.08,1,0.0,0.75
US-04055,2015-12-19,2015-12-20,Corporate,Central,Office Supplies,Labels,35.59,1,0.5,2.16
US-04452,2015-12-19,2015-12-25,Consumer,South,Furniture,Bookcases,340.91,3,0.15,50.63
US-03071,2015-12-20,2015-12-24,Corporate,South,Furniture,Tables,2425.06,2,0.2,477.59
US-03082,2015-12-20,2015-12-20,Corporate,East,Technology,Phones,897.96,1,0.1,83.29
US-03082,2015-12-20,2015-12-25,Corporate,South,Furniture,Tables,2497.0,2,0.0,456.81
US-04196,2015-12-20,2015-12-23,Corporate,Central,Furniture,Bookcases,553.25,1,0.0,184.68
US-02869,2015-12-21,2015-12-23,Home Office,Central,Furniture,Tables,301.21,1,0.0,55.53
US-02869,2015-12-21,2015-12-21,Corporate,East,Office Supplies,Paper,429.33,3,0.0,94.2
US-03219,2015-12-21,2015-12-21,Corporate,South,Furniture,Chairs,572.91,1,0.0,199.75
US-04246,2015-12-21,2015-12-27,Consumer,East,Office Supplies,Labels,94.11,3,0.0,17.11
US-04246,2015-12-21,2015-12-26,Corporate,West,Office Supplies,Paper,52.68,1,0.1,0.46
US-04246,2015-12-21,2015-12-22,Home Office,West,Office Supplies,Appliances,709.46,1,0.0,118.8
US-04313,2015-12-21,2015-12-26,Consumer,West,Office Supplies,Labels,60.97,2,0.0,3.26
US-04583,2015-12-21,2015-12-21,Consumer,West,Office Supplies,Binders,104.1,5,0.1,20.43
US-02062,2015-12-23,2015-12-28,Home Office,East,Office Supplies,Storage,100.1,2,0.0,12.07
US-02062,2015-12-23,2015-12-23,Home Office,West,Furniture,Chairs,541.59,1,0.0,103.05
US-04622,2015-12-23,2015-12-24,Corporate,West,Office Supplies,Storage,905.41,3,0.0,83.3
US-04622,2015-12-23,2015-12-23,Corporate,Central,Office Supplies,Storage,1469.74,4,0.0,286.09
US-00378,2015-12-24,2015-12-24,Home Office,South,Office Supplies,Supplies,31.33,1,0.0,6.14
US-00827,2015-12-24,2015-12-27,Corporate,South,Furniture,Tables,3210.84,4,0.0,297.4
US-00985,2015-12-24,2015-12-27,Consumer,East,Office Supplies,Fasteners,19.75,1,0.0,4.4
US-01924,2015-12-24,2015-12-24,Consumer,Central,Technology,Copiers,274.43,1,0.5,-121.16
US-00269,2015-12-25,2015-12-26,Home Office,Central,Furniture,Bookcases,233.92,1,0.1,56.37
US-00664,2015-12-25,2015-12-27,Home Office,East,Furniture,Bookcases,296.83,1,0.0,60.35
US-00876,2015-12-25,2015-12-29,Home Office,Central,Furniture,Chairs,724.85,1,0.2,102.99
US-02069,2015-12-25,2015-12-25,Home Office,South,Office Supplies,Fasteners,91.07,4,0.0,8.35
US-02069,2015-12-25,2015-12-25,Home Office,Central,Office Supplies,Storage,760.47,2,0.15,29.4
US-02363,2015-12-25,2015-12-27,Home Office,West,Office Supplies,Appliances,1498.02,2,0.0,214.44
US-02363,2015-12-25,2015-12-29,Home Office,West,Office Supplies,Labels,26.72,1,0.0,1.35
US-02363,2015-12-25,2015-12-29,Corporate,South,Office Supplies,Paper,162.71,1,0.0,12.01
US-03596,2015-12-25,2015-12-27,Consumer,East,Technology,Machines,4243.3,3,0.0,344.5
US-00270,2015-12-26,2015-12-27,Consumer,East,Technology,Machines,823.65,1,0.15,177.18
US-00885,2015-12-26,2015-12-28,Corporate,South,Office Supplies,Paper,166.84,4,0.0,10.16
US-00885,2015-12-26,2015-12-27,Home Office,South,Office Supplies,Art,120.95,1,0.0,23.73
US-00885,2015-12-26,2015-12-29,Corporate,East,Furniture,Chairs,540.31,1,0.0,29.67
US-02407,2015-12-26,2015-12-28,Home Office,South,Technology,Copiers,1179.52,1,0.0,151.01
US-02653,2015-12-26,2015-12-28,Corporate,South,Technology,Phones,2629.22,4,0.0,240.39
US-03745,2015-12-26,2015-12-28,Corporate,South,Office Supplies,Storage,510.9,2,0.0,87.58
US-04319,2015-12-26,2015-12-28,Home Office,East,Office Supplies,Storage,707.01,4,0.0,214.4
US-04319,2015-12-26,2015-12-30,Corporate,West,Office Supplies,Binders,84.15,4,0.0,7.45
US-04319,2015-12-26,2015-12-29,Consumer,South,Technology,Phones,72.14,1,0.0,3.91
US-04568,2015-12-26,2015-12-30,Corporate,West,Office Supplies,Envelopes,21.67,3,0.1,6.4
US-01638,2015-12-27,2016-01-01,Consumer,South,Furniture,Chairs,2264.12,5,0.0,710.98
US-01638,2015-12-27,2016-01-02,Consumer,East,Office Supplies,Envelopes,106.5,5,0.0,9.41
US-01738,2015-12-27,2015-12-27,Home Office,Central,Furniture,Furnishings,414.09,1,0.0,135.75
US-02100,2015-12-27,2016-01-01,Consumer,East,Office Supplies,Supplies,47.62,1,0.0,12.52
US-02100,2015-12-27,2015-12-28,Corporate,West,Office Supplies,Binders,55.26,1,0.0,14.08
US-04404,2015-12-27,2015-12-28,Corporate,Central,Technology,Phones,447.34,4,0.1,76.41
US-00496,2015-12-28,2015-12-28,Corporate,South,Furniture,Tables,3575.08,3,0.0,808.28
US-00496,2015-12-28,2015-12-28,Corporate,South,Office Supplies,Binders,98.12,1,0.0,20.64
US-00672,2015-12-28,2016-01-02,Home Office,South,Office Supplies,Paper,301.47,2,0.15,32.57
US-01912,2015-12-28,2015-12-29,Home Office,Central,Technology,Phones,1152.25,2,0.0,315.8
US-01912,2015-12-28,2016-01-03,Corporate,South,Technology,Phones,3659.41,5,0.0,1204.32
US-03603,2015-12-28,2016-01-01,Home Office,South,Technology,Accessories,1516.52,4,0.0,214.28
US-04172,2015-12-28,2016-01-02,Corporate,South,Office Supplies,Envelopes,160.39,5,0.4,-31.07
US-04172,2015-12-28,2015-12-29,Consumer,West,Furniture,Tables,4437.43,3,0.15,704.52
US-04507,2015-12-28,2015-12-28,Corporate,West,Office Supplies,Art,34.58,1,0.0,2.99
US-02230,2015-12-29,2016-01-03,Corporate,West,Office Supplies,Paper,228.09,3,0.0,33.65
US-02230,2015-12-29,2016-01-01,Corporate,Central,Furniture,Tables,2948.92,2,0.0,807.65
US-02230,2015-12-29,2016-01-02,Home Office,Central,Office Supplies,Labels,41.75,3,0.0,13.44
US-03543,2015-12-29,2016-01-02,Home Office,East,Office Supplies,Envelopes,3.52,1,0.1,0.5
US-03543,2015-12-29,2015-12-30,Home Office,South,Furniture,Chairs,442.21,1,0.0,111.4
US-03667,2015-12-29,2016-01-02,Home Office,East,Furniture,Chairs,445.51,1,0.0,57.87
US-03974,2015-12-29,2016-01-02,Corporate,Central,Furniture,Bookcases,830.64,2,0.1,172.22
US-00587,2015-12-30,2016-01-05,Corporate,South,Office Supplies,Art,539.98,2,0.0,152.55
US-02558,2015-12-30,2016-01-03,Consumer,East,Furniture,Tables,1138.88,2,0.0,276.72
US-02734,2015-12-30,2016-01-01,Consumer,South,Furniture,Bookcases,256.84,1,0.15,36.09
US-02734,2015-12-30,2015-12-30,Corporate,Central,Office Supplies,Binders,397.89,4,0.15,76.67
US-00392,2015-12-31,2016-01-04,Home Office,West,Technology,Machines,2531.16,3,0.0,198.32
US-01630,2015-12-31,2016-01-04,Consumer,Central,Furniture,Bookcases,218.54,1,0.2,-5.23
US-01630,2015-12-31,2016-01-05,Consumer,South,Technology,Accessories,301.24,2,0.1,18.65
US-01668,2015-12-31,2016-01-01,Consumer,South,Office Supplies,Paper,20.98,1,0.0,2.4
US-01668,2015-12-31,2016-01-02,Consumer,East,Technology,Machines,976.32,1,0.0,225.61
US-01921,2015-12-31,2016-01-05,Home Office,East,Furniture,Bookcases,1193.31,2,0.0,88.84
US-02552,2015-12-31,2015-12-31,Consumer,Central,Technology,Machines,1647.54,2,0.2,-272.79
US-02552,2015-12-31,2016-01-02,Home Office,Central,Technology,Machines,1638.13,4,0.3,-141.89
US-04443,2015-12-31,2016-01-03,Corporate,West,Technology,Accessories,83.63,1,0.0,19.47
US-02987,2016-01-01,2016-01-01,Corporate,West,Technology,Phones,3366.16,4,0.0,544.41
US-04392,2016-01-01,2016-01-01,Home Office,Central,Office Supplies,Labels,12.71,2,0.0,1.87
US-04842,2016-01-01,2016-01-06,Consumer,East,Furniture,Chairs,527.66,1,0.3,27.81
US-02949,2016-01-02,2016-01-07,Consumer,South,Office Supplies,Art,72.24,1,0.0,20.14
US-04324,2016-01-02,2016-01-03,Consumer,South,Furniture,Chairs,195.67,3,0.0,47.22
US-04509,2016-01-02,2016-01-06,Home Office,East,Furniture,Furnishings,318.74,2,0.0,84.68
US-04509,2016-01-02,2016-01-02,Home Office,South,Office Supplies,Labels,7.05,1,0.0,1.81
US-02262,2016-01-03,2016-01-09,Consumer,West,Furniture,Chairs,214.82,1,0.0,44.89
US-02496,2016-01-03,2016-01-05,Home Office,East,Furniture,Bookcases,1237.68,4,0.1,1.41
US-03479,2016-01-03,2016-01-03,Corporate,Central,Office Supplies,Appliances,1120.27,2,0.2,-109.41
US-00297,2016-01-04,2016-01-08,Consumer,East,Office Supplies,Paper,321.14,2,0.0,79.4
US-00297,2016-01-04,2016-01-05,Corporate,Central,Furniture,Furnishings,851.06,2,0.1,191.66
US-00758,2016-01-04,2016-01-07,Corporate,East,Office Supplies,Labels,9.99,1,0.0,1.93
US-00758,2016-01-04,2016-01-10,Corporate,South,Technology,Phones,867.33,1,0.0,124.02
US-00790,2016-01-04,2016-01-10,Home Office,West,Furniture,Bookcases,1225.38,3,0.15,-16.57
US-01895,2016-01-04,2016-01-06,Corporate,South,Office Supplies,Envelopes,31.22,1,0.0,5.63
US-02426,2016-01-04,2016-01-04,Consumer,Central,Technology,Phones,558.39,1,0.15,15.34
US-03776,2016-01-04,2016-01-08,Home Office,East,Technology,Copiers,2601.0,2,0.0,414.84
US-03776,2016-01-04,2016-01-07,Corporate,Central,Technology,Machines,1334.68,4,0.0,358.51
US-03776,2016-01-04,2016-01-04,Consumer,South,Office Supplies,Art,139.9,1,0.0,43.31
US-04869,2016-01-04,2016-01-07,Home Office,Central,Technology,Accessories,271.31,1,0.0,74.14
US-04869,2016-01-04,2016-01-08,Corporate,East,Furniture,Furnishings,103.39,1,0.0,18.09
US-00187,2016-01-05,2016-01-08,Home Office,Central,Office Supplies,Appliances,1518.19,2,0.0,161.64
US-00187,2016-01-05,2016-01-09,Corporate,West,Furniture,Chairs,126.79,1,0.0,26.36
US-00252,2016-01-05,2016-01-08,Consumer,West,Technology,Phones,274.7,1,0.1,27.46
US-00252,2016-01-05,2016-01-11,Consumer,West,Furniture,Tables,1474.77,1,0.15,65.33
US-00850,2016-01-05,2016-01-07,Home Office,East,Office Supplies,Storage,358.1,1,0.3,58.86
US-01263,2016-01-05,2016-01-05,Corporate,Central,Office Supplies,Envelopes,52.55,5,0.0,9.79
US-04253,2016-01-05,2016-01-11,Corporate,South,Office Supplies,Binders,35.13,1,0.3,-3.91
US-02929,2016-01-06,2016-01-10,Home Office,West,Furniture,Furnishings,876.59,2,0.15,38.57
US-03865,2016-01-06,2016-01-07,Consumer,West,Technology,Machines,975.47,1,0.1,103.3
US-04060,2016-01-06,2016-01-11,Consumer,Central,Office Supplies,Storage,394.37,1,0.0,24.79
US-00310,2016-01-08,2016-01-14,Corporate,South,Office Supplies,Appliances,200.31,1,0.5,-56.19
US-00310,2016-01-08,2016-01-12,Consumer,East,Furniture,Bookcases,780.81,2,0.3,-113.61
US-00310,2016-01-08,2016-01-12,Corporate,East,Furniture,Tables,671.65,3,0.0,94.5
US-00836,2016-01-08,2016-01-14,Consumer,South,Office Supplies,Labels,15.06,1,0.0,1.03
US-01086,2016-01-08,2016-01-13,Corporate,East,Furniture,Chairs,371.3,1,0.2,67.85
US-01086,2016-01-08,2016-01-12,Home Office,East,Furniture,Chairs,3961.99,5,0.3,291.5
US-01952,2016-01-08,2016-01-10,Home Office,East,Office Supplies,Paper,135.83,1,0.0,33.69
US-01952,2016-01-08,2016-01-13,Consumer,East,Furniture,Chairs,629.29,3,0.0,219.96
US-02740,2016-01-08,2016-01-12,Corporate,Central,Technology,Phones,1775.79,2,0.0,439.25
US-02740,2016-01-08,2016-01-09,Consumer,West,Furniture,Chairs,99.78,1,0.0,24.18
US-04374,2016-01-09,2016-01-12,Corporate,West,Office Supplies,Labels,19.67,1,0.0,1.35
US-04374,2016-01-09,2016-01-14,Home Office,East,Office Supplies,Supplies,50.05,1,0.3,-7.91
US-04480,2016-01-09,2016-01-09,Home Office,South,Office Supplies,Storage,1009.59,3,0.4,-62.49
US-04570,2016-01-09,2016-01-15,Home Office,South,Technology,Copiers,710.56,2,0.0,66.93
US-00843,2016-01-10,2016-01-11,Home Office,Central,Furniture,Chairs,220.44,1,0.0,65.88
US-00843,2016-01-10,2016-01-14,Home Office,Central,Furniture,Tables,795.25,1,0.15,159.71
US-00914,2016-01-10,2016-01-15,Corporate,East,Furniture,Bookcases,892.66,2,0.15,-16.14
US-01047,2016-01-10,2016-01-16,Home Office,West,Technology,Phones,348.57,1,0.0,88.83
US-01047,2016-01-10,2016-01-12,Consumer,South,Furniture,Tables,1217.41,2,0.15,-50.29
US-01989,2016-01-10,2016-01-15,Home Office,East,Furniture,Furnishings,196.77,1,0.0,60.53
US-04256,2016-01-10,2016-01-12,Corporate,West,Furniture,Furnishings,394.46,2,0.0,88.26
US-04256,2016-01-10,2016-01-13,Consumer,Central,Office Supplies,Fasteners,17.14,1,0.2,1.31
US-04771,2016-01-10,2016-01-16,Consumer,South,Furniture,Bookcases,543.94,2,0.2,59.75
US-04961,2016-01-10,2016-01-14,Corporate,East,Office Supplies,Fasteners,21.75,1,0.0,2.29
US-01979,2016-01-11,2016-01-12,Consumer,South,Technology,Accessories,158.63,1,0.4,8.01
US-02106,2016-01-11,2016-01-12,Consumer,South,Technology,Copiers,4034.9,4,0.0,1390.92
US-02360,2016-01-11,2016-01-12,Corporate,South,Office Supplies,Supplies,273.91,4,0.3,-56.46
US-02360,2016-01-11,2016-01-14,Home Office,East,Office Supplies,Supplies,62.79,1,0.0,21.04
US-02559,2016-01-11,2016-01-16,Home Office,Central,Office Supplies,Supplies,80.15,3,0.0,13.12
US-02689,2016-01-11,2016-01-13,Corporate,South,Office Supplies,Supplies,153.62,2,0.15,22.37
US-04593,2016-01-11,2016-01-16,Consumer,East,Technology,Copiers,1365.33,1,0.0,250.91
US-04646,2016-01-11,2016-01-16,Corporate,South,Office Supplies,Supplies,188.36,3,0.0,61.23
US-01701,2016-01-12,2016-01-14,Consumer,West,Furniture,Furnishings,877.56,5,0.0,305.4
US-01936,2016-01-12,2016-01-12,Corporate,East,Office Supplies,Appliances,26.44,1,0.15,0.59
US-04488,2016-01-12,2016-01-14,Corporate,East,Office Supplies,Art,191.36,1,0.15,0.42
US-04488,2016-01-12,2016-01-17,Home Office,Central,Technology,Copiers,1351.03,1,0.15,-41.41
US-00395,2016-01-13,2016-01-18,Home Office,Central,Technology,Phones,196.38,1,0.15,-0.58
US-01123,2016-01-13,2016-01-18,Home Office,East,Office Supplies,Fasteners,56.49,4,0.15,-2.02
US-01985,2016-01-13,2016-01-17,Home Office,South,Furniture,Tables,3618.62,3,0.1,-143.26
US-02148,2016-01-13,2016-01-13,Corporate,East,Furniture,Bookcases,396.75,3,0.0,99.98
US-02421,2016-01-13,2016-01-16,Consumer,Central,Office Supplies,Supplies,23.33,1,0.2,0.08
US-03689,2016-01-13,2016-01-13,Home Office,South,Office Supplies,Appliances,471.61,1,0.0,122.55
US-03689,2016-01-13,2016-01-13,Consumer,West,Technology,Machines,1321.7,1,0.0,180.39
US-02277,2016-01-14,2016-01-17,Consumer,Central,Office Supplies,Fasteners,46.01,2,0.0,10.79
US-02866,2016-01-14,2016-01-14,Consumer,Central,Office Supplies,Paper,53.16,1,0.3,-1.57
US-03010,2016-01-14,2016-01-17,Corporate,East,Technology,Phones,3301.15,4,0.4,-350.12
US-03010,2016-01-14,2016-01-20,Consumer,South,Furniture,Bookcases,276.75,3,0.2,-4.5
US-00093,2016-01-15,2016-01-20,Consumer,East,Furniture,Chairs,2064.05,3,0.0,181.37
US-00093,2016-01-15,2016-01-19,Home Office,West,Furniture,Tables,2959.87,3,0.4,-746.06
US-00732,2016-01-15,2016-01-20,Corporate,West,Furniture,Tables,1338.84,4,0.15,88.13
US-00732,2016-01-15,2016-01-20,Home Office,Central,Technology,Phones,170.66,1,0.0,22.08
US-03395,2016-01-15,2016-01-21,Home Office,South,Office Supplies,Labels,181.91,5,0.15,39.15
US-00292,2016-01-16,2016-01-20,Corporate,West,Office Supplies,Envelopes,67.88,2,0.0,14.07
US-00292,2016-01-16,2016-01-17,Corporate,South,Technology,Machines,1015.22,1,0.0,71.07
US-00912,2016-01-16,2016-01-17,Home Office,Central,Technology,Machines,699.28,1,0.0,73.73
US-00912,2016-01-16,2016-01-17,Corporate,West,Office Supplies,Art,37.6,1,0.0,11.9
US-00912,2016-01-16,2016-01-22,Consumer,West,Furniture,Bookcases,1005.76,4,0.0,213.62
US-03729,2016-01-16,2016-01-22,Consumer,West,Office Supplies,Storage,111.39,1,0.0,31.48
US-03729,2016-01-16,2016-01-22,Home Office,East,Office Supplies,Appliances,46.21,2,0.2,2.16
US-01513,2016-01-17,2016-01-22,Home Office,East,Office Supplies,Envelopes,16.27,1,0.1,-0.57
US-02719,2016-01-17,2016-01-17,Consumer,South,Office Supplies,Fasteners,55.48,4,0.0,4.55
US-02719,2016-01-17,2016-01-17,Consumer,West,Office Supplies,Art,284.82,3,0.2,7.97
US-04232,2016-01-17,2016-01-22,Home Office,South,Technology,Accessories,394.97,1,0.0,108.27
US-02021,2016-01-18,2016-01-19,Corporate,East,Office Supplies,Envelopes,38.91,1,0.0,10.96
US-03022,2016-01-18,2016-01-18,Corporate,East,Office Supplies,Labels,136.26,5,0.5,-22.18
US-03022,2016-01-18,2016-01-21,Home Office,South,Technology,Copiers,1349.89,1,0.1,301.05
US-03452,2016-01-18,2016-01-22,Consumer,Central,Technology,Phones,1445.73,2,0.0,183.4
US-04743,2016-01-18,2016-01-24,Consumer,West,Office Supplies,Fasteners,4.18,2,0.2,0.19
US-01498,2016-01-19,2016-01-20,Corporate,South,Office Supplies,Labels,39.14,1,0.0,5.4
US-01923,2016-01-19,2016-01-20,Home Office,South,Technology,Accessories,213.27,5,0.0,62.67
US-02138,2016-01-19,2016-01-24,Home Office,Central,Office Supplies,Appliances,2163.75,3,0.0,644.53
US-02917,2016-01-19,2016-01-21,Consumer,East,Furniture,Furnishings,265.74,2,0.0,38.33
US-03243,2016-01-19,2016-01-19,Home Office,East,Office Supplies,Supplies,74.87,1,0.0,14.46
US-03346,2016-01-19,2016-01-25,Home Office,South,Office Supplies,Paper,558.92,3,0.0,85.6
US-03411,2016-01-19,2016-01-21,Consumer,South,Office Supplies,Storage,187.49,1,0.0,48.77
US-03135,2016-01-20,2016-01-26,Consumer,Central,Technology,Copiers,8750.93,5,0.0,2770.44
US-03135,2016-01-20,2016-01-26,Home Office,Central,Furniture,Chairs,1317.84,2,0.0,232.26
US-03723,2016-01-20,2016-01-22,Consumer,West,Furniture,Furnishings,437.55,1,0.3,71.13
US-03723,2016-01-20,2016-01-26,Home Office,Central,Office Supplies,Paper,53.99,2,0.1,-1.26
US-04587,2016-01-20,2016-01-23,Consumer,Central,Furniture,Bookcases,575.77,2,0.0,145.3
US-04587,2016-01-20,2016-01-20,Corporate,Central,Office Supplies,Envelopes,30.54,1,0.1,3.93
US-00294,2016-01-21,2016-01-23,Consumer,East,Technology,Accessories,1328.71,5,0.2,1.29
US-01822,2016-01-21,2016-01-27,Consumer,South,Technology,Copiers,9436.89,5,0.15,1440.36
US-01822,2016-01-21,2016-01-23,Corporate,West,Office Supplies,Storage,1210.18,4,0.15,-95.88
US-02306,2016-01-21,2016-01-22,Home Office,East,Furniture,Tables,2882.35,2,0.0,195.86
US-02727,2016-01-21,2016-01-22,Home Office,West,Technology,Machines,7334.89,5,0.0,372.48
US-02946,2016-01-21,2016-01-25,Consumer,East,Technology,Phones,626.74,1,0.15,47.73
US-03608,2016-01-21,2016-01-25,Home Office,Central,Office Supplies,Paper,136.59,1,0.0,41.91
US-04603,2016-01-21,2016-01-21,Home Office,East,Office Supplies,Art,266.7,1,0.1,35.1
US-00094,2016-01-22,2016-01-28,Consumer,West,Furniture,Furnishings,32.44,1,0.0,10.51
US-04907,2016-01-22,2016-01-23,Corporate,Central,Technology,Phones,316.92,1,0.0,71.66
US-01126,2016-01-23,2016-01-24,Consumer,West,Furniture,Bookcases,1301.76,2,0.1,278.9
US-04554,2016-01-23,2016-01-29,Corporate,West,Furniture,Chairs,298.24,2,0.0,44.09
US-00415,2016-01-24,2016-01-25,Home Office,West,Office Supplies,Appliances,2029.05,3,0.4,-332.07
US-01849,2016-01-24,2016-01-26,Corporate,South,Furniture,Furnishings,183.5,1,0.0,62.92
US-01849,2016-01-24,2016-01-30,Home Office,South,Furniture,Chairs,477.49,3,0.0,40.31
US-04465,2016-01-24,2016-01-28,Home Office,East,Office Supplies,Envelopes,14.94,1,0.0,1.48
US-04660,2016-01-24,2016-01-26,Home Office,West,Technology,Accessories,485.91,2,0.1,4.08
US-04899,2016-01-24,2016-01-24,Corporate,East,Office Supplies,Paper,101.92,1,0.0,22.38
US-01110,2016-01-25,2016-01-26,Corporate,South,Office Supplies,Paper,765.08,4,0.0,91.93
US-02847,2016-01-25,2016-01-25,Home Office,East,Office Supplies,Fasteners,24.01,1,0.0,1.4
US-02011,2016-01-26,2016-01-26,Corporate,West,Technology,Copiers,1336.83,1,0.5,-569.68
US-04920,2016-01-26,2016-01-31,Home Office,East,Office Supplies,Art,18.95,1,0.3,-2.51
US-00341,2016-01-27,2016-02-01,Consumer,Central,Office Supplies,Appliances,105.56,1,0.0,18.95
US-01421,2016-01-27,2016-01-31,Consumer,South,Furniture,Tables,1274.81,1,0.0,259.45
US-02326,2016-01-27,2016-01-27,Corporate,West,Furniture,Furnishings,384.33,1,0.0,118.45
US-02326,2016-01-27,2016-01-29,Home Office,Central,Technology,Machines,1296.64,1,0.3,-113.27
US-02497,2016-01-27,2016-02-01,Consumer,East,Furniture,Chairs,1239.27,3,0.15,106.7
US-02903,2016-01-27,2016-02-01,Consumer,West,Furniture,Chairs,386.41,4,0.0,61.59
US-02982,2016-01-27,2016-01-27,Home Office,Central,Office Supplies,Appliances,1233.74,2,0.1,129.63
US-02982,2016-01-27,2016-01-28,Home Office,Central,Furniture,Bookcases,192.43,1,0.2,25.08
US-02982,2016-01-27,2016-01-29,Corporate,Central,Office Supplies,Appliances,503.9,3,0.0,124.35
US-02997,2016-01-27,2016-01-30,Home Office,East,Office Supplies,Supplies,45.58,1,0.1,3.69
US-02823,2016-01-28,2016-02-01,Home Office,Central,Office Supplies,Labels,7.58,3,0.0,2.58
US-03199,2016-01-28,2016-01-31,Corporate,South,Furniture,Furnishings,306.43,3,0.15,23.72
US-04589,2016-01-28,2016-02-01,Consumer,Central,Office Supplies,Fasteners,21.41,1,0.0,3.39
US-04589,2016-01-28,2016-01-30,Home Office,South,Furniture,Bookcases,1206.6,4,0.0,177.62
US-02520,2016-01-29,2016-02-01,Corporate,West,Office Supplies,Supplies,35.36,1,0.0,3.77
US-03707,2016-01-29,2016-01-30,Home Office,South,Office Supplies,Storage,132.42,1,0.0,26.6
US-03707,2016-01-29,2016-01-29,Corporate,Central,Technology,Copiers,7924.42,5,0.0,2729.67
US-03668,2016-01-30,2016-01-31,Consumer,South,Office Supplies,Fasteners,65.03,5,0.0,9.1
US-00694,2016-01-31,2016-02-01,Corporate,South,Furniture,Furnishings,121.1,1,0.15,21.37
US-00694,2016-01-31,2016-02-01,Consumer,Central,Furniture,Tables,741.19,1,0.0,254.3
US-00849,2016-01-31,2016-02-02,Consumer,Central,Office Supplies,Supplies,74.84,1,0.0,12.76
US-00849,2016-01-31,2016-02-01,Home Office,South,Office Supplies,Binders,138.39,2,0.4,-26.98
US-02716,2016-01-31,2016-02-05,Home Office,Central,Office Supplies,Binders,72.26,2,0.0,17.19
US-04727,2016-01-31,2016-02-01,Home Office,South,Office Supplies,Paper,114.5,1,0.3,-19.13
US-03812,2016-02-01,2016-02-02,Home Office,West,Office Supplies,Paper,136.96,1,0.15,14.05
US-03812,2016-02-01,2016-02-01,Home Office,South,Technology,Accessories,280.23,1,0.0,37.61
US-00273,2016-02-02,2016-02-04,Corporate,South,Furniture,Tables,433.86,1,0.0,51.44
US-00485,2016-02-02,2016-02-03,Home Office,South,Office Supplies,Supplies,88.45,1,0.0,28.94
US-00995,2016-02-02,2016-02-08,Consumer,East,Office Supplies,Envelopes,36.65,4,0.3,-0.72
US-00995,2016-02-02,2016-02-03,Consumer,Central,Furniture,Chairs,311.55,1,0.0,74.74
US-01181,2016-02-02,2016-02-05,Home Office,West,Office Supplies,Supplies,145.13,2,0.2,5.52
US-01181,2016-02-02,2016-02-08,Consumer,West,Technology,Accessories,217.03,1,0.0,36.21
US-01560,2016-02-02,2016-02-02,Consumer,East,Technology,Accessories,538.29,2,0.0,136.44
US-01560,2016-02-02,2016-02-05,Home Office,South,Furniture,Bookcases,455.07,1,0.15,31.93
US-02152,2016-02-02,2016-02-07,Consumer,West,Technology,Accessories,1082.43,3,0.0,370.88
US-03410,2016-02-02,2016-02-08,Consumer,South,Technology,Machines,3603.24,3,0.4,-63.24
US-03410,2016-02-02,2016-02-05,Consumer,Central,Technology,Machines,241.51,1,0.4,-30.01
US-00067,2016-02-03,2016-02-08,Consumer,Central,Office Supplies,Supplies,137.3,2,0.2,23.77
US-01432,2016-02-03,2016-02-04,Home Office,Central,Technology,Machines,1751.37,2,0.15,-116.99
US-01432,2016-02-03,2016-02-05,Corporate,Central,Technology,Phones,1141.38,3,0.0,273.54
US-01432,2016-02-03,2016-02-03,Corporate,West,Office Supplies,Storage,362.77,2,0.0,121.34
US-01129,2016-02-04,2016-02-05,Home Office,East,Office Supplies,Labels,36.56,1,0.0,9.43
US-01601,2016-02-04,2016-02-06,Home Office,West,Office Supplies,Storage,229.04,2,0.3,16.83
US-01601,2016-02-04,2016-02-04,Corporate,South,Technology,Accessories,137.97,1,0.0,29.64
US-03425,2016-02-04,2016-02-04,Corporate,Central,Office Supplies,Supplies,260.85,4,0.2,39.28
US-04224,2016-02-04,2016-02-08,Home Office,East,Furniture,Chairs,793.59,2,0.1,82.13
US-00203,2016-02-05,2016-02-05,Consumer,West,Office Supplies,Supplies,69.11,2,0.0,21.11
US-00203,2016-02-05,2016-02-08,Consumer,East,Technology,Copiers,259.53,1,0.0,28.48
US-00865,2016-02-05,2016-02-10,Home Office,East,Furniture,Chairs,2073.65,5,0.0,356.58
US-00865,2016-02-05,2016-02-06,Corporate,West,Technology,Machines,734.2,1,0.0,55.4
US-01094,2016-02-05,2016-02-09,Consumer,West,Office Supplies,Labels,15.73,1,0.0,5.33
US-00490,2016-02-06,2016-02-08,Consumer,West,Technology,Accessories,250.14,2,0.0,15.59
US-01508,2016-02-06,2016-02-11,Consumer,West,Technology,Accessories,360.58,1,0.0,55.35
US-01508,2016-02-06,2016-02-06,Home Office,West,Office Supplies,Appliances,378.11,2,0.0,91.38
US-01508,2016-02-06,2016-02-06,Consumer,Central,Technology,Accessories,33.96,1,0.0,5.62
US-03307,2016-02-06,2016-02-08,Corporate,West,Technology,Machines,3501.64,3,0.1,281.18
US-04496,2016-02-07,2016-02-09,Consumer,East,Office Supplies,Envelopes,47.74,3,0.3,-0.52
US-04496,2016-02-07,2016-02-13,Corporate,East,Office Supplies,Storage,221.7,1,0.0,20.4
US-00540,2016-02-08,2016-02-11,Corporate,South,Office Supplies,Art,269.44,3,0.0,23.17
US-00540,2016-02-08,2016-02-12,Consumer,West,Office Supplies,Supplies,303.75,5,0.0,78.4
US-02753,2016-02-08,2016-02-13,Consumer,Central,Office Supplies,Envelopes,21.71,1,0.0,2.25
US-02753,2016-02-08,2016-02-13,Consumer,Central,Office Supplies,Appliances,137.58,1,0.15,-9.6
US-02753,2016-02-08,2016-02-13,Consumer,South,Technology,Machines,326.45,1,0.0,66.01
US-03376,2016-02-08,2016-02-08,Home Office,Central,Office Supplies,Storage,334.38,1,0.0,54.63
US-03376,2016-02-08,2016-02-08,Consumer,South,Office Supplies,Art,243.48,1,0.2,55.47
US-03376,2016-02-08,2016-02-13,Corporate,South,Office Supplies,Art,194.47,2,0.0,46.95
US-03611,2016-02-08,2016-02-10,Corporate,West,Technology,Accessories,109.99,1,0.0,29.23
US-04305,2016-02-08,2016-02-09,Corporate,South,Furniture,Furnishings,237.33,2,0.5,14.0
US-04652,2016-02-08,2016-02-08,Corporate,West,Technology,Phones,1600.74,2,0.5,-530.59
US-04652,2016-02-08,2016-02-09,Consumer,East,Office Supplies,Labels,92.8,4,0.0,9.29
US-05000,2016-02-08,2016-02-08,Corporate,Central,Technology,Copiers,973.36,1,0.15,79.64
US-05000,2016-02-08,2016-02-08,Home Office,South,Furniture,Furnishings,1437.63,3,0.4,-486.15
US-00527,2016-02-09,2016-02-11,Corporate,South,Office Supplies,Fasteners,46.39,2,0.0,11.81
US-00527,2016-02-09,2016-02-12,Home Office,South,Office Supplies,Labels,16.38,1,0.0,2.44
US-02764,2016-02-09,2016-02-12,Corporate,Central,Technology,Phones,233.2,1,0.0,50.27
US-02764,2016-02-09,2016-02-09,Corporate,East,Technology,Accessories,359.49,1,0.0,70.3
US-03694,2016-02-09,2016-02-11,Home Office,Central,Office Supplies,Labels,103.67,5,0.2,8.91
US-01697,2016-02-10,2016-02-10,Home Office,East,Technology,Phones,3189.76,4,0.3,-778.27
US-04595,2016-02-10,2016-02-16,Corporate,West,Furniture,Bookcases,108.13,1,0.1,0.23
US-04595,2016-02-10,2016-02-16,Consumer,South,Technology,Copiers,1536.78,1,0.0,300.64
US-04595,2016-02-10,2016-02-10,Consumer,Central,Technology,Phones,1373.66,2,0.3,33.66
US-04828,2016-02-10,2016-02-11,Consumer,East,Furniture,Chairs,495.4,1,0.0,75.54
US-04424,2016-02-11,2016-02-17,Corporate,East,Furniture,Chairs,1136.09,4,0.0,179.35
US-04424,2016-02-11,2016-02-17,Consumer,West,Furniture,Tables,631.47,1,0.15,27.35
US-00802,2016-02-12,2016-02-17,Corporate,Central,Technology,Copiers,2560.47,2,0.0,662.65
US-00802,2016-02-12,2016-02-17,Home Office,West,Office Supplies,Art,173.72,4,0.0,18.24
US-00884,2016-02-12,2016-02-17,Corporate,South,Technology,Machines,1064.66,1,0.0,182.24
US-02122,2016-02-12,2016-02-17,Consumer,East,Technology,Machines,1327.04,1,0.0,176.94
US-04260,2016-02-12,2016-02-15,Home Office,South,Furniture,Bookcases,1252.57,2,0.0,76.52
US-04919,2016-02-12,2016-02-12,Corporate,West,Furniture,Bookcases,361.16,1,0.1,82.18
US-01436,2016-02-13,2016-02-19,Corporate,West,Office Supplies,Paper,51.42,5,0.15,11.33
US-01609,2016-02-13,2016-02-16,Consumer,West,Office Supplies,Envelopes,84.75,3,0.0,9.89
US-01609,2016-02-13,2016-02-16,Corporate,East,Technology,Accessories,1347.59,4,0.0,417.64
US-01673,2016-02-13,2016-02-17,Home Office,South,Technology,Accessories,635.98,2,0.2,-33.46
US-01673,2016-02-13,2016-02-14,Corporate,South,Office Supplies,Paper,386.23,2,0.0,125.3
US-02115,2016-02-13,2016-02-15,Corporate,South,Furniture,Bookcases,1288.37,3,0.2,54.0
US-02115,2016-02-13,2016-02-18,Corporate,West,Furniture,Tables,1445.06,1,0.0,423.86
US-02220,2016-02-13,2016-02-15,Corporate,Central,Furniture,Furnishings,316.39,1,0.0,107.2
US-02220,2016-02-13,2016-02-14,Consumer,Central,Office Supplies,Fasteners,70.81,3,0.0,4.61
US-02220,2016-02-13,2016-02-14,Consumer,East,Furniture,Furnishings,829.68,2,0.15,-47.28
US-03938,2016-02-13,2016-02-13,Consumer,Central,Office Supplies,Labels,53.34,2,0.0,12.23
US-03938,2016-02-13,2016-02-14,Consumer,Central,Technology,Accessories,580.42,2,0.0,83.34
US-03938,2016-02-13,2016-02-18,Home Office,Central,Office Supplies,Appliances,1020.71,5,0.15,18.43
US-00944,2016-02-14,2016-02-19,Home Office,West,Office Supplies,Envelopes,21.79,1,0.1,0.31
US-01108,2016-02-14,2016-02-20,Consumer,East,Office Supplies,Appliances,339.24,3,0.0,102.67
US-01474,2016-02-14,2016-02-14,Consumer,Central,Furniture,Tables,758.05,3,0.0,221.66
US-01840,2016-02-15,2016-02-15,Consumer,West,Office Supplies,Envelopes,107.09,4,0.0,12.63
US-02291,2016-02-15,2016-02-19,Corporate,Central,Office Supplies,Fasteners,4.9,1,0.0,0.25
US-02684,2016-02-15,2016-02-16,Corporate,East,Furniture,Furnishings,847.75,3,0.0,46.68
US-00030,2016-02-16,2016-02-16,Corporate,Central,Furniture,Tables,1189.6,1,0.15,235.65
US-01439,2016-02-17,2016-02-20,Home Office,South,Technology,Machines,2712.8,2,0.0,752.48
US-01439,2016-02-17,2016-02-23,Corporate,West,Office Supplies,Paper,66.74,1,0.0,20.52
US-03236,2016-02-17,2016-02-20,Home Office,Central,Furniture,Bookcases,369.77,1,0.0,64.71
US-03236,2016-02-17,2016-02-18,Home Office,South,Technology,Machines,389.55,1,0.15,-3.52
US-03613,2016-02-17,2016-02-19,Corporate,South,Office Supplies,Envelopes,148.84,4,0.0,41.91
US-04958,2016-02-17,2016-02-18,Corporate,West,Office Supplies,Labels,14.81,1,0.0,4.86
US-00004,2016-02-18,2016-02-23,Consumer,Central,Technology,Machines,1888.85,3,0.15,325.95
US-00004,2016-02-18,2016-02-24,Consumer,South,Technology,Copiers,4415.1,5,0.1,526.11
US-00875,2016-02-18,2016-02-21,Consumer,South,Technology,Machines,2957.91,4,0.0,166.28
US-00875,2016-02-18,2016-02-19,Corporate,East,Office Supplies,Envelopes,72.12,2,0.1,4.19
US-01013,2016-02-18,2016-02-24,Home Office,East,Furniture,Bookcases,1449.25,4,0.2,244.18
US-02752,2016-02-18,2016-02-23,Corporate,East,Technology,Phones,755.85,1,0.0,191.92
US-03906,2016-02-18,2016-02-23,Consumer,South,Technology,Machines,1170.21,2,0.0,290.88
US-01542,2016-02-19,2016-02-21,Consumer,Central,Furniture,Tables,1039.72,1,0.0,131.33
US-04106,2016-02-19,2016-02-22,Home Office,Central,Technology,Accessories,1002.61,3,0.0,348.83
US-04760,2016-02-19,2016-02-21,Consumer,Central,Furniture,Bookcases,208.57,1,0.1,54.9
US-04760,2016-02-19,2016-02-25,Home Office,South,Technology,Phones,2138.57,4,0.0,381.03
US-00260,2016-02-20,2016-02-24,Corporate,East,Furniture,Bookcases,713.4,3,0.3,-143.03
US-00277,2016-02-20,2016-02-23,Home Office,East,Office Supplies,Storage,699.88,2,0.3,-71.42
US-00277,2016-02-20,2016-02-23,Consumer,East,Office Supplies,Art,109.65,1,0.1,18.72
US-01065,2016-02-20,2016-02-21,Corporate,East,Office Supplies,Binders,363.73,4,0.1,60.5
US-01507,2016-02-20,2016-02-24,Home Office,Central,Technology,Machines,968.9,1,0.0,314.69
US-01507,2016-02-20,2016-02-24,Corporate,West,Office Supplies,Paper,31.61,1,0.0,5.09
US-03259,2016-02-20,2016-02-20,Corporate,East,Technology,Machines,1982.5,2,0.0,278.37
US-00388,2016-02-21,2016-02-21,Consumer,Central,Technology,Phones,759.4,1,0.0,143.55
US-00515,2016-02-21,2016-02-22,Corporate,West,Furniture,Chairs,215.63,2,0.4,-88.87
US-00845,2016-02-21,2016-02-23,Consumer,West,Office Supplies,Binders,79.93,2,0.5,-8.63
US-00879,2016-02-21,2016-02-24,Consumer,East,Furniture,Chairs,385.08,3,0.0,28.41
US-02859,2016-02-21,2016-02-22,Home Office,South,Furniture,Furnishings,1329.03,4,0.0,285.08
US-03090,2016-02-21,2016-02-22,Consumer,West,Office Supplies,Paper,307.77,3,0.0,74.11
US-02696,2016-02-22,2016-02-27,Corporate,South,Office Supplies,Fasteners,5.24,1,0.15,-0.28
US-02696,2016-02-22,2016-02-26,Home Office,East,Technology,Phones,111.54,1,0.0,7.58
US-02696,2016-02-22,2016-02-24,Corporate,West,Technology,Machines,3391.98,3,0.0,917.38
US-03221,2016-02-22,2016-02-23,Corporate,South,Office Supplies,Appliances,1437.73,2,0.0,417.78
US-03221,2016-02-22,2016-02-24,Corporate,Central,Technology,Accessories,220.86,1,0.3,-40.52
US-03766,2016-02-22,2016-02-23,Consumer,South,Technology,Accessories,239.64,2,0.3,-23.64
US-03766,2016-02-22,2016-02-23,Home Office,East,Technology,Phones,1150.43,2,0.0,356.08
US-00342,2016-02-23,2016-02-29,Home Office,East,Furniture,Tables,2122.47,2,0.0,351.01
US-02627,2016-02-23,2016-02-26,Home Office,South,Technology,Machines,6397.85,5,0.0,1209.58
US-02627,2016-02-23,2016-02-25,Home Office,Central,Technology,Accessories,369.46,1,0.1,46.08
US-04631,2016-02-23,2016-02-27,Consumer,South,Office Supplies,Appliances,443.34,4,0.2,-35.16
US-00874,2016-02-24,2016-02-25,Consumer,West,Technology,Accessories,465.57,2,0.5,-0.34
US-00874,2016-02-24,2016-02-29,Consumer,South,Office Supplies,Envelopes,126.61,4,0.3,-2.13
US-00874,2016-02-24,2016-02-27,Corporate,East,Furniture,Tables,2007.34,4,0.0,367.82
US-01500,2016-02-24,2016-02-27,Consumer,East,Furniture,Furnishings,412.84,1,0.0,36.29
US-02331,2016-02-24,2016-02-25,Consumer,Central,Furniture,Chairs,1103.17,2,0.2,192.59
US-02944,2016-02-24,2016-02-25,Consumer,East,Office Supplies,Storage,201.93,2,0.0,68.87
US-03251,2016-02-24,2016-03-01,Consumer,West,Technology,Phones,784.82,1,0.2,-85.41
US-03439,2016-02-24,2016-02-24,Home Office,West,Technology,Phones,2035.43,4,0.0,704.52
US-03439,2016-02-24,2016-02-27,Corporate,South,Technology,Machines,471.52,1,0.15,51.0
US-03652,2016-02-24,2016-03-01,Home Office,South,Furniture,Tables,870.32,2,0.0,234.28
US-03652,2016-02-24,2016-02-28,Consumer,West,Technology,Copiers,1162.1,1,0.0,123.18
US-04938,2016-02-24,2016-02-24,Consumer,East,Furniture,Bookcases,2178.4,4,0.15,-145.68
US-00215,2016-02-25,2016-02-27,Consumer,West,Furniture,Furnishings,415.45,1,0.0,111.49
US-00334,2016-02-25,2016-02-27,Corporate,East,Technology,Phones,2595.9,4,0.1,456.43
US-01619,2016-02-25,2016-02-27,Home Office,West,Furniture,Chairs,1823.63,3,0.0,278.88
US-01619,2016-02-25,2016-02-28,Corporate,East,Technology,Accessories,850.62,3,0.0,88.59
US-02622,2016-02-25,2016-03-01,Consumer,Central,Office Supplies,Labels,61.62,3,0.0,8.47
US-02622,2016-02-25,2016-02-27,Consumer,South,Office Supplies,Storage,376.31,1,0.0,52.3
US-02817,2016-02-25,2016-02-27,Corporate,South,Office Supplies,Envelopes,64.11,5,0.0,6.68
US-02817,2016-02-25,2016-02-27,Consumer,South,Technology,Machines,1141.69,1,0.0,199.48
US-00476,2016-02-26,2016-02-27,Home Office,West,Furniture,Tables,3207.51,5,0.15,246.22
US-00674,2016-02-26,2016-03-01,Consumer,West,Furniture,Chairs,1987.05,3,0.5,-632.86
US-00890,2016-02-26,2016-03-03,Consumer,West,Technology,Copiers,3726.19,5,0.0,822.7
US-00416,2016-02-27,2016-02-29,Home Office,West,Furniture,Furnishings,276.76,1,0.0,14.49
US-01523,2016-02-27,2016-02-27,Home Office,South,Technology,Phones,2325.31,3,0.0,224.93
US-01523,2016-02-27,2016-03-01,Home Office,East,Office Supplies,Storage,661.14,2,0.0,187.5
US-02388,2016-02-27,2016-03-02,Home Office,East,Furniture,Furnishings,358.75,2,0.15,58.3
US-02388,2016-02-27,2016-02-29,Home Office,South,Office Supplies,Envelopes,12.92,1,0.0,1.19
US-02388,2016-02-27,2016-03-04,Corporate,West,Furniture,Bookcases,404.87,1,0.0,115.27
US-04889,2016-02-27,2016-03-02,Corporate,West,Furniture,Furnishings,400.79,1,0.1,82.7
US-00007,2016-02-28,2016-03-03,Home Office,Central,Furniture,Tables,5849.61,4,0.0,1557.26
US-01920,2016-02-28,2016-03-04,Home Office,Central,Office Supplies,Art,558.6,3,0.0,180.99
US-02467,2016-02-28,2016-03-03,Corporate,South,Furniture,Chairs,319.75,1,0.0,111.29
US-02467,2016-02-28,2016-03-04,Corporate,South,Technology,Machines,663.29,2,0.0,225.42
US-03328,2016-02-28,2016-03-02,Home Office,West,Technology,Copiers,1004.52,1,0.0,223.4
US-03349,2016-02-28,2016-03-03,Home Office,East,Furniture,Chairs,2418.45,4,0.1,527.36
US-02008,2016-02-29,2016-03-05,Consumer,Central,Furniture,Bookcases,1156.56,4,0.0,195.09
US-00498,2016-03-01,2016-03-04,Corporate,West,Technology,Copiers,1018.39,1,0.0,150.75
US-02353,2016-03-01,2016-03-02,Home Office,West,Technology,Phones,205.9,1,0.0,53.39
US-02353,2016-03-01,2016-03-02,Consumer,South,Office Supplies,Envelopes,56.37,5,0.0,9.49
US-01458,2016-03-02,2016-03-08,Consumer,East,Office Supplies,Envelopes,245.11,5,0.0,26.7
US-01458,2016-03-02,2016-03-05,Consumer,Central,Office Supplies,Paper,528.26,4,0.15,108.82
US-01872,2016-03-02,2016-03-04,Corporate,West,Office Supplies,Envelopes,14.4,2,0.0,3.95
US-02334,2016-03-02,2016-03-07,Corporate,South,Office Supplies,Fasteners,8.25,1,0.0,0.65
US-03044,2016-03-02,2016-03-04,Consumer,Central,Furniture,Furnishings,723.36,2,0.4,-142.0
US-04780,2016-03-02,2016-03-06,Corporate,Central,Technology,Machines,5470.88,4,0.2,-647.03
US-04794,2016-03-02,2016-03-02,Corporate,South,Office Supplies,Labels,137.59,5,0.0,23.99
US-04794,2016-03-02,2016-03-08,Corporate,Central,Furniture,Chairs,475.35,4,0.15,65.49
US-04813,2016-03-02,2016-03-05,Consumer,South,Office Supplies,Art,597.25,3,0.0,154.25
US-04813,2016-03-02,2016-03-05,Consumer,South,Furniture,Chairs,1135.34,3,0.15,130.15
US-02244,2016-03-03,2016-03-07,Home Office,Central,Technology,Machines,2212.77,2,0.2,183.29
US-02244,2016-03-03,2016-03-06,Home Office,Central,Furniture,Furnishings,444.25,4,0.2,56.57
US-02244,2016-03-03,2016-03-05,Corporate,West,Office Supplies,Paper,147.15,1,0.0,44.63
US-02433,2016-03-03,2016-03-07,Consumer,West,Technology,Accessories,544.24,2,0.0,167.15
US-03137,2016-03-03,2016-03-09,Home Office,West,Technology,Accessories,566.94,2,0.0,150.33
US-03137,2016-03-03,2016-03-04,Corporate,East,Technology,Machines,727.82,1,0.0,200.69
US-03137,2016-03-03,2016-03-07,Consumer,Central,Technology,Machines,2597.53,2,0.1,310.53
US-04974,2016-03-03,2016-03-03,Home Office,Central,Office Supplies,Appliances,423.02,2,0.0,62.29
US-04974,2016-03-03,2016-03-05,Consumer,Central,Technology,Machines,722.12,1,0.0,216.99
US-04974,2016-03-03,2016-03-08,Home Office,South,Technology,Accessories,104.63,1,0.1,2.41
US-00714,2016-03-04,2016-03-04,Corporate,Central,Technology,Copiers,7265.75,4,0.15,443.38
US-00714,2016-03-04,2016-03-10,Consumer,East,Furniture,Bookcases,556.06,1,0.0,165.13
US-00714,2016-03-04,2016-03-09,Home Office,East,Furniture,Bookcases,165.61,1,0.0,29.91
US-01537,2016-03-04,2016-03-06,Home Office,West,Furniture,Chairs,765.51,1,0.4,-102.56
US-01537,2016-03-04,2016-03-10,Home Office,South,Office Supplies,Supplies,12.63,1,0.5,-0.71
US-02580,2016-03-04,2016-03-08,Corporate,Central,Office Supplies,Supplies,254.04,4,0.2,-31.99
US-02580,2016-03-04,2016-03-06,Home Office,Central,Technology,Phones,1310.65,2,0.0,265.45
US-02580,2016-03-04,2016-03-06,Corporate,South,Office Supplies,Storage,1184.28,3,0.0,212.27
US-01279,2016-03-05,2016-03-08,Corporate,West,Office Supplies,Binders,73.57,1,0.0,9.97
US-01279,2016-03-05,2016-03-06,Corporate,West,Office Supplies,Labels,25.89,1,0.4,-3.69
US-01404,2016-03-05,2016-03-07,Home Office,West,Furniture,Tables,1483.68,1,0.15,161.43
US-02540,2016-03-05,2016-03-06,Corporate,Central,Office Supplies,Fasteners,29.03,1,0.0,2.42
US-02540,2016-03-05,2016-03-08,Corporate,South,Furniture,Bookcases,333.27,1,0.0,99.14
US-03567,2016-03-05,2016-03-11,Corporate,West,Furniture,Tables,3259.46,4,0.0,552.15
US-04300,2016-03-05,2016-03-06,Consumer,East,Office Supplies,Appliances,790.32,2,0.0,109.91
US-02486,2016-03-06,2016-03-06,Corporate,South,Office Supplies,Labels,44.29,2,0.0,4.98
US-02886,2016-03-06,2016-03-08,Home Office,Central,Office Supplies,Art,550.86,2,0.0,85.59
US-02886,2016-03-06,2016-03-10,Consumer,West,Furniture,Furnishings,454.63,1,0.0,143.94
US-03662,2016-03-06,2016-03-09,Home Office,West,Technology,Accessories,404.93,2,0.3,-50.01
US-03662,2016-03-06,2016-03-06,Consumer,West,Technology,Copiers,4423.56,5,0.0,1286.52
US-03758,2016-03-06,2016-03-06,Consumer,South,Technology,Accessories,389.43,1,0.0,51.71
US-03847,2016-03-06,2016-03-10,Home Office,South,Office Supplies,Appliances,947.25,2,0.15,64.25
US-03847,2016-03-06,2016-03-07,Consumer,South,Office Supplies,Binders,202.79,3,0.0,24.41
US-03847,2016-03-06,2016-03-08,Consumer,East,Furniture,Bookcases,330.37,1,0.0,90.18
US-04159,2016-03-06,2016-03-06,Home Office,Central,Technology,Accessories,763.59,2,0.0,137.09
US-04499,2016-03-06,2016-03-11,Home Office,Central,Technology,Copiers,4865.3,3,0.0,1092.56
US-04499,2016-03-06,2016-03-10,Home Office,West,Technology,Accessories,679.77,5,0.2,-75.24
US-01893,2016-03-07,2016-03-12,Corporate,East,Office Supplies,Fasteners,28.68,1,0.0,3.51
US-02482,2016-03-07,2016-03-10,Consumer,Central,Furniture,Tables,5175.78,4,0.15,640.58
US-03419,2016-03-07,2016-03-13,Home Office,West,Technology,Machines,970.58,1,0.0,280.59
US-00547,2016-03-08,2016-03-12,Corporate,East,Technology,Phones,810.61,3,0.15,127.5
US-00831,2016-03-08,2016-03-10,Home Office,East,Office Supplies,Fasteners,36.56,3,0.0,4.28
US-01588,2016-03-08,2016-03-10,Home Office,East,Technology,Accessories,40.15,3,0.0,6.82
US-03740,2016-03-08,2016-03-11,Corporate,Central,Technology,Copiers,5627.93,3,0.0,1255.19
US-01239,2016-03-09,2016-03-11,Consumer,East,Office Supplies,Paper,43.72,1,0.0,6.1
US-04218,2016-03-09,2016-03-15,Home Office,South,Technology,Machines,530.63,1,0.0,73.03
US-02900,2016-03-10,2016-03-16,Corporate,South,Technology,Phones,562.58,3,0.2,62.47
US-03215,2016-03-10,2016-03-11,Home Office,South,Technology,Phones,634.23,1,0.0,115.44
US-03621,2016-03-10,2016-03-12,Consumer,East,Furniture,Bookcases,1621.16,4,0.0,327.1
US-00505,2016-03-11,2016-03-12,Home Office,Central,Technology,Accessories,69.86,1,0.0,4.21
US-01746,2016-03-11,2016-03-12,Corporate,Central,Office Supplies,Supplies,33.78,1,0.0,11.59
US-03297,2016-03-11,2016-03-15,Consumer,South,Technology,Copiers,2551.06,3,0.0,879.37
US-04088,2016-03-11,2016-03-13,Home Office,West,Technology,Accessories,584.59,2,0.0,114.67
US-04088,2016-03-11,2016-03-17,Corporate,South,Technology,Copiers,2975.23,2,0.0,864.03
US-04423,2016-03-11,2016-03-13,Home Office,Central,Technology,Machines,2137.71,3,0.0,417.81
US-01112,2016-03-12,2016-03-13,Home Office,East,Office Supplies,Fasteners,44.17,2,0.0,6.21
US-01112,2016-03-12,2016-03-13,Consumer,South,Furniture,Chairs,638.68,4,0.0,88.56
US-01112,2016-03-12,2016-03-16,Home Office,Central,Office Supplies,Binders,188.76,2,0.0,47.58
US-02413,2016-03-12,2016-03-15,Consumer,Central,Furniture,Chairs,455.3,5,0.0,49.53
US-03627,2016-03-12,2016-03-15,Consumer,South,Furniture,Furnishings,1159.11,4,0.2,177.83
US-04971,2016-03-12,2016-03-16,Consumer,West,Furniture,Tables,2129.1,5,0.2,176.89
US-01036,2016-03-14,2016-03-14,Home Office,West,Furniture,Tables,1094.55,2,0.0,93.45
US-02832,2016-03-14,2016-03-16,Home Office,Central,Office Supplies,Art,320.91,2,0.0,29.61
US-03838,2016-03-14,2016-03-16,Corporate,East,Office Supplies,Binders,128.8,3,0.0,36.6
US-04390,2016-03-14,2016-03-16,Consumer,South,Office Supplies,Fasteners,20.28,2,0.15,-0.45
US-04537,2016-03-14,2016-03-14,Corporate,Central,Furniture,Bookcases,654.53,1,0.0,111.81
US-04537,2016-03-14,2016-03-16,Corporate,South,Technology,Accessories,52.89,1,0.0,13.92
US-04537,2016-03-14,2016-03-17,Consumer,South,Technology,Accessories,49.12,1,0.0,15.9
US-00106,2016-03-15,2016-03-15,Home Office,Central,Office Supplies,Fasteners,32.41,2,0.0,7.09
US-00842,2016-03-15,2016-03-15,Corporate,West,Technology,Machines,3757.42,5,0.1,814.17
US-00842,2016-03-15,2016-03-19,Home Office,East,Technology,Accessories,176.11,2,0.15,27.14
US-01072,2016-03-15,2016-03-18,Consumer,West,Office Supplies,Fasteners,86.86,4,0.4,12.65
US-01072,2016-03-15,2016-03-21,Corporate,Central,Furniture,Bookcases,1117.81,2,0.0,60.94
US-01072,2016-03-15,2016-03-16,Home Office,East,Technology,Phones,300.07,1,0.0,66.09
US-01776,2016-03-15,2016-03-16,Corporate,West,Office Supplies,Storage,59.3,1,0.0,15.96
US-01776,2016-03-15,2016-03-19,Home Office,West,Technology,Accessories,754.91,5,0.0,252.38
US-01776,2016-03-15,2016-03-15,Home Office,East,Office Supplies,Fasteners,16.32,1,0.3,-0.14
US-02179,2016-03-15,2016-03-16,Consumer,Central,Technology,Machines,1410.58,1,0.0,449.61
US-02179,2016-03-15,2016-03-20,Home Office,South,Furniture,Tables,1545.26,3,0.0,339.05
US-02313,2016-03-15,2016-03-21,Corporate,West,Office Supplies,Envelopes,143.9,4,0.0,11.24
US-02313,2016-03-15,2016-03-16,Home Office,South,Office Supplies,Appliances,638.85,2,0.5,-73.81
US-01156,2016-03-16,2016-03-20,Home Office,South,Office Supplies,Supplies,46.16,2,0.1,8.51
US-02736,2016-03-16,2016-03-19,Consumer,Central,Office Supplies,Storage,851.63,3,0.0,282.42
US-02736,2016-03-16,2016-03-21,Corporate,South,Office Supplies,Binders,102.04,2,0.0,32.59
US-03148,2016-03-16,2016-03-21,Corporate,South,Technology,Machines,974.62,1,0.0,161.85
US-03148,2016-03-16,2016-03-18,Corporate,South,Technology,Accessories,84.63,2,0.0,22.09
US-03612,2016-03-16,2016-03-18,Corporate,East,Office Supplies,Appliances,75.98,1,0.15,13.67
US-00542,2016-03-17,2016-03-22,Consumer,West,Furniture,Tables,1179.56,1,0.1,-29.66
US-00542,2016-03-17,2016-03-23,Corporate,West,Technology,Phones,166.54,2,0.1,1.39
US-01529,2016-03-17,2016-03-23,Home Office,West,Technology,Accessories,64.73,1,0.1,8.52
US-01529,2016-03-17,2016-03-23,Corporate,Central,Office Supplies,Fasteners,94.14,4,0.2,18.13
US-04673,2016-03-17,2016-03-22,Home Office,Central,Technology,Copiers,2788.62,2,0.0,952.8
US-04673,2016-03-17,2016-03-19,Home Office,East,Office Supplies,Labels,7.77,1,0.0,2.08
US-00989,2016-03-18,2016-03-22,Corporate,South,Furniture,Furnishings,286.44,4,0.0,32.93
US-02672,2016-03-18,2016-03-24,Corporate,South,Office Supplies,Art,58.89,2,0.0,15.86
US-02672,2016-03-18,2016-03-18,Corporate,East,Furniture,Bookcases,1719.69,3,0.0,494.13
US-00853,2016-03-19,2016-03-20,Consumer,Central,Furniture,Tables,3524.32,3,0.5,-1260.37
US-03693,2016-03-19,2016-03-23,Home Office,East,Furniture,Furnishings,59.77,2,0.2,11.71
US-04447,2016-03-19,2016-03-22,Home Office,Central,Technology,Phones,1620.52,3,0.0,552.35
US-04447,2016-03-19,2016-03-21,Home Office,East,Furniture,Chairs,83.45,1,0.0,11.68
US-04629,2016-03-19,2016-03-24,Corporate,East,Furniture,Tables,1096.93,2,0.0,125.6
US-04307,2016-03-20,2016-03-26,Consumer,Central,Technology,Machines,1780.52,5,0.0,561.61
US-04307,2016-03-20,2016-03-22,Corporate,Central,Office Supplies,Supplies,37.61,1,0.1,6.93
US-04307,2016-03-20,2016-03-25,Corporate,East,Office Supplies,Storage,1283.62,4,0.0,306.79
US-04887,2016-03-20,2016-03-26,Consumer,Central,Technology,Phones,2707.46,5,0.0,811.64
US-04898,2016-03-20,2016-03-20,Corporate,West,Office Supplies,Labels,101.89,5,0.0,22.88
US-00140,2016-03-21,2016-03-23,Corporate,South,Furniture,Tables,2540.63,4,0.2,567.09
US-01379,2016-03-21,2016-03-27,Corporate,West,Technology,Accessories,120.83,2,0.1,19.82
US-03117,2016-03-21,2016-03-27,Corporate,Central,Furniture,Furnishings,340.18,1,0.2,42.43
US-01054,2016-03-22,2016-03-28,Home Office,East,Furniture,Tables,454.65,1,0.0,143.1
US-02249,2016-03-22,2016-03-26,Consumer,South,Office Supplies,Paper,41.14,1,0.1,0.53
US-02249,2016-03-22,2016-03-25,Corporate,South,Technology,Phones,921.12,2,0.0,219.85
US-02893,2016-03-22,2016-03-23,Corporate,Central,Office Supplies,Labels,13.86,2,0.0,3.14
US-04540,2016-03-22,2016-03-27,Consumer,South,Technology,Accessories,18.4,1,0.0,1.11
US-04555,2016-03-22,2016-03-23,Home Office,South,Technology,Accessories,321.82,1,0.2,30.59
US-01863,2016-03-23,2016-03-28,Home Office,East,Furniture,Chairs,790.24,1,0.1,-13.23
US-01863,2016-03-23,2016-03-24,Consumer,West,Office Supplies,Supplies,240.4,4,0.0,59.33
US-02053,2016-03-23,2016-03-24,Home Office,West,Office Supplies,Envelopes,16.37,1,0.0,0.85
US-02053,2016-03-23,2016-03-28,Consumer,South,Office Supplies,Appliances,255.54,1,0.0,81.94
US-02329,2016-03-23,2016-03-24,Home Office,Central,Technology,Accessories,343.54,1,0.0,108.34
US-03669,2016-03-23,2016-03-24,Home Office,West,Furniture,Bookcases,251.07,2,0.2,20.32
US-01119,2016-03-24,2016-03-26,Consumer,West,Furniture,Tables,1309.48,1,0.0,450.79
US-01246,2016-03-24,2016-03-29,Consumer,East,Technology,Machines,1380.35,1,0.0,464.22
US-02725,2016-03-24,2016-03-25,Home Office,East,Office Supplies,Storage,956.01,3,0.1,-35.92
US-02831,2016-03-24,2016-03-25,Home Office,South,Office Supplies,Supplies,252.77,5,0.0,68.49
US-02831,2016-03-24,2016-03-29,Consumer,Central,Furniture,Chairs,1276.76,3,0.3,-34.19
US-01215,2016-03-25,2016-03-30,Corporate,East,Furniture,Bookcases,210.14,1,0.0,46.79
US-02327,2016-03-25,2016-03-26,Home Office,South,Technology,Accessories,198.68,3,0.4,11.93
US-02327,2016-03-25,2016-03-28,Consumer,South,Office Supplies,Envelopes,249.1,5,0.3,19.34
US-04977,2016-03-25,2016-03-30,Home Office,Central,Technology,Accessories,140.3,5,0.0,46.42
US-00062,2016-03-26,2016-03-27,Corporate,West,Technology,Accessories,536.96,2,0.0,30.29
US-00682,2016-03-26,2016-03-29,Corporate,South,Office Supplies,Storage,281.14,1,0.0,32.2
US-03139,2016-03-26,2016-04-01,Consumer,Central,Furniture,Bookcases,697.05,1,0.0,137.41
US-00102,2016-03-27,2016-03-29,Home Office,West,Technology,Machines,1161.61,2,0.0,144.48
US-00429,2016-03-27,2016-03-30,Consumer,South,Technology,Copiers,1603.09,1,0.15,254.18
US-00429,2016-03-27,2016-03-30,Home Office,East,Office Supplies,Fasteners,12.05,1,0.0,1.33
US-00429,2016-03-27,2016-03-29,Consumer,South,Furniture,Tables,2508.59,2,0.0,446.04
US-02692,2016-03-27,2016-03-29,Corporate,South,Office Supplies,Supplies,99.58,1,0.0,9.43
US-02803,2016-03-27,2016-03-29,Corporate,South,Technology,Accessories,111.69,1,0.0,14.99
US-02803,2016-03-27,2016-04-02,Home Office,West,Office Supplies,Paper,184.98,2,0.0,18.62
US-00886,2016-03-28,2016-03-28,Corporate,East,Furniture,Tables,1604.58,2,0.0,536.44
US-03342,2016-03-28,2016-03-28,Consumer,South,Furniture,Furnishings,325.34,5,0.5,-12.4
US-00021,2016-03-29,2016-03-29,Corporate,West,Office Supplies,Supplies,79.79,5,0.0,27.03
US-00021,2016-03-29,2016-03-29,Home Office,Central,Furniture,Furnishings,1147.35,5,0.0,366.98
US-00301,2016-03-29,2016-04-02,Home Office,West,Furniture,Chairs,1786.35,3,0.0,531.82
US-01339,2016-03-29,2016-03-29,Home Office,Central,Technology,Machines,5180.07,4,0.1,836.95
US-01980,2016-03-29,2016-04-04,Consumer,West,Furniture,Bookcases,705.81,2,0.0,110.08
US-02129,2016-03-29,2016-03-30,Home Office,South,Office Supplies,Storage,665.0,4,0.0,111.86
US-02129,2016-03-29,2016-03-31,Home Office,East,Technology,Machines,941.26,1,0.3,153.56
US-04651,2016-03-29,2016-04-02,Corporate,South,Office Supplies,Supplies,75.9,1,0.2,-4.3
US-00090,2016-03-30,2016-04-04,Corporate,East,Office Supplies,Paper,208.56,2,0.3,-23.45
US-01326,2016-03-30,2016-03-31,Home Office,South,Technology,Accessories,334.07,1,0.5,-25.3
US-01735,2016-03-30,2016-03-31,Consumer,South,Office Supplies,Supplies,100.94,2,0.0,33.79
US-03647,2016-03-30,2016-04-04,Corporate,East,Furniture,Bookcases,509.92,1,0.2,22.09
US-03647,2016-03-30,2016-03-30,Consumer,East,Technology,Phones,1372.79,2,0.0,431.2
US-03749,2016-03-30,2016-04-05,Home Office,West,Furniture,Furnishings,277.73,1,0.0,30.93
US-03749,2016-03-30,2016-04-03,Corporate,East,Technology,Machines,1183.57,1,0.0,235.98
US-04612,2016-03-30,2016-04-05,Home Office,East,Furniture,Chairs,1415.56,3,0.0,355.06
US-01203,2016-03-31,2016-04-02,Consumer,Central,Office Supplies,Labels,37.72,1,0.15,-0.8
US-01809,2016-03-31,2016-03-31,Corporate,South,Technology,Accessories,57.8,3,0.4,0.3
US-01809,2016-03-31,2016-04-03,Corporate,Central,Technology,Copiers,2601.77,2,0.0,827.92
US-03352,2016-03-31,2016-04-03,Consumer,East,Office Supplies,Art,338.02,2,0.0,86.43
US-00489,2016-04-01,2016-04-04,Consumer,East,Office Supplies,Appliances,1436.02,2,0.0,165.97
US-00727,2016-04-01,2016-04-06,Consumer,South,Furniture,Furnishings,452.22,1,0.15,42.66
US-00727,2016-04-01,2016-04-02,Home Office,South,Office Supplies,Labels,21.11,2,0.15,-0.76
US-00727,2016-04-01,2016-04-01,Corporate,Central,Office Supplies,Binders,21.27,4,0.15,2.13
US-01227,2016-04-01,2016-04-07,Corporate,East,Furniture,Chairs,650.87,1,0.0,97.73
US-01227,2016-04-01,2016-04-04,Consumer,Central,Office Supplies,Paper,130.25,1,0.1,0.31
US-02541,2016-04-01,2016-04-06,Consumer,Central,Technology,Accessories,182.46,1,0.5,-67.2
US-04859,2016-04-01,2016-04-05,Home Office,East,Furniture,Chairs,695.01,3,0.3,-212.87
US-00528,2016-04-02,2016-04-06,Consumer,West,Office Supplies,Binders,87.56,1,0.1,19.15
US-00528,2016-04-02,2016-04-07,Home Office,South,Office Supplies,Storage,270.89,1,0.1,70.44
US-02298,2016-04-02,2016-04-06,Consumer,West,Furniture,Bookcases,261.87,1,0.1,70.17
US-03945,2016-04-02,2016-04-07,Home Office,South,Technology,Phones,929.79,2,0.0,162.73
US-04152,2016-04-02,2016-04-07,Consumer,East,Furniture,Bookcases,1802.12,5,0.1,237.47
US-04462,2016-04-02,2016-04-03,Consumer,South,Technology,Phones,191.37,1,0.0,60.98
US-04462,2016-04-02,2016-04-02,Corporate,East,Furniture,Tables,3107.93,4,0.5,-833.77
US-00123,2016-04-03,2016-04-07,Consumer,East,Furniture,Chairs,432.88,1,0.2,54.03
US-00123,2016-04-03,2016-04-07,Consumer,Central,Office Supplies,Labels,176.49,5,0.0,30.72
US-00809,2016-04-03,2016-04-05,Consumer,South,Technology,Machines,1437.08,2,0.15,96.83
US-01231,2016-04-03,2016-04-09,Home Office,East,Technology,Accessories,155.04,2,0.2,24.85
US-01348,2016-04-03,2016-04-05,Home Office,South,Technology,Copiers,3571.45,3,0.15,487.22
US-01789,2016-04-03,2016-04-09,Corporate,Central,Technology,Accessories,217.29,1,0.0,27.47
US-02613,2016-04-03,2016-04-03,Consumer,Central,Office Supplies,Paper,195.09,1,0.2,13.65
US-01915,2016-04-04,2016-04-05,Corporate,South,Technology,Machines,2283.57,2,0.1,535.68
US-03630,2016-04-04,2016-04-08,Corporate,Central,Technology,Accessories,627.31,2,0.5,-69.72
US-03630,2016-04-04,2016-04-07,Corporate,South,Furniture,Tables,2336.55,4,0.0,670.78
US-02612,2016-04-05,2016-04-10,Corporate,East,Technology,Phones,810.31,1,0.1,65.88
US-02612,2016-04-05,2016-04-05,Corporate,East,Furniture,Bookcases,2030.94,4,0.0,248.37
US-03607,2016-04-05,2016-04-07,Corporate,West,Office Supplies,Fasteners,24.02,2,0.3,2.89
US-04020,2016-04-05,2016-04-06,Corporate,West,Technology,Accessories,49.88,1,0.0,10.83
US-01972,2016-04-06,2016-04-11,Corporate,South,Office Supplies,Storage,307.36,1,0.0,93.39
US-02589,2016-04-06,2016-04-10,Home Office,East,Technology,Machines,2954.94,2,0.15,397.42
US-02589,2016-04-06,2016-04-08,Home Office,East,Furniture,Furnishings,222.87,1,0.1,38.15
US-02659,2016-04-06,2016-04-06,Corporate,Central,Furniture,Furnishings,495.79,2,0.0,46.87
US-02659,2016-04-06,2016-04-07,Home Office,West,Office Supplies,Storage,318.0,1,0.2,2.28
US-03049,2016-04-06,2016-04-12,Home Office,West,Office Supplies,Labels,41.05,2,0.0,3.08
US-03049,2016-04-06,2016-04-09,Home Office,East,Furniture,Furnishings,75.55,1,0.15,12.21
US-03049,2016-04-06,2016-04-07,Corporate,East,Office Supplies,Labels,76.39,2,0.0,5.95
US-01643,2016-04-07,2016-04-09,Home Office,South,Office Supplies,Supplies,84.3,1,0.1,-1.48
US-01643,2016-04-07,2016-04-13,Home Office,East,Office Supplies,Supplies,87.9,1,0.3,-6.52
US-03498,2016-04-07,2016-04-13,Consumer,East,Office Supplies,Fasteners,26.06,2,0.4,-2.36
US-03498,2016-04-07,2016-04-07,Home Office,West,Furniture,Bookcases,877.67,3,0.0,165.61
US-03498,2016-04-07,2016-04-11,Consumer,West,Furniture,Furnishings,1199.29,4,0.0,167.62
US-03677,2016-04-07,2016-04-11,Corporate,Central,Office Supplies,Supplies,71.28,3,0.0,21.94
US-03677,2016-04-07,2016-04-07,Corporate,South,Technology,Machines,6416.66,5,0.2,-118.18
US-03677,2016-04-07,2016-04-12,Corporate,South,Technology,Accessories,145.94,3,0.2,-6.47
US-03763,2016-04-07,2016-04-09,Consumer,South,Furniture,Bookcases,1632.43,3,0.0,181.65
US-04024,2016-04-07,2016-04-11,Corporate,West,Technology,Copiers,1074.75,1,0.0,62.78
US-04024,2016-04-07,2016-04-11,Home Office,West,Furniture,Chairs,244.21,1,0.1,11.76
US-00074,2016-04-08,2016-04-13,Corporate,West,Office Supplies,Paper,434.78,5,0.0,145.34
US-00445,2016-04-08,2016-04-12,Consumer,West,Office Supplies,Fasteners,17.05,1,0.15,3.14
US-00445,2016-04-08,2016-04-12,Home Office,Central,Technology,Accessories,639.96,3,0.0,37.35
US-01768,2016-04-09,2016-04-12,Home Office,East,Furniture,Chairs,114.45,1,0.0,10.01
US-01768,2016-04-09,2016-04-10,Home Office,South,Office Supplies,Envelopes,216.18,5,0.4,10.32
US-02787,2016-04-09,2016-04-11,Corporate,East,Furniture,Chairs,1362.25,3,0.1,269.02
US-04197,2016-04-09,2016-04-11,Consumer,East,Office Supplies,Binders,9.79,1,0.0,1.34
US-01323,2016-04-10,2016-04-10,Corporate,East,Technology,Machines,895.84,1,0.15,153.55
US-01323,2016-04-10,2016-04-10,Consumer,East,Office Supplies,Binders,92.6,1,0.0,9.49
US-01323,2016-04-10,2016-04-16,Corporate,East,Office Supplies,Paper,335.96,2,0.0,56.96
US-01707,2016-04-10,2016-04-16,Corporate,Central,Office Supplies,Storage,84.91,1,0.2,0.18
US-02755,2016-04-10,2016-04-16,Consumer,West,Office Supplies,Art,11.24,1,0.0,2.6
US-01385,2016-04-11,2016-04-11,Corporate,West,Technology,Copiers,858.75,1,0.0,288.94
US-01624,2016-04-12,2016-04-13,Corporate,Central,Furniture,Tables,324.17,1,0.0,51.85
US-01624,2016-04-12,2016-04-12,Home Office,Central,Technology,Machines,1656.22,4,0.5,-257.29
US-03116,2016-04-12,2016-04-18,Corporate,West,Technology,Machines,763.09,1,0.2,16.12
US-04105,2016-04-12,2016-04-17,Home Office,West,Technology,Phones,2941.09,4,0.0,749.22
US-04987,2016-04-12,2016-04-12,Home Office,Central,Office Supplies,Labels,4.41,2,0.0,0.36
US-02523,2016-04-13,2016-04-14,Corporate,Central,Office Supplies,Binders,95.13,2,0.2,-6.52
US-00458,2016-04-14,2016-04-16,Home Office,Central,Office Supplies,Appliances,484.61,3,0.0,38.59
US-04010,2016-04-14,2016-04-16,Corporate,Central,Office Supplies,Supplies,191.28,2,0.0,19.27
US-04010,2016-04-14,2016-04-15,Consumer,West,Furniture,Bookcases,798.99,5,0.0,195.69
US-04010,2016-04-14,2016-04-19,Consumer,South,Furniture,Chairs,333.14,1,0.15,22.63
US-00137,2016-04-15,2016-04-21,Corporate,West,Technology,Accessories,728.4,3,0.2,-75.92
US-01531,2016-04-15,2016-04-15,Home Office,West,Office Supplies,Labels,30.78,1,0.2,-0.57
US-01806,2016-04-15,2016-04-21,Corporate,West,Technology,Machines,1649.25,2,0.0,479.28
US-02274,2016-04-15,2016-04-21,Corporate,Central,Office Supplies,Labels,38.5,1,0.0,2.51
US-02274,2016-04-15,2016-04-21,Consumer,East,Office Supplies,Supplies,6.93,1,0.0,1.26
US-04177,2016-04-15,2016-04-17,Consumer,West,Office Supplies,Supplies,81.82,4,0.0,25.45
US-04177,2016-04-15,2016-04-19,Consumer,West,Office Supplies,Labels,30.49,1,0.0,8.1
US-04177,2016-04-15,2016-04-17,Consumer,South,Technology,Phones,1558.56,2,0.3,57.25
US-01941,2016-04-16,2016-04-22,Home Office,South,Furniture,Tables,3762.0,3,0.0,722.46
US-04904,2016-04-16,2016-04-18,Consumer,Central,Office Supplies,Supplies,56.8,1,0.0,4.23
US-04904,2016-04-16,2016-04-18,Home Office,South,Office Supplies,Fasteners,22.19,1,0.0,1.2
US-00729,2016-04-17,2016-04-21,Home Office,East,Office Supplies,Labels,16.65,2,0.1,4.73
US-00745,2016-04-17,2016-04-19,Corporate,Central,Furniture,Chairs,223.24,3,0.0,59.16
US-02012,2016-04-17,2016-04-18,Consumer,East,Furniture,Bookcases,1105.17,4,0.0,235.43
US-02012,2016-04-17,2016-04-21,Home Office,South,Office Supplies,Binders,180.82,2,0.5,-57.07
US-01230,2016-04-18,2016-04-18,Corporate,West,Office Supplies,Appliances,147.69,3,0.0,13.38
US-01230,2016-04-18,2016-04-23,Corporate,East,Technology,Phones,2044.44,5,0.0,165.06
US-01230,2016-04-18,2016-04-18,Home Office,East,Technology,Accessories,722.61,3,0.3,-34.81
US-01834,2016-04-18,2016-04-18,Consumer,East,Furniture,Tables,1111.6,1,0.3,21.6
US-01834,2016-04-18,2016-04-23,Home Office,Central,Office Supplies,Labels,86.81,4,0.4,-11.22
US-01834,2016-04-18,2016-04-23,Consumer,East,Technology,Machines,885.43,4,0.4,-305.39
US-03147,2016-04-18,2016-04-18,Corporate,East,Office Supplies,Binders,15.81,1,0.0,3.04
US-03147,2016-04-18,2016-04-24,Home Office,South,Technology,Accessories,802.06,4,0.0,160.42
US-03147,2016-04-18,2016-04-19,Home Office,Central,Office Supplies,Art,230.85,1,0.0,48.71
US-03973,2016-04-18,2016-04-21,Home Office,East,Furniture,Bookcases,2312.59,4,0.5,-696.64
US-04362,2016-04-18,2016-04-22,Corporate,South,Office Supplies,Labels,87.17,5,0.15,1.63
US-04516,2016-04-18,2016-04-19,Corporate,West,Technology,Machines,1049.58,2,0.2,23.42
US-04758,2016-04-18,2016-04-21,Corporate,East,Office Supplies,Supplies,24.0,2,0.5,-7.69
US-00220,2016-04-19,2016-04-19,Home Office,South,Technology,Accessories,1095.12,3,0.0,131.8
US-01229,2016-04-19,2016-04-22,Corporate,East,Technology,Copiers,1138.23,1,0.0,80.37
US-01229,2016-04-19,2016-04-24,Home Office,South,Technology,Accessories,383.97,1,0.3,-70.16
US-02483,2016-04-19,2016-04-25,Consumer,East,Office Supplies,Supplies,157.79,2,0.2,0.81
US-03588,2016-04-20,2016-04-25,Consumer,Central,Technology,Phones,334.73,1,0.0,28.47
US-03870,2016-04-20,2016-04-23,Corporate,Central,Office Supplies,Appliances,662.39,1,0.0,190.31
US-03870,2016-04-20,2016-04-20,Home Office,Central,Furniture,Tables,574.59,2,0.0,172.12
US-03460,2016-04-21,2016-04-21,Corporate,West,Technology,Phones,261.62,1,0.1,20.24
US-03904,2016-04-21,2016-04-27,Home Office,West,Technology,Phones,2536.33,3,0.0,157.8
US-04396,2016-04-21,2016-04-24,Home Office,Central,Technology,Copiers,1521.59,1,0.15,369.59
US-04396,2016-04-21,2016-04-24,Corporate,West,Office Supplies,Fasteners,72.99,3,0.1,10.65
US-04396,2016-04-21,2016-04-21,Corporate,East,Office Supplies,Art,307.63,3,0.0,84.01
US-04617,2016-04-21,2016-04-24,Corporate,East,Office Supplies,Art,108.84,1,0.3,6.45
US-00276,2016-04-23,2016-04-26,Home Office,East,Technology,Copiers,1962.87,1,0.0,398.72
US-00394,2016-04-23,2016-04-29,Consumer,East,Furniture,Chairs,174.37,1,0.0,55.64
US-00394,2016-04-23,2016-04-25,Home Office,West,Office Supplies,Supplies,178.59,4,0.0,15.96
US-01475,2016-04-23,2016-04-26,Home Office,Central,Furniture,Bookcases,2770.92,4,0.0,251.25
US-01475,2016-04-23,2016-04-24,Home Office,West,Furniture,Chairs,600.28,4,0.1,19.21
US-01475,2016-04-23,2016-04-27,Corporate,West,Technology,Copiers,2329.78,2,0.2,134.42
US-02000,2016-04-24,2016-04-25,Corporate,East,Office Supplies,Paper,152.07,1,0.2,-1.61
US-02546,2016-04-24,2016-04-26,Consumer,East,Office Supplies,Art,114.52,1,0.0,24.78
US-04741,2016-04-24,2016-04-30,Home Office,Central,Office Supplies,Art,175.96,1,0.0,27.13
US-04741,2016-04-24,2016-04-30,Home Office,West,Office Supplies,Paper,167.95,1,0.1,41.98
US-00316,2016-04-25,2016-05-01,Consumer,West,Technology,Copiers,2593.7,5,0.0,609.83
US-00316,2016-04-25,2016-04-30,Corporate,South,Furniture,Chairs,1268.8,2,0.2,140.68
US-00316,2016-04-25,2016-04-28,Home Office,West,Furniture,Bookcases,1439.99,4,0.0,502.2
US-01121,2016-04-25,2016-04-25,Consumer,West,Technology,Phones,2600.68,3,0.0,546.79
US-04042,2016-04-25,2016-04-29,Home Office,South,Furniture,Bookcases,1016.86,2,0.0,184.72
US-04782,2016-04-25,2016-04-26,Consumer,Central,Technology,Copiers,221.9,1,0.0,68.53
US-04782,2016-04-25,2016-04-28,Home Office,Central,Furniture,Furnishings,93.84,1,0.0,19.43
US-04782,2016-04-25,2016-04-29,Consumer,Central,Office Supplies,Binders,86.42,1,0.0,23.35
US-01083,2016-04-26,2016-05-01,Corporate,Central,Furniture,Chairs,157.31,1,0.4,-5.66
US-01610,2016-04-26,2016-04-30,Consumer,South,Office Supplies,Paper,94.45,1,0.0,22.13
US-03051,2016-04-26,2016-04-26,Home Office,East,Technology,Accessories,122.06,1,0.0,12.98
US-03051,2016-04-26,2016-04-28,Home Office,South,Office Supplies,Fasteners,128.38,5,0.0,23.59
US-04584,2016-04-26,2016-05-02,Corporate,East,Office Supplies,Envelopes,20.29,2,0.0,4.94
US-00577,2016-04-27,2016-04-28,Consumer,East,Office Supplies,Labels,33.12,2,0.0,6.55
US-00577,2016-04-27,2016-05-01,Home Office,East,Furniture,Tables,1114.02,1,0.0,387.87
US-01962,2016-04-27,2016-05-03,Home Office,Central,Technology,Phones,790.71,2,0.0,191.55
US-01962,2016-04-27,2016-05-03,Home Office,South,Technology,Machines,420.63,1,0.0,143.21
US-02654,2016-04-27,2016-04-30,Corporate,Central,Technology,Copiers,3046.79,4,0.3,-527.26
US-02332,2016-04-28,2016-05-03,Consumer,South,Furniture,Bookcases,1164.33,4,0.0,130.12
US-02516,2016-04-28,2016-04-28,Consumer,South,Technology,Phones,1138.13,4,0.1,110.88
US-02516,2016-04-28,2016-05-01,Home Office,West,Technology,Phones,2950.67,5,0.15,635.5
US-01906,2016-04-29,2016-05-04,Home Office,Central,Technology,Machines,1387.89,1,0.0,303.76
US-01906,2016-04-29,2016-05-04,Corporate,Central,Technology,Machines,835.64,2,0.0,96.23
US-03344,2016-04-29,2016-04-30,Consumer,South,Technology,Phones,752.8,2,0.0,48.29
US-03344,2016-04-29,2016-05-05,Corporate,West,Technology,Accessories,47.3,1,0.5,-11.29
US-03344,2016-04-29,2016-05-03,Corporate,West,Furniture,Tables,6835.05,5,0.15,-39.47
US-04349,2016-04-29,2016-05-01,Home Office,Central,Office Supplies,Binders,133.2,5,0.15,16.21
US-00952,2016-04-30,2016-05-06,Corporate,Central,Office Supplies,Envelopes,31.66,1,0.3,-6.46
US-02247,2016-04-30,2016-05-01,Home Office,East,Furniture,Furnishings,650.06,3,0.0,40.61
US-03948,2016-04-30,2016-04-30,Consumer,West,Furniture,Chairs,300.79,1,0.2,-4.6
US-00295,2016-05-01,2016-05-05,Home Office,Central,Office Supplies,Appliances,1297.91,3,0.2,-73.78
US-00435,2016-05-01,2016-05-07,Corporate,West,Office Supplies,Supplies,102.62,2,0.0,23.96
US-00442,2016-05-01,2016-05-03,Consumer,South,Office Supplies,Appliances,572.46,2,0.0,92.58
US-00902,2016-05-01,2016-05-06,Consumer,West,Technology,Machines,1343.7,1,0.1,300.46
US-00902,2016-05-01,2016-05-07,Consumer,Central,Technology,Accessories,1149.73,4,0.0,58.43
US-00902,2016-05-01,2016-05-05,Consumer,East,Office Supplies,Envelopes,55.89,3,0.15,3.95
US-02479,2016-05-01,2016-05-07,Corporate,South,Furniture,Furnishings,498.37,2,0.2,-10.7
US-02479,2016-05-01,2016-05-03,Consumer,East,Furniture,Tables,7300.21,5,0.15,1068.5
US-01993,2016-05-02,2016-05-08,Home Office,West,Furniture,Furnishings,229.46,1,0.1,16.69
US-01993,2016-05-02,2016-05-05,Corporate,Central,Furniture,Chairs,493.73,1,0.0,49.68
US-02033,2016-05-02,2016-05-04,Corporate,West,Office Supplies,Envelopes,86.69,3,0.0,17.25
US-02033,2016-05-02,2016-05-06,Corporate,Central,Furniture,Chairs,544.41,1,0.0,88.11
US-02967,2016-05-02,2016-05-02,Home Office,West,Technology,Phones,2296.28,3,0.0,767.54
US-02967,2016-05-02,2016-05-02,Consumer,West,Office Supplies,Binders,68.0,2,0.1,10.51
US-03680,2016-05-02,2016-05-03,Corporate,West,Office Supplies,Envelopes,52.4,2,0.15,-1.23
US-04379,2016-05-02,2016-05-03,Consumer,South,Office Supplies,Envelopes,12.49,2,0.0,4.08
US-04379,2016-05-02,2016-05-03,Home Office,Central,Office Supplies,Art,126.2,1,0.3,-11.57
US-00086,2016-05-03,2016-05-06,Home Office,Central,Technology,Accessories,72.79,2,0.0,25.22
US-00450,2016-05-03,2016-05-08,Home Office,East,Office Supplies,Binders,102.11,2,0.4,-14.72
US-00450,2016-05-03,2016-05-03,Consumer,East,Technology,Phones,852.46,1,0.4,-71.55
US-00963,2016-05-05,2016-05-09,Home Office,South,Office Supplies,Appliances,155.65,1,0.0,54.23
US-03846,2016-05-05,2016-05-10,Home Office,South,Office Supplies,Paper,474.95,4,0.0,50.43
US-00149,2016-05-06,2016-05-07,Corporate,East,Furniture,Tables,1665.34,2,0.3,237.86
US-00898,2016-05-06,2016-05-06,Corporate,Central,Office Supplies,Envelopes,25.79,2,0.15,-0.52
US-00898,2016-05-06,2016-05-09,Consumer,East,Technology,Phones,664.35,1,0.0,96.99
US-04053,2016-05-06,2016-05-12,Consumer,East,Office Supplies,Supplies,76.32,1,0.0,5.64
US-04053,2016-05-06,2016-05-10,Consumer,South,Furniture,Bookcases,415.22,1,0.3,-26.37
US-04061,2016-05-06,2016-05-11,Corporate,South,Office Supplies,Art,1463.15,5,0.3,-54.29
US-04321,2016-05-06,2016-05-06,Home Office,South,Furniture,Furnishings,455.46,3,0.1,75.43
US-04692,2016-05-06,2016-05-08,Consumer,South,Technology,Accessories,391.97,2,0.5,-56.43
US-04692,2016-05-06,2016-05-06,Corporate,East,Office Supplies,Supplies,15.22,1,0.0,2.63
US-00198,2016-05-07,2016-05-11,Home Office,East,Office Supplies,Storage,200.98,1,0.3,1.78
US-00198,2016-05-07,2016-05-10,Consumer,South,Office Supplies,Binders,107.12,5,0.5,-0.17
US-00861,2016-05-07,2016-05-11,Corporate,South,Furniture,Furnishings,52.13,1,0.2,4.32
US-01344,2016-05-07,2016-05-11,Home Office,East,Furniture,Tables,282.56,1,0.0,30.22
US-01344,2016-05-07,2016-05-12,Consumer,Central,Furniture,Furnishings,336.17,1,0.0,31.6
US-01828,2016-05-07,2016-05-08,Home Office,South,Technology,Machines,1044.64,1,0.0,156.24
US-02020,2016-05-07,2016-05-08,Corporate,Central,Furniture,Bookcases,787.1,4,0.15,21.75
US-02020,2016-05-07,2016-05-07,Corporate,Central,Furniture,Furnishings,964.44,3,0.15,127.38
US-02020,2016-05-07,2016-05-09,Corporate,Central,Furniture,Bookcases,417.51,1,0.0,27.13
US-01462,2016-05-08,2016-05-10,Home Office,Central,Office Supplies,Envelopes,28.07,1,0.0,6.15
US-01462,2016-05-08,2016-05-08,Consumer,South,Technology,Accessories,202.51,1,0.0,25.38
US-01462,2016-05-08,2016-05-08,Home Office,West,Furniture,Furnishings,390.4,1,0.0,124.81
US-02471,2016-05-08,2016-05-14,Corporate,Central,Technology,Copiers,1053.59,3,0.0,213.4
US-02664,2016-05-08,2016-05-09,Home Office,South,Office Supplies,Fasteners,9.28,1,0.2,-0.56
US-03810,2016-05-08,2016-05-08,Home Office,East,Furniture,Tables,3946.54,3,0.2,-46.17
US-03911,2016-05-08,2016-05-08,Home Office,West,Office Supplies,Supplies,214.2,4,0.0,12.49
US-03975,2016-05-08,2016-05-12,Home Office,East,Technology,Accessories,345.57,3,0.0,45.74
US-04345,2016-05-08,2016-05-12,Home Office,West,Technology,Phones,1135.13,4,0.0,105.39
US-04914,2016-05-08,2016-05-13,Corporate,East,Office Supplies,Supplies,179.37,2,0.1,35.67
US-00990,2016-05-09,2016-05-10,Consumer,South,Furniture,Bookcases,357.34,1,0.0,84.41
US-00990,2016-05-09,2016-05-09,Corporate,West,Office Supplies,Art,20.21,1,0.0,4.74
US-02341,2016-05-09,2016-05-13,Home Office,Central,Office Supplies,Storage,881.87,5,0.1,90.03
US-02650,2016-05-09,2016-05-14,Corporate,Central,Technology,Phones,392.29,1,0.0,95.7
US-03941,2016-05-09,2016-05-13,Corporate,West,Office Supplies,Binders,89.65,1,0.1,-5.14
US-03941,2016-05-09,2016-05-11,Home Office,Central,Technology,Accessories,105.41,1,0.3,-17.99
US-03941,2016-05-09,2016-05-15,Corporate,South,Technology,Machines,640.74,1,0.15,97.85
US-04566,2016-05-09,2016-05-10,Consumer,East,Furniture,Bookcases,119.88,1,0.0,26.0
US-04786,2016-05-09,2016-05-14,Consumer,Central,Technology,Phones,64.78,1,0.0,14.87
US-00027,2016-05-10,2016-05-16,Home Office,South,Furniture,Bookcases,1878.64,5,0.0,313.73
US-04996,2016-05-10,2016-05-11,Corporate,Central,Technology,Accessories,44.35,2,0.0,5.29
US-02080,2016-05-11,2016-05-16,Consumer,West,Office Supplies,Appliances,2981.64,5,0.0,466.73
US-00139,2016-05-12,2016-05-13,Corporate,Central,Technology,Accessories,1134.74,3,0.0,266.66
US-00579,2016-05-12,2016-05-15,Consumer,East,Technology,Copiers,1233.07,3,0.0,332.84
US-03258,2016-05-13,2016-05-13,Consumer,West,Office Supplies,Paper,142.68,1,0.0,22.18
US-04044,2016-05-13,2016-05-14,Consumer,Central,Furniture,Tables,2192.93,2,0.0,375.11
US-04044,2016-05-13,2016-05-19,Consumer,Central,Furniture,Tables,1471.77,2,0.0,447.12
US-01783,2016-05-14,2016-05-14,Home Office,South,Office Supplies,Paper,337.74,2,0.1,-3.94
US-02325,2016-05-14,2016-05-17,Home Office,West,Office Supplies,Binders,57.47,3,0.15,3.11
US-02325,2016-05-14,2016-05-19,Corporate,Central,Office Supplies,Appliances,2020.31,4,0.15,-82.05
US-02325,2016-05-14,2016-05-16,Consumer,South,Furniture,Bookcases,165.58,2,0.0,19.41
US-03494,2016-05-14,2016-05-16,Corporate,East,Office Supplies,Art,274.55,5,0.0,18.07
US-03494,2016-05-14,2016-05-15,Corporate,South,Furniture,Bookcases,1787.16,5,0.2,161.59
US-03634,2016-05-14,2016-05-19,Home Office,South,Furniture,Furnishings,406.77,1,0.0,121.21
US-03634,2016-05-14,2016-05-14,Home Office,Central,Office Supplies,Fasteners,40.78,4,0.0,6.77
US-03634,2016-05-14,2016-05-16,Corporate,South,Furniture,Bookcases,295.3,1,0.0,32.5
US-03746,2016-05-14,2016-05-18,Corporate,Central,Furniture,Tables,4360.44,3,0.0,1137.14
US-04694,2016-05-14,2016-05-18,Consumer,East,Office Supplies,Storage,232.74,1,0.0,80.18
US-02252,2016-05-15,2016-05-17,Consumer,Central,Office Supplies,Paper,123.41,2,0.0,7.97
US-02252,2016-05-15,2016-05-20,Consumer,West,Furniture,Furnishings,394.2,1,0.2,26.47
US-04519,2016-05-15,2016-05-15,Home Office,South,Furniture,Furnishings,385.58,5,0.0,31.21
US-01430,2016-05-16,2016-05-19,Corporate,West,Office Supplies,Paper,22.61,1,0.0,3.3
US-01430,2016-05-16,2016-05-21,Consumer,Central,Furniture,Chairs,981.79,2,0.0,319.18
US-01845,2016-05-16,2016-05-19,Home Office,Central,Office Supplies,Envelopes,94.36,2,0.0,28.55
US-04128,2016-05-16,2016-05-21,Consumer,West,Furniture,Tables,811.09,1,0.0,61.68
US-04128,2016-05-16,2016-05-16,Corporate,Central,Office Supplies,Storage,322.27,1,0.0,82.55
US-04128,2016-05-16,2016-05-17,Consumer,East,Office Supplies,Binders,145.41,2,0.0,15.37
US-04498,2016-05-16,2016-05-20,Home Office,East,Office Supplies,Envelopes,80.8,2,0.5,-16.34
US-01037,2016-05-17,2016-05-22,Consumer,South,Technology,Phones,1629.3,2,0.0,220.34
US-01037,2016-05-17,2016-05-22,Corporate,South,Furniture,Chairs,965.97,3,0.0,279.51
US-01597,2016-05-17,2016-05-22,Home Office,Central,Furniture,Chairs,465.92,2,0.0,58.25
US-01597,2016-05-17,2016-05-22,Home Office,West,Office Supplies,Envelopes,126.84,3,0.15,4.72
US-02227,2016-05-17,2016-05-20,Consumer,East,Furniture,Furnishings,1366.92,3,0.0,351.79
US-02227,2016-05-17,2016-05-17,Home Office,South,Furniture,Bookcases,688.84,3,0.0,173.5
US-03903,2016-05-17,2016-05-19,Home Office,Central,Office Supplies,Appliances,161.47,1,0.0,37.25
US-03903,2016-05-17,2016-05-22,Home Office,East,Technology,Machines,1070.55,1,0.15,179.57
US-04201,2016-05-17,2016-05-20,Corporate,South,Technology,Copiers,1308.87,1,0.0,289.37
US-04201,2016-05-17,2016-05-23,Home Office,West,Technology,Phones,151.44,1,0.0,29.28
US-04495,2016-05-17,2016-05-17,Corporate,South,Office Supplies,Fasteners,21.84,3,0.1,0.56
US-04495,2016-05-17,2016-05-20,Corporate,Central,Office Supplies,Binders,16.2,1,0.0,4.76
US-04495,2016-05-17,2016-05-20,Home Office,Central,Office Supplies,Appliances,1213.91,2,0.2,257.89
US-00122,2016-05-18,2016-05-24,Consumer,South,Furniture,Chairs,316.16,1,0.4,11.35
US-00122,2016-05-18,2016-05-19,Consumer,East,Office Supplies,Appliances,144.97,2,0.0,36.48
US-00387,2016-05-18,2016-05-22,Consumer,West,Office Supplies,Paper,37.29,1,0.5,-5.96
US-00387,2016-05-18,2016-05-19,Consumer,South,Office Supplies,Art,195.25,1,0.0,36.83
US-01816,2016-05-18,2016-05-21,Home Office,South,Technology,Phones,511.34,1,0.0,131.41
US-01996,2016-05-18,2016-05-21,Consumer,Central,Office Supplies,Envelopes,201.67,5,0.0,68.8
US-01996,2016-05-18,2016-05-18,Consumer,Central,Furniture,Furnishings,1483.46,3,0.0,297.91
US-01996,2016-05-18,2016-05-23,Corporate,West,Technology,Accessories,154.52,1,0.0,22.61
US-02240,2016-05-18,2016-05-20,Corporate,Central,Furniture,Chairs,830.64,2,0.1,-15.87
US-02240,2016-05-18,2016-05-23,Corporate,West,Furniture,Furnishings,561.99,5,0.0,36.4
US-02394,2016-05-18,2016-05-18,Consumer,South,Technology,Machines,5664.24,4,0.0,1826.54
US-03050,2016-05-18,2016-05-22,Consumer,South,Office Supplies,Labels,10.15,1,0.0,0.8
US-03843,2016-05-18,2016-05-19,Home Office,East,Furniture,Bookcases,528.89,1,0.0,153.01
US-00402,2016-05-19,2016-05-22,Home Office,Central,Office Supplies,Fasteners,92.71,4,0.4,-21.31
US-03279,2016-05-19,2016-05-23,Corporate,South,Office Supplies,Paper,554.53,3,0.3,23.32
US-03279,2016-05-19,2016-05-19,Home Office,South,Furniture,Furnishings,510.83,2,0.1,99.01
US-04906,2016-05-19,2016-05-22,Consumer,East,Office Supplies,Storage,364.38,1,0.1,16.25
US-01354,2016-05-20,2016-05-23,Home Office,South,Technology,Accessories,954.03,3,0.0,52.36
US-01354,2016-05-20,2016-05-22,Home Office,East,Office Supplies,Fasteners,21.31,4,0.0,7.45
US-02476,2016-05-20,2016-05-21,Consumer,West,Office Supplies,Paper,243.56,2,0.3,-55.29
US-03311,2016-05-20,2016-05-24,Home Office,West,Furniture,Bookcases,395.4,1,0.0,79.34
US-04166,2016-05-20,2016-05-25,Home Office,East,Office Supplies,Appliances,1757.67,3,0.0,228.92
US-04166,2016-05-20,2016-05-24,Home Office,West,Furniture,Tables,903.77,2,0.0,163.34
US-04311,2016-05-20,2016-05-24,Corporate,East,Office Supplies,Envelopes,158.36,4,0.0,41.26
US-04311,2016-05-20,2016-05-20,Home Office,South,Office Supplies,Storage,336.71,4,0.0,98.74
US-04311,2016-05-20,2016-05-22,Corporate,Central,Office Supplies,Art,72.97,2,0.0,21.71
US-04872,2016-05-20,2016-05-22,Consumer,Central,Technology,Accessories,427.19,3,0.0,21.91
US-01063,2016-05-21,2016-05-24,Home Office,East,Office Supplies,Supplies,267.17,3,0.0,37.89
US-03806,2016-05-21,2016-05-24,Consumer,Central,Office Supplies,Paper,527.11,3,0.0,157.87
US-03806,2016-05-21,2016-05-22,Consumer,West,Furniture,Bookcases,468.94,1,0.3,-19.49
US-03806,2016-05-21,2016-05-22,Corporate,Central,Technology,Accessories,508.21,5,0.0,130.99
US-00977,2016-05-22,2016-05-22,Home Office,East,Office Supplies,Envelopes,176.81,4,0.0,44.99
US-01409,2016-05-22,2016-05-22,Corporate,South,Technology,Copiers,5283.22,3,0.0,1783.08
US-01409,2016-05-22,2016-05-24,Corporate,East,Office Supplies,Fasteners,55.31,2,0.0,5.64
US-01409,2016-05-22,2016-05-27,Home Office,East,Office Supplies,Supplies,15.78,2,0.2,2.28
US-04815,2016-05-22,2016-05-24,Corporate,Central,Technology,Phones,1915.31,3,0.0,267.87
US-04815,2016-05-22,2016-05-24,Home Office,East,Office Supplies,Paper,156.79,1,0.0,13.21
US-02821,2016-05-23,2016-05-23,Home Office,East,Office Supplies,Storage,1289.16,5,0.0,249.53
US-02821,2016-05-23,2016-05-29,Corporate,West,Technology,Machines,532.21,1,0.0,70.13
US-00891,2016-05-24,2016-05-25,Consumer,West,Furniture,Furnishings,495.69,1,0.0,132.93
US-00891,2016-05-24,2016-05-26,Home Office,South,Furniture,Chairs,433.61,3,0.2,-21.29
US-00576,2016-05-25,2016-05-28,Consumer,West,Office Supplies,Fasteners,11.05,1,0.15,0.32
US-00635,2016-05-25,2016-05-27,Corporate,West,Furniture,Tables,1386.33,1,0.15,-18.35
US-00746,2016-05-25,2016-05-26,Home Office,East,Office Supplies,Labels,64.61,2,0.0,8.54
US-03564,2016-05-25,2016-05-28,Corporate,East,Technology,Phones,784.06,1,0.0,41.9
US-00155,2016-05-26,2016-05-31,Consumer,East,Technology,Copiers,3299.59,2,0.0,755.8
US-00155,2016-05-26,2016-05-31,Home Office,West,Technology,Machines,999.14,3,0.0,67.73
US-01250,2016-05-26,2016-05-28,Home Office,South,Office Supplies,Supplies,34.11,2,0.5,-3.5
US-03119,2016-05-26,2016-05-28,Corporate,Central,Technology,Phones,483.82,1,0.1,63.14
US-04510,2016-05-26,2016-06-01,Corporate,South,Furniture,Tables,2682.55,2,0.0,276.38
US-04510,2016-05-26,2016-05-31,Corporate,South,Furniture,Chairs,1250.59,4,0.1,91.23
US-04510,2016-05-26,2016-05-27,Corporate,South,Technology,Copiers,1000.26,1,0.0,292.7
US-00596,2016-05-27,2016-06-01,Consumer,East,Furniture,Furnishings,375.31,2,0.0,96.32
US-00596,2016-05-27,2016-06-01,Consumer,East,Furniture,Tables,903.45,3,0.1,25.36
US-01138,2016-05-27,2016-05-28,Home Office,South,Technology,Accessories,241.05,1,0.0,51.62
US-03777,2016-05-27,2016-05-29,Consumer,West,Office Supplies,Binders,5.34,1,0.0,1.83
US-03777,2016-05-27,2016-05-28,Corporate,East,Office Supplies,Storage,281.51,4,0.1,-6.74
US-04257,2016-05-27,2016-05-30,Home Office,Central,Office Supplies,Art,531.11,4,0.0,171.92
US-04257,2016-05-27,2016-05-27,Consumer,Central,Technology,Copiers,7039.19,5,0.0,2100.92
US-04943,2016-05-27,2016-05-31,Home Office,West,Furniture,Furnishings,324.41,1,0.0,37.61
US-00603,2016-05-28,2016-05-29,Home Office,East,Technology,Phones,392.65,1,0.0,46.84
US-00603,2016-05-28,2016-05-28,Home Office,Central,Furniture,Tables,1288.54,1,0.0,100.48
US-00603,2016-05-28,2016-06-03,Consumer,West,Office Supplies,Binders,59.32,1,0.15,12.07
US-01543,2016-05-28,2016-05-29,Home Office,South,Office Supplies,Supplies,154.5,4,0.0,42.37
US-01676,2016-05-28,2016-05-28,Home Office,Central,Furniture,Bookcases,3072.06,5,0.0,771.79
US-02116,2016-05-28,2016-05-31,Home Office,South,Technology,Accessories,761.03,3,0.0,177.58
US-00161,2016-05-29,2016-06-03,Consumer,East,Office Supplies,Art,148.27,1,0.0,37.66
US-00161,2016-05-29,2016-05-31,Corporate,East,Furniture,Bookcases,376.17,1,0.0,109.76
US-00163,2016-05-29,2016-06-03,Consumer,Central,Furniture,Chairs,537.02,1,0.1,105.48
US-01681,2016-05-29,2016-05-29,Home Office,West,Furniture,Bookcases,328.79,1,0.3,-0.7
US-02232,2016-05-29,2016-06-02,Home Office,Central,Office Supplies,Storage,696.17,3,0.2,32.33
US-02232,2016-05-29,2016-05-29,Home Office,East,Furniture,Tables,621.71,2,0.0,95.9
US-03246,2016-05-29,2016-05-30,Corporate,Central,Office Supplies,Fasteners,12.39,1,0.0,0.67
US-03246,2016-05-29,2016-06-01,Home Office,Central,Office Supplies,Supplies,105.65,2,0.0,26.88
US-04525,2016-05-29,2016-05-29,Consumer,East,Furniture,Furnishings,30.45,1,0.0,9.25
US-04525,2016-05-29,2016-06-03,Consumer,Central,Technology,Machines,779.18,1,0.2,79.78
US-04604,2016-05-29,2016-06-03,Consumer,East,Office Supplies,Art,352.13,5,0.0,70.94
US-04604,2016-05-29,2016-05-29,Corporate,West,Technology,Machines,7026.34,5,0.0,1237.64
US-00594,2016-05-30,2016-05-30,Consumer,East,Office Supplies,Envelopes,218.98,5,0.1,7.98
US-00956,2016-05-30,2016-06-03,Corporate,West,Furniture,Chairs,1676.74,4,0.0,366.22
US-03722,2016-05-30,2016-05-31,Consumer,South,Furniture,Furnishings,284.2,1,0.4,-23.92
US-04437,2016-05-30,2016-05-31,Home Office,West,Technology,Phones,1029.33,3,0.0,233.37
US-00091,2016-05-31,2016-06-03,Home Office,Central,Office Supplies,Binders,35.52,1,0.1,1.77
US-00132,2016-05-31,2016-06-06,Consumer,West,Office Supplies,Binders,54.82,1,0.1,2.79
US-00132,2016-05-31,2016-06-05,Corporate,South,Furniture,Furnishings,1456.01,5,0.0,371.59
US-02258,2016-05-31,2016-05-31,Consumer,Central,Technology,Phones,3247.33,4,0.3,-130.78
US-04918,2016-05-31,2016-06-04,Home Office,Central,Office Supplies,Art,556.94,3,0.0,73.14
US-00054,2016-06-01,2016-06-05,Home Office,East,Technology,Phones,194.49,1,0.2,19.88
US-00946,2016-06-01,2016-06-02,Corporate,West,Technology,Machines,773.65,1,0.0,258.12
US-00946,2016-06-01,2016-06-02,Corporate,West,Furniture,Furnishings,328.69,3,0.15,9.42
US-02272,2016-06-01,2016-06-04,Home Office,Central,Furniture,Furnishings,438.12,1,0.5,-127.22
US-04410,2016-06-02,2016-06-08,Consumer,South,Office Supplies,Labels,69.11,5,0.0,12.41
US-01658,2016-06-03,2016-06-07,Consumer,Central,Furniture,Tables,5271.08,4,0.0,486.31
US-01658,2016-06-03,2016-06-07,Corporate,South,Technology,Accessories,1137.53,3,0.0,95.29
US-01658,2016-06-03,2016-06-09,Consumer,West,Furniture,Bookcases,740.35,5,0.1,58.18
US-02132,2016-06-03,2016-06-07,Consumer,West,Office Supplies,Fasteners,25.27,2,0.0,7.79
US-02132,2016-06-03,2016-06-04,Consumer,Central,Technology,Copiers,644.91,1,0.0,68.99
US-02648,2016-06-03,2016-06-06,Consumer,West,Office Supplies,Binders,82.67,1,0.0,5.73
US-04176,2016-06-03,2016-06-05,Corporate,East,Technology,Copiers,983.0,1,0.2,-38.12
US-01395,2016-06-04,2016-06-08,Consumer,South,Office Supplies,Binders,95.39,2,0.0,6.93
US-01631,2016-06-04,2016-06-07,Corporate,Central,Technology,Machines,623.13,2,0.5,-34.34
US-01631,2016-06-04,2016-06-04,Corporate,East,Office Supplies,Fasteners,3.54,1,0.0,0.83
US-01666,2016-06-04,2016-06-06,Home Office,Central,Office Supplies,Binders,34.81,1,0.3,-7.33
US-02226,2016-06-04,2016-06-10,Consumer,East,Technology,Machines,1263.3,1,0.0,430.23
US-02226,2016-06-04,2016-06-10,Corporate,Central,Technology,Phones,661.4,2,0.0,46.79
US-02226,2016-06-04,2016-06-09,Consumer,West,Furniture,Furnishings,448.78,1,0.0,28.29
US-03833,2016-06-04,2016-06-05,Home Office,West,Office Supplies,Paper,522.85,4,0.0,100.87
US-03833,2016-06-04,2016-06-07,Consumer,South,Office Supplies,Appliances,594.08,2,0.2,-62.42
US-03833,2016-06-04,2016-06-06,Consumer,East,Furniture,Furnishings,162.77,1,0.15,12.74
US-01271,2016-06-05,2016-06-11,Consumer,Central,Office Supplies,Labels,35.27,3,0.0,5.99
US-01271,2016-06-05,2016-06-06,Consumer,West,Technology,Accessories,543.05,2,0.15,70.91
US-01837,2016-06-05,2016-06-06,Consumer,West,Furniture,Furnishings,397.27,4,0.1,17.1
US-02175,2016-06-05,2016-06-09,Home Office,South,Office Supplies,Storage,1500.02,5,0.0,218.94
US-04610,2016-06-05,2016-06-06,Consumer,South,Office Supplies,Appliances,1756.03,5,0.2,213.49
US-00518,2016-06-06,2016-06-10,Consumer,South,Office Supplies,Storage,182.41,1,0.3,-22.39
US-00518,2016-06-06,2016-06-11,Corporate,South,Office Supplies,Fasteners,10.56,1,0.0,2.05
US-00723,2016-06-06,2016-06-06,Home Office,Central,Office Supplies,Envelopes,99.52,2,0.0,28.67
US-00723,2016-06-06,2016-06-09,Consumer,South,Furniture,Tables,1671.67,3,0.0,335.12
US-03118,2016-06-06,2016-06-12,Home Office,West,Furniture,Furnishings,100.97,1,0.0,28.49
US-03171,2016-06-06,2016-06-06,Corporate,South,Furniture,Furnishings,1610.98,5,0.0,328.88
US-03294,2016-06-06,2016-06-08,Home Office,Central,Technology,Accessories,377.07,4,0.0,94.49
US-04709,2016-06-06,2016-06-10,Consumer,East,Furniture,Chairs,340.97,1,0.0,85.66
US-04709,2016-06-06,2016-06-12,Consumer,West,Office Supplies,Storage,338.15,1,0.0,34.48
US-00410,2016-06-07,2016-06-10,Home Office,East,Office Supplies,Appliances,304.13,1,0.0,77.73
US-00410,2016-06-07,2016-06-08,Home Office,East,Furniture,Bookcases,604.5,1,0.0,59.35
US-02632,2016-06-07,2016-06-10,Consumer,West,Furniture,Furnishings,1952.1,5,0.0,566.69
US-00193,2016-06-08,2016-06-13,Corporate,East,Technology,Accessories,780.03,2,0.0,255.59
US-00679,2016-06-08,2016-06-10,Home Office,East,Technology,Copiers,809.59,3,0.1,139.96
US-02783,2016-06-08,2016-06-13,Consumer,Central,Technology,Phones,226.64,1,0.0,18.94
US-02783,2016-06-08,2016-06-14,Consumer,Central,Office Supplies,Labels,152.97,4,0.0,22.22
US-02783,2016-06-08,2016-06-12,Consumer,South,Office Supplies,Storage,360.74,1,0.0,33.73
US-00281,2016-06-09,2016-06-11,Corporate,South,Furniture,Furnishings,1116.16,4,0.0,178.29
US-00281,2016-06-09,2016-06-09,Corporate,Central,Technology,Copiers,1044.56,1,0.3,87.64
US-02423,2016-06-09,2016-06-12,Corporate,West,Technology,Copiers,1435.84,1,0.5,-32.57
US-00693,2016-06-10,2016-06-11,Home Office,Central,Office Supplies,Fasteners,19.22,1,0.1,0.11
US-02710,2016-06-10,2016-06-13,Corporate,East,Furniture,Tables,569.69,1,0.3,-96.64
US-04272,2016-06-10,2016-06-12,Home Office,West,Technology,Phones,1793.56,4,0.0,209.14
US-00633,2016-06-11,2016-06-11,Home Office,East,Office Supplies,Labels,27.97,1,0.0,6.05
US-01050,2016-06-11,2016-06-15,Corporate,Central,Technology,Accessories,175.2,1,0.15,-2.93
US-03739,2016-06-11,2016-06-17,Corporate,East,Office Supplies,Paper,761.5,4,0.15,103.4
US-03739,2016-06-11,2016-06-11,Consumer,South,Technology,Phones,623.71,1,0.2,72.12
US-03801,2016-06-11,2016-06-15,Home Office,South,Technology,Phones,1482.27,3,0.0,175.88
US-03801,2016-06-11,2016-06-16,Consumer,South,Office Supplies,Fasteners,51.54,3,0.0,8.67
US-01204,2016-06-12,2016-06-13,Corporate,South,Office Supplies,Binders,77.97,1,0.2,-1.06
US-01204,2016-06-12,2016-06-18,Corporate,West,Technology,Machines,499.14,1,0.3,-34.7
US-03096,2016-06-12,2016-06-12,Consumer,East,Furniture,Chairs,392.93,3,0.0,92.15
US-03809,2016-06-13,2016-06-16,Consumer,East,Office Supplies,Binders,140.73,3,0.4,-23.58
US-04297,2016-06-14,2016-06-17,Consumer,Central,Technology,Accessories,285.73,2,0.15,16.47
US-04297,2016-06-14,2016-06-20,Home Office,West,Technology,Phones,1217.24,2,0.3,-60.58
US-04297,2016-06-14,2016-06-18,Home Office,East,Furniture,Chairs,436.91,1,0.2,-5.75
US-01071,2016-06-15,2016-06-15,Consumer,West,Office Supplies,Labels,92.82,5,0.1,11.16
US-01142,2016-06-15,2016-06-17,Corporate,Central,Office Supplies,Appliances,2812.27,5,0.0,541.49
US-01195,2016-06-15,2016-06-17,Corporate,West,Furniture,Tables,1862.33,2,0.0,264.63
US-01804,2016-06-15,2016-06-15,Consumer,East,Office Supplies,Art,1048.39,4,0.0,126.91
US-02521,2016-06-15,2016-06-15,Home Office,Central,Furniture,Tables,217.5,1,0.0,67.35
US-04284,2016-06-15,2016-06-16,Consumer,South,Technology,Copiers,3511.48,3,0.15,29.43
US-00284,2016-06-16,2016-06-18,Consumer,East,Office Supplies,Envelopes,3.69,1,0.0,1.05
US-02160,2016-06-16,2016-06-21,Corporate,South,Furniture,Furnishings,226.85,1,0.1,43.29
US-00785,2016-06-17,2016-06-22,Corporate,East,Furniture,Chairs,1374.9,2,0.1,272.29
US-00785,2016-06-17,2016-06-22,Corporate,South,Technology,Machines,2599.23,4,0.4,-400.11
US-02369,2016-06-17,2016-06-23,Consumer,East,Office Supplies,Art,314.4,2,0.0,51.89
US-02757,2016-06-17,2016-06-23,Home Office,West,Technology,Phones,87.23,1,0.0,22.98
US-03717,2016-06-17,2016-06-19,Corporate,East,Technology,Phones,115.06,1,0.0,9.68
US-03717,2016-06-17,2016-06-17,Consumer,East,Office Supplies,Binders,313.48,5,0.1,22.31
US-03717,2016-06-17,2016-06-19,Consumer,South,Furniture,Furnishings,155.38,1,0.2,17.4
US-00711,2016-06-18,2016-06-21,Home Office,South,Office Supplies,Storage,595.53,2,0.0,159.01
US-00711,2016-06-18,2016-06-22,Consumer,East,Office Supplies,Fasteners,93.48,4,0.0,16.48
US-01871,2016-06-18,2016-06-18,Home Office,Central,Technology,Accessories,862.27,3,0.3,-165.03
US-01950,2016-06-18,2016-06-24,Consumer,West,Technology,Phones,2650.43,3,0.2,370.57
US-01950,2016-06-18,2016-06-21,Corporate,South,Furniture,Tables,3252.31,4,0.0,610.5
US-01950,2016-06-18,2016-06-22,Corporate,West,Furniture,Furnishings,108.96,5,0.0,28.89
US-02040,2016-06-18,2016-06-18,Corporate,Central,Furniture,Bookcases,2035.71,3,0.0,396.46
US-02040,2016-06-18,2016-06-23,Consumer,East,Furniture,Chairs,555.29,1,0.1,24.76
US-02405,2016-06-18,2016-06-18,Consumer,West,Office Supplies,Envelopes,12.0,1,0.3,0.84
US-02405,2016-06-18,2016-06-18,Corporate,East,Furniture,Bookcases,1069.97,4,0.0,224.91
US-03125,2016-06-18,2016-06-22,Corporate,West,Furniture,Bookcases,394.21,1,0.0,37.37
US-03558,2016-06-18,2016-06-20,Consumer,South,Technology,Copiers,5474.49,4,0.5,-1680.97
US-04931,2016-06-18,2016-06-21,Home Office,East,Technology,Copiers,765.98,3,0.0,41.05
US-04931,2016-06-18,2016-06-20,Consumer,Central,Office Supplies,Envelopes,86.2,2,0.0,27.14
US-01025,2016-06-19,2016-06-24,Corporate,South,Office Supplies,Paper,166.41,1,0.0,34.51
US-01025,2016-06-19,2016-06-23,Consumer,West,Office Supplies,Appliances,1568.52,2,0.0,224.58
US-02300,2016-06-19,2016-06-19,Corporate,West,Office Supplies,Paper,188.77,1,0.2,15.36
US-02300,2016-06-19,2016-06-21,Home Office,West,Furniture,Chairs,366.04,2,0.0,88.73
US-02717,2016-06-19,2016-06-23,Home Office,West,Technology,Machines,1608.68,2,0.0,330.26
US-03038,2016-06-19,2016-06-23,Home Office,South,Office Supplies,Appliances,2075.49,3,0.0,618.63
US-03520,2016-06-19,2016-06-21,Consumer,Central,Furniture,Bookcases,245.83,1,0.4,-74.3
US-03839,2016-06-19,2016-06-25,Home Office,West,Office Supplies,Art,744.81,3,0.0,55.02
US-02584,2016-06-20,2016-06-22,Corporate,Central,Furniture,Furnishings,155.08,1,0.15,18.97
US-03965,2016-06-20,2016-06-24,Home Office,West,Office Supplies,Appliances,276.34,1,0.2,44.72
US-02284,2016-06-21,2016-06-27,Consumer,West,Office Supplies,Supplies,97.36,1,0.1,-1.72
US-03334,2016-06-21,2016-06-27,Consumer,South,Furniture,Furnishings,101.22,2,0.3,-27.54
US-04192,2016-06-21,2016-06-27,Home Office,East,Office Supplies,Appliances,395.07,1,0.2,7.24
US-02565,2016-06-22,2016-06-25,Corporate,South,Office Supplies,Supplies,68.04,1,0.5,-23.74
US-02565,2016-06-22,2016-06-26,Corporate,West,Office Supplies,Envelopes,41.11,1,0.0,3.38
US-04278,2016-06-22,2016-06-23,Home Office,South,Technology,Machines,1820.43,3,0.0,443.33
US-04278,2016-06-22,2016-06-26,Corporate,South,Technology,Machines,2525.97,2,0.0,235.09
US-04021,2016-06-23,2016-06-25,Consumer,East,Furniture,Chairs,749.94,1,0.5,-195.71
US-04322,2016-06-23,2016-06-23,Consumer,East,Technology,Accessories,358.15,1,0.0,49.95
US-04322,2016-06-23,2016-06-23,Home Office,East,Technology,Machines,443.72,1,0.0,132.46
US-04569,2016-06-23,2016-06-29,Corporate,South,Technology,Machines,2338.1,2,0.0,506.86
US-00307,2016-06-24,2016-06-24,Consumer,East,Office Supplies,Storage,95.88,1,0.15,21.0
US-00307,2016-06-24,2016-06-29,Corporate,West,Technology,Copiers,3271.55,4,0.0,626.03
US-02087,2016-06-24,2016-06-28,Home Office,East,Office Supplies,Supplies,119.23,4,0.0,22.67
US-02087,2016-06-24,2016-06-26,Consumer,West,Technology,Copiers,3362.95,3,0.0,305.25
US-03650,2016-06-24,2016-06-25,Corporate,East,Office Supplies,Binders,364.36,4,0.1,37.62
US-03650,2016-06-24,2016-06-29,Home Office,East,Furniture,Furnishings,171.65,1,0.15,27.72
US-02962,2016-06-25,2016-06-25,Home Office,West,Office Supplies,Paper,592.56,3,0.0,148.81
US-02962,2016-06-25,2016-06-27,Consumer,East,Technology,Machines,1253.15,1,0.2,-134.34
US-02962,2016-06-25,2016-06-29,Home Office,Central,Office Supplies,Labels,22.45,1,0.0,1.54
US-03610,2016-06-25,2016-06-30,Consumer,Central,Technology,Phones,672.75,1,0.0,55.55
US-03957,2016-06-25,2016-07-01,Corporate,South,Office Supplies,Labels,79.77,2,0.0,25.79
US-03957,2016-06-25,2016-06-30,Consumer,West,Office Supplies,Paper,192.48,3,0.0,10.83
US-03957,2016-06-25,2016-06-29,Home Office,South,Office Supplies,Envelopes,111.44,4,0.0,26.39
US-04268,2016-06-25,2016-06-26,Consumer,West,Furniture,Bookcases,280.72,1,0.0,56.03
US-04268,2016-06-25,2016-06-30,Consumer,South,Technology,Phones,175.42,1,0.15,5.21
US-04301,2016-06-25,2016-07-01,Corporate,East,Office Supplies,Appliances,154.24,5,0.0,45.93
US-04301,2016-06-25,2016-06-30,Corporate,South,Office Supplies,Art,1180.21,4,0.3,-14.48
US-04548,2016-06-25,2016-06-25,Consumer,South,Office Supplies,Supplies,178.83,2,0.0,38.2
US-04548,2016-06-25,2016-06-27,Home Office,South,Furniture,Chairs,136.86,1,0.1,22.73
US-00202,2016-06-26,2016-06-29,Corporate,South,Office Supplies,Labels,24.99,1,0.0,8.1
US-01091,2016-06-26,2016-06-27,Corporate,West,Office Supplies,Binders,280.26,3,0.0,44.8
US-04142,2016-06-26,2016-06-30,Home Office,South,Office Supplies,Fasteners,91.03,4,0.0,9.83
US-04355,2016-06-26,2016-07-01,Corporate,West,Furniture,Furnishings,410.64,3,0.4,5.41
US-04441,2016-06-26,2016-06-28,Corporate,East,Furniture,Tables,868.55,3,0.3,-151.62
US-04441,2016-06-26,2016-07-02,Home Office,South,Furniture,Chairs,1021.95,4,0.0,339.83
US-01304,2016-06-27,2016-06-29,Home Office,West,Furniture,Chairs,2297.75,5,0.0,389.03
US-01415,2016-06-27,2016-06-29,Corporate,South,Technology,Accessories,161.8,2,0.1,23.46
US-02264,2016-06-27,2016-07-01,Home Office,East,Office Supplies,Fasteners,29.53,1,0.15,2.12
US-00092,2016-06-28,2016-07-03,Home Office,Central,Furniture,Bookcases,922.42,2,0.1,215.32
US-00401,2016-06-28,2016-06-29,Corporate,South,Technology,Phones,210.47,1,0.2,-0.5
US-00401,2016-06-28,2016-07-03,Home Office,West,Technology,Phones,773.83,2,0.1,6.29
US-00401,2016-06-28,2016-06-28,Home Office,East,Furniture,Bookcases,600.6,5,0.0,137.23
US-03905,2016-06-28,2016-06-29,Consumer,Central,Office Supplies,Supplies,259.47,4,0.0,40.06
US-03905,2016-06-28,2016-07-03,Corporate,West,Furniture,Chairs,272.38,1,0.0,40.29
US-03905,2016-06-28,2016-07-03,Consumer,West,Furniture,Chairs,1265.84,4,0.0,260.97
US-04083,2016-06-28,2016-06-30,Home Office,South,Office Supplies,Appliances,1217.17,2,0.0,217.44
US-04083,2016-06-28,2016-07-04,Home Office,Central,Office Supplies,Binders,37.46,2,0.0,2.91
US-00468,2016-06-29,2016-07-02,Corporate,Central,Technology,Accessories,338.76,4,0.1,76.91
US-00468,2016-06-29,2016-07-02,Corporate,South,Office Supplies,Appliances,2176.55,3,0.0,236.87
US-00468,2016-06-29,2016-06-30,Home Office,South,Technology,Machines,380.14,1,0.15,43.09
US-02741,2016-06-29,2016-06-29,Consumer,Central,Office Supplies,Labels,130.73,5,0.0,24.39
US-03576,2016-06-29,2016-06-30,Corporate,East,Office Supplies,Labels,72.12,4,0.4,-22.36
US-03775,2016-06-29,2016-07-03,Consumer,South,Office Supplies,Labels,78.27,3,0.0,10.13
US-03775,2016-06-29,2016-07-03,Consumer,Central,Furniture,Chairs,1501.68,3,0.0,375.4
US-04071,2016-06-29,2016-07-05,Corporate,Central,Office Supplies,Labels,34.21,1,0.0,10.33
US-04071,2016-06-29,2016-06-30,Consumer,East,Technology,Accessories,45.23,2,0.0,15.04
US-00278,2016-06-30,2016-07-05,Home Office,South,Office Supplies,Labels,17.73,1,0.0,4.76
US-00934,2016-06-30,2016-07-06,Home Office,East,Technology,Machines,4201.16,3,0.2,-136.51
US-00934,2016-06-30,2016-07-06,Home Office,West,Furniture,Bookcases,573.89,1,0.0,155.58
US-01213,2016-06-30,2016-06-30,Corporate,East,Office Supplies,Paper,558.15,3,0.0,162.83
US-02499,2016-06-30,2016-07-05,Consumer,South,Technology,Copiers,4980.94,3,0.0,1572.45
US-02499,2016-06-30,2016-07-06,Home Office,East,Office Supplies,Fasteners,13.58,1,0.15,0.69
US-02499,2016-06-30,2016-07-03,Consumer,West,Technology,Machines,711.5,1,0.0,93.19
US-03026,2016-06-30,2016-07-04,Home Office,West,Furniture,Chairs,124.91,1,0.15,11.07
US-03026,2016-06-30,2016-07-01,Consumer,Central,Furniture,Tables,1365.65,4,0.4,-370.21
US-04082,2016-06-30,2016-07-06,Consumer,East,Technology,Copiers,3041.0,3,0.3,-452.65
US-02937,2016-07-01,2016-07-01,Home Office,Central,Technology,Accessories,399.69,1,0.0,80.42
US-02937,2016-07-01,2016-07-07,Corporate,South,Technology,Phones,646.91,1,0.0,137.96
US-02937,2016-07-01,2016-07-07,Consumer,East,Furniture,Chairs,2539.45,4,0.0,806.24
US-00095,2016-07-02,2016-07-02,Home Office,South,Technology,Machines,420.24,1,0.0,42.78
US-00610,2016-07-02,2016-07-02,Corporate,West,Furniture,Furnishings,623.0,2,0.0,101.04
US-00750,2016-07-02,2016-07-04,Consumer,Central,Office Supplies,Envelopes,50.02,2,0.0,12.67
US-00826,2016-07-02,2016-07-04,Corporate,Central,Technology,Accessories,564.5,2,0.4,-103.21
US-00826,2016-07-02,2016-07-03,Corporate,South,Furniture,Tables,1180.64,2,0.0,322.89
US-01580,2016-07-03,2016-07-09,Home Office,West,Office Supplies,Paper,342.23,2,0.1,36.52
US-02464,2016-07-03,2016-07-08,Consumer,South,Office Supplies,Supplies,150.18,5,0.0,21.68
US-02464,2016-07-03,2016-07-03,Corporate,Central,Furniture,Bookcases,1020.88,3,0.0,223.77
US-02464,2016-07-03,2016-07-03,Corporate,East,Office Supplies,Storage,167.33,5,0.0,52.76
US-03303,2016-07-03,2016-07-05,Corporate,East,Office Supplies,Art,328.48,2,0.0,69.26
US-04521,2016-07-03,2016-07-08,Consumer,Central,Office Supplies,Appliances,611.78,1,0.0,150.78
US-04972,2016-07-03,2016-07-04,Home Office,South,Furniture,Bookcases,190.89,2,0.0,18.55
US-04972,2016-07-03,2016-07-08,Corporate,Central,Furniture,Tables,2065.85,2,0.0,487.36
US-04975,2016-07-04,2016-07-05,Consumer,South,Furniture,Tables,4491.14,5,0.4,-339.72
US-02073,2016-07-05,2016-07-06,Corporate,West,Technology,Machines,1446.45,2,0.0,350.7
US-02478,2016-07-05,2016-07-10,Consumer,Central,Furniture,Bookcases,1208.69,2,0.15,165.49
US-03080,2016-07-05,2016-07-08,Home Office,West,Technology,Phones,824.39,1,0.0,76.35
US-03124,2016-07-05,2016-07-07,Consumer,South,Furniture,Furnishings,227.49,2,0.0,40.03
US-03497,2016-07-05,2016-07-05,Corporate,South,Office Supplies,Fasteners,101.38,4,0.0,5.17
US-04535,2016-07-05,2016-07-10,Consumer,Central,Furniture,Chairs,1555.01,5,0.4,-208.36
US-00227,2016-07-06,2016-07-10,Corporate,Central,Technology,Phones,301.8,2,0.1,0.58
US-00227,2016-07-06,2016-07-12,Home Office,Central,Furniture,Bookcases,1263.74,2,0.1,142.81
US-04149,2016-07-06,2016-07-09,Corporate,Central,Office Supplies,Appliances,1300.09,4,0.15,182.57
US-04783,2016-07-06,2016-07-12,Consumer,East,Technology,Accessories,332.09,1,0.1,-19.79
US-01583,2016-07-07,2016-07-07,Consumer,South,Office Supplies,Paper,246.74,2,0.0,79.98
US-01583,2016-07-07,2016-07-12,Home Office,West,Furniture,Chairs,1750.27,5,0.0,112.38
US-03072,2016-07-07,2016-07-11,Consumer,East,Furniture,Tables,571.17,2,0.4,-44.17
US-03842,2016-07-07,2016-07-08,Home Office,East,Technology,Phones,466.01,3,0.2,23.33
US-01791,2016-07-08,2016-07-10,Consumer,West,Office Supplies,Supplies,216.96,3,0.0,74.09
US-02383,2016-07-08,2016-07-11,Corporate,West,Office Supplies,Labels,32.81,1,0.15,2.41
US-02824,2016-07-08,2016-07-12,Corporate,East,Furniture,Furnishings,211.67,1,0.4,-23.15
US-04235,2016-07-08,2016-07-13,Consumer,Central,Office Supplies,Appliances,338.67,1,0.0,36.51
US-04235,2016-07-08,2016-07-11,Home Office,South,Office Supplies,Art,101.37,2,0.2,15.85
US-00629,2016-07-09,2016-07-11,Consumer,Central,Office Supplies,Supplies,91.48,1,0.0,20.74
US-00629,2016-07-09,2016-07-11,Home Office,Central,Furniture,Bookcases,597.19,1,0.15,36.9
US-00708,2016-07-09,2016-07-14,Consumer,South,Office Supplies,Binders,39.58,2,0.5,-11.71
US-00708,2016-07-09,2016-07-09,Corporate,Central,Office Supplies,Envelopes,21.8,3,0.0,4.15
US-04689,2016-07-09,2016-07-10,Consumer,Central,Furniture,Bookcases,192.87,1,0.0,25.47
US-00125,2016-07-10,2016-07-16,Home Office,East,Office Supplies,Art,24.95,1,0.1,0.17
US-00926,2016-07-10,2016-07-16,Corporate,East,Office Supplies,Art,187.41,1,0.0,43.01
US-01675,2016-07-10,2016-07-14,Home Office,Central,Technology,Accessories,66.31,1,0.2,8.55
US-01755,2016-07-10,2016-07-12,Consumer,East,Technology,Phones,259.89,1,0.0,71.3
US-01843,2016-07-10,2016-07-10,Home Office,West,Office Supplies,Storage,131.41,1,0.0,28.57
US-01843,2016-07-10,2016-07-16,Home Office,Central,Furniture,Tables,1439.3,2,0.0,240.78
US-01843,2016-07-10,2016-07-11,Corporate,Central,Furniture,Bookcases,1996.19,5,0.0,501.72
US-03967,2016-07-10,2016-07-16,Home Office,Central,Office Supplies,Fasteners,25.49,1,0.0,4.17
US-03995,2016-07-10,2016-07-11,Consumer,East,Furniture,Furnishings,2396.9,5,0.0,723.4
US-01683,2016-07-11,2016-07-12,Home Office,West,Office Supplies,Art,223.84,1,0.0,23.81
US-01683,2016-07-11,2016-07-16,Consumer,South,Furniture,Tables,560.45,1,0.0,69.49
US-01683,2016-07-11,2016-07-17,Corporate,East,Office Supplies,Binders,43.15,1,0.0,7.64
US-04429,2016-07-11,2016-07-16,Corporate,West,Technology,Accessories,133.55,1,0.0,38.4
US-04944,2016-07-11,2016-07-16,Consumer,Central,Office Supplies,Envelopes,178.83,4,0.15,8.43
US-04944,2016-07-11,2016-07-13,Home Office,Central,Furniture,Tables,1806.02,2,0.0,190.6
US-00036,2016-07-12,2016-07-14,Home Office,South,Technology,Phones,671.87,2,0.0,131.86
US-01158,2016-07-12,2016-07-17,Home Office,South,Office Supplies,Paper,316.94,2,0.0,68.35
US-02173,2016-07-12,2016-07-17,Consumer,West,Furniture,Furnishings,444.35,1,0.0,80.43
US-04605,2016-07-12,2016-07-18,Corporate,West,Office Supplies,Paper,948.08,5,0.0,129.5
US-04605,2016-07-12,2016-07-17,Consumer,South,Technology,Phones,465.79,1,0.1,74.34
US-04605,2016-07-12,2016-07-17,Consumer,East,Technology,Copiers,2369.83,2,0.0,181.54
US-04810,2016-07-12,2016-07-13,Consumer,West,Technology,Copiers,439.89,2,0.4,-39.36
US-00497,2016-07-13,2016-07-14,Consumer,East,Office Supplies,Fasteners,9.84,2,0.0,2.53
US-01506,2016-07-13,2016-07-13,Consumer,East,Office Supplies,Paper,564.95,3,0.1,55.27
US-01744,2016-07-13,2016-07-17,Consumer,Central,Office Supplies,Art,32.86,1,0.0,2.07
US-01744,2016-07-13,2016-07-19,Home Office,West,Office Supplies,Binders,73.99,2,0.0,19.45
US-03916,2016-07-13,2016-07-18,Corporate,West,Furniture,Tables,605.44,1,0.1,102.13
US-04070,2016-07-13,2016-07-17,Home Office,Central,Technology,Accessories,450.03,2,0.4,-104.39
US-02594,2016-07-14,2016-07-16,Consumer,Central,Technology,Phones,3942.97,5,0.15,134.78
US-02594,2016-07-14,2016-07-17,Home Office,East,Furniture,Chairs,1108.1,3,0.4,-246.92
US-02640,2016-07-14,2016-07-17,Consumer,West,Office Supplies,Envelopes,79.17,2,0.0,8.14
US-02640,2016-07-14,2016-07-18,Consumer,Central,Office Supplies,Appliances,194.4,1,0.0,41.62
US-00960,2016-07-16,2016-07-20,Corporate,South,Office Supplies,Binders,155.66,2,0.0,44.23
US-00960,2016-07-16,2016-07-17,Consumer,Central,Office Supplies,Storage,225.51,3,0.0,54.36
US-03000,2016-07-16,2016-07-20,Corporate,East,Furniture,Tables,1191.85,1,0.15,-57.86
US-03000,2016-07-16,2016-07-22,Home Office,Central,Office Supplies,Storage,161.79,1,0.4,-5.1
US-03900,2016-07-16,2016-07-21,Corporate,Central,Office Supplies,Fasteners,25.51,3,0.0,5.24
US-03900,2016-07-16,2016-07-19,Corporate,Central,Furniture,Furnishings,394.77,1,0.0,63.23
US-03900,2016-07-16,2016-07-22,Consumer,West,Office Supplies,Binders,60.23,1,0.0,9.31
US-04208,2016-07-16,2016-07-20,Home Office,East,Office Supplies,Appliances,567.04,4,0.1,50.71
US-04208,2016-07-16,2016-07-19,Home Office,East,Office Supplies,Appliances,2389.35,3,0.0,574.66
US-01722,2016-07-17,2016-07-22,Corporate,East,Furniture,Furnishings,473.55,2,0.2,55.48
US-03100,2016-07-17,2016-07-18,Home Office,South,Office Supplies,Appliances,941.53,2,0.2,-42.35
US-03161,2016-07-17,2016-07-20,Consumer,Central,Technology,Machines,5290.69,5,0.1,1007.33
US-03161,2016-07-17,2016-07-21,Home Office,East,Furniture,Furnishings,948.23,4,0.5,-105.24
US-03161,2016-07-17,2016-07-18,Consumer,East,Technology,Accessories,647.99,5,0.0,56.3
US-01141,2016-07-18,2016-07-24,Consumer,West,Furniture,Tables,828.93,2,0.0,61.32
US-01622,2016-07-18,2016-07-22,Corporate,East,Office Supplies,Supplies,29.81,1,0.0,2.64
US-02492,2016-07-18,2016-07-22,Corporate,East,Furniture,Bookcases,1509.02,5,0.0,165.03
US-02492,2016-07-18,2016-07-22,Home Office,Central,Office Supplies,Fasteners,62.75,3,0.0,11.91
US-03142,2016-07-18,2016-07-24,Home Office,South,Technology,Copiers,8970.14,5,0.0,790.79
US-03142,2016-07-18,2016-07-20,Home Office,East,Technology,Accessories,1127.73,3,0.4,-358.8
US-04185,2016-07-18,2016-07-20,Corporate,West,Furniture,Bookcases,443.48,1,0.0,97.35
US-01772,2016-07-19,2016-07-20,Corporate,East,Office Supplies,Binders,48.8,1,0.2,0.09
US-01772,2016-07-19,2016-07-25,Consumer,South,Office Supplies,Labels,30.94,1,0.1,0.5
US-02543,2016-07-19,2016-07-19,Home Office,West,Technology,Copiers,1989.16,1,0.5,-575.97
US-01374,2016-07-20,2016-07-22,Consumer,West,Office Supplies,Binders,69.57,2,0.0,3.62
US-01691,2016-07-20,2016-07-25,Consumer,South,Office Supplies,Envelopes,38.73,1,0.0,5.01
US-01691,2016-07-20,2016-07-24,Corporate,South,Office Supplies,Storage,360.53,1,0.2,-5.46
US-02889,2016-07-21,2016-07-22,Consumer,South,Furniture,Chairs,1239.05,5,0.0,185.54
US-04999,2016-07-21,2016-07-23,Consumer,Central,Office Supplies,Fasteners,18.19,4,0.0,4.45
US-04999,2016-07-21,2016-07-26,Consumer,Central,Office Supplies,Labels,19.37,1,0.0,1.33
US-03681,2016-07-22,2016-07-23,Corporate,East,Office Supplies,Art,118.38,1,0.0,32.27
US-03681,2016-07-22,2016-07-26,Corporate,South,Technology,Machines,672.46,1,0.0,191.44
US-03953,2016-07-22,2016-07-26,Consumer,East,Office Supplies,Labels,68.08,4,0.0,4.53
US-03953,2016-07-22,2016-07-22,Corporate,East,Technology,Accessories,808.85,4,0.0,63.07
US-03953,2016-07-22,2016-07-23,Corporate,West,Furniture,Furnishings,398.08,1,0.0,24.94
US-00501,2016-07-23,2016-07-28,Corporate,East,Furniture,Furnishings,219.23,1,0.1,22.51
US-00501,2016-07-23,2016-07-23,Corporate,West,Technology,Accessories,413.92,4,0.0,98.69
US-00740,2016-07-23,2016-07-25,Corporate,Central,Office Supplies,Fasteners,15.79,1,0.0,3.23
US-00740,2016-07-23,2016-07-24,Corporate,Central,Technology,Copiers,2840.23,2,0.1,-55.45
US-02168,2016-07-23,2016-07-28,Corporate,West,Furniture,Furnishings,23.75,1,0.0,5.33
US-04080,2016-07-23,2016-07-29,Consumer,West,Furniture,Bookcases,423.04,2,0.5,-153.59
US-04080,2016-07-23,2016-07-27,Corporate,West,Furniture,Tables,1903.81,2,0.4,-152.73
US-00052,2016-07-24,2016-07-24,Corporate,East,Technology,Copiers,1004.07,3,0.0,237.94
US-01997,2016-07-24,2016-07-29,Corporate,South,Furniture,Chairs,2149.51,3,0.1,491.67
US-01997,2016-07-24,2016-07-28,Home Office,Central,Office Supplies,Appliances,524.06,1,0.0,84.15
US-03134,2016-07-24,2016-07-29,Corporate,East,Technology,Copiers,3397.81,2,0.0,436.67
US-03134,2016-07-24,2016-07-30,Corporate,West,Furniture,Bookcases,241.43,1,0.0,73.15
US-02959,2016-07-25,2016-07-29,Consumer,West,Technology,Accessories,243.96,2,0.0,43.2
US-02959,2016-07-25,2016-07-30,Consumer,Central,Office Supplies,Art,204.14,1,0.5,-74.82
US-03875,2016-07-25,2016-07-28,Home Office,South,Technology,Accessories,231.18,4,0.0,68.34
US-03875,2016-07-25,2016-07-28,Corporate,Central,Office Supplies,Storage,25.18,1,0.0,3.83
US-03934,2016-07-25,2016-07-27,Consumer,South,Furniture,Bookcases,553.6,5,0.0,74.42
US-03934,2016-07-25,2016-07-29,Corporate,Central,Office Supplies,Storage,93.02,1,0.0,10.27
US-04526,2016-07-25,2016-07-31,Home Office,Central,Technology,Accessories,383.31,1,0.0,23.45
US-00380,2016-07-26,2016-07-27,Consumer,Central,Technology,Phones,864.52,1,0.0,72.28
US-02782,2016-07-26,2016-07-26,Consumer,Central,Furniture,Chairs,1272.09,2,0.0,431.73
US-03211,2016-07-26,2016-07-28,Home Office,Central,Furniture,Tables,4240.14,3,0.1,686.09
US-03211,2016-07-26,2016-08-01,Home Office,West,Office Supplies,Storage,275.21,1,0.1,5.25
US-03211,2016-07-26,2016-07-28,Consumer,Central,Furniture,Tables,499.25,2,0.5,-108.3
US-04051,2016-07-27,2016-07-31,Corporate,East,Office Supplies,Supplies,24.57,2,0.0,1.82
US-00688,2016-07-28,2016-07-30,Home Office,South,Technology,Machines,1316.77,2,0.0,226.35
US-01073,2016-07-29,2016-08-03,Consumer,South,Office Supplies,Supplies,116.03,2,0.1,-0.18
US-01131,2016-07-29,2016-08-01,Corporate,South,Technology,Copiers,1618.24,1,0.0,157.81
US-01293,2016-07-29,2016-07-30,Consumer,East,Office Supplies,Paper,116.9,1,0.15,4.43
US-00465,2016-07-30,2016-08-02,Consumer,East,Office Supplies,Labels,26.56,1,0.0,8.51
US-01257,2016-07-30,2016-08-05,Corporate,West,Office Supplies,Appliances,1327.76,3,0.0,460.33
US-00020,2016-07-31,2016-08-02,Consumer,West,Furniture,Chairs,548.42,1,0.0,38.84
US-03092,2016-07-31,2016-08-05,Corporate,South,Office Supplies,Appliances,3239.24,5,0.1,585.31
US-00930,2016-08-01,2016-08-07,Consumer,East,Technology,Phones,230.3,3,0.15,1.28
US-01731,2016-08-01,2016-08-05,Consumer,East,Office Supplies,Fasteners,42.79,2,0.3,-4.49
US-02043,2016-08-01,2016-08-06,Home Office,Central,Office Supplies,Supplies,35.83,1,0.15,-1.92
US-03657,2016-08-01,2016-08-05,Home Office,South,Office Supplies,Appliances,433.3,1,0.0,131.13
US-00055,2016-08-02,2016-08-04,Corporate,West,Office Supplies,Storage,723.17,2,0.0,154.74
US-01243,2016-08-02,2016-08-06,Consumer,East,Technology,Phones,689.74,1,0.0,67.65
US-02698,2016-08-02,2016-08-06,Home Office,Central,Office Supplies,Labels,155.96,5,0.5,6.67
US-00142,2016-08-03,2016-08-04,Corporate,Central,Office Supplies,Envelopes,42.07,1,0.2,3.97
US-01894,2016-08-03,2016-08-06,Consumer,South,Office Supplies,Fasteners,8.36,1,0.0,0.79
US-01894,2016-08-03,2016-08-03,Corporate,West,Furniture,Tables,1088.06,3,0.0,302.5
US-03426,2016-08-03,2016-08-05,Home Office,South,Furniture,Chairs,2918.98,5,0.1,-32.35
US-04797,2016-08-03,2016-08-05,Corporate,West,Furniture,Bookcases,187.33,1,0.0,13.15
US-02744,2016-08-04,2016-08-10,Home Office,West,Office Supplies,Art,778.86,3,0.0,201.83
US-02744,2016-08-04,2016-08-05,Corporate,West,Technology,Accessories,695.53,2,0.1,43.06
US-03280,2016-08-04,2016-08-08,Home Office,East,Furniture,Tables,1349.35,3,0.15,-66.24
US-02023,2016-08-05,2016-08-10,Corporate,West,Technology,Machines,300.28,1,0.15,65.86
US-04360,2016-08-05,2016-08-08,Home Office,East,Office Supplies,Supplies,275.25,4,0.0,46.04
US-04360,2016-08-05,2016-08-06,Home Office,South,Office Supplies,Appliances,190.8,4,0.0,18.43
US-01178,2016-08-06,2016-08-09,Home Office,South,Office Supplies,Binders,42.75,2,0.0,11.94
US-02002,2016-08-06,2016-08-11,Home Office,East,Office Supplies,Envelopes,77.59,2,0.0,9.46
US-02169,2016-08-06,2016-08-12,Consumer,East,Furniture,Furnishings,1882.9,4,0.0,239.42
US-02396,2016-08-06,2016-08-09,Home Office,South,Furniture,Furnishings,417.68,1,0.1,77.95
US-02396,2016-08-06,2016-08-09,Corporate,East,Technology,Phones,315.59,1,0.0,55.25
US-02662,2016-08-06,2016-08-10,Home Office,West,Office Supplies,Art,95.07,1,0.1,22.49
US-02682,2016-08-06,2016-08-06,Home Office,Central,Office Supplies,Art,46.06,3,0.0,15.69
US-02682,2016-08-06,2016-08-11,Corporate,South,Office Supplies,Labels,29.07,1,0.0,6.83
US-04306,2016-08-07,2016-08-12,Consumer,South,Technology,Phones,632.63,2,0.5,-82.89
US-04485,2016-08-07,2016-08-08,Consumer,West,Office Supplies,Storage,671.51,4,0.4,32.93
US-04485,2016-08-07,2016-08-08,Consumer,East,Office Supplies,Appliances,732.64,5,0.0,114.62
US-00076,2016-08-08,2016-08-10,Home Office,Central,Office Supplies,Storage,696.83,2,0.0,49.12
US-00076,2016-08-08,2016-08-14,Corporate,West,Office Supplies,Appliances,524.24,2,0.0,157.01
US-00602,2016-08-08,2016-08-14,Consumer,Central,Furniture,Tables,2433.71,2,0.0,602.6
US-00602,2016-08-08,2016-08-13,Consumer,South,Office Supplies,Envelopes,4.54,1,0.15,0.78
US-00602,2016-08-08,2016-08-14,Consumer,South,Furniture,Furnishings,680.39,5,0.0,165.56
US-01550,2016-08-08,2016-08-08,Consumer,South,Furniture,Chairs,2076.5,4,0.0,152.83
US-04718,2016-08-08,2016-08-12,Home Office,West,Furniture,Bookcases,433.81,1,0.0,52.41
US-02568,2016-08-09,2016-08-11,Consumer,West,Furniture,Bookcases,2310.52,4,0.15,-67.04
US-03587,2016-08-09,2016-08-11,Home Office,West,Technology,Machines,2211.9,5,0.0,121.26
US-03915,2016-08-09,2016-08-13,Corporate,Central,Technology,Copiers,1546.96,5,0.15,204.02
US-03915,2016-08-09,2016-08-14,Corporate,Central,Technology,Accessories,1275.64,5,0.0,253.35
US-04731,2016-08-09,2016-08-12,Consumer,West,Furniture,Bookcases,147.61,1,0.0,8.38
US-04731,2016-08-09,2016-08-15,Home Office,West,Technology,Machines,785.34,3,0.0,221.08
US-04731,2016-08-09,2016-08-11,Home Office,South,Office Supplies,Labels,64.5,2,0.15,0.98
US-04941,2016-08-09,2016-08-12,Home Office,West,Technology,Accessories,275.38,1,0.0,75.54
US-04941,2016-08-09,2016-08-11,Corporate,South,Office Supplies,Binders,25.23,1,0.0,8.33
US-03288,2016-08-10,2016-08-10,Consumer,Central,Technology,Accessories,949.66,3,0.0,218.02
US-02196,2016-08-11,2016-08-13,Consumer,Central,Office Supplies,Supplies,35.81,1,0.0,9.57
US-02829,2016-08-11,2016-08-17,Corporate,South,Technology,Machines,1233.79,3,0.0,188.05
US-04123,2016-08-11,2016-08-11,Consumer,South,Office Supplies,Storage,116.36,1,0.0,13.09
US-01798,2016-08-12,2016-08-15,Consumer,East,Furniture,Tables,611.19,1,0.1,67.33
US-01798,2016-08-12,2016-08-16,Consumer,East,Furniture,Chairs,1178.93,2,0.0,142.52
US-02888,2016-08-12,2016-08-14,Corporate,East,Furniture,Tables,2715.49,2,0.0,486.41
US-02888,2016-08-12,2016-08-17,Corporate,East,Office Supplies,Envelopes,22.87,2,0.0,3.11
US-03719,2016-08-12,2016-08-18,Home Office,West,Office Supplies,Paper,284.5,2,0.2,14.77
US-04422,2016-08-12,2016-08-14,Consumer,West,Office Supplies,Envelopes,6.7,1,0.0,0.55
US-04513,2016-08-12,2016-08-13,Corporate,Central,Office Supplies,Supplies,65.47,1,0.0,21.13
US-01472,2016-08-13,2016-08-13,Home Office,Central,Furniture,Furnishings,448.88,2,0.0,154.68
US-01472,2016-08-13,2016-08-19,Home Office,Central,Technology,Accessories,178.75,1,0.1,16.98
US-01472,2016-08-13,2016-08-15,Consumer,South,Furniture,Chairs,532.23,1,0.0,91.15
US-02186,2016-08-13,2016-08-15,Consumer,East,Office Supplies,Appliances,1078.15,2,0.0,372.56
US-02186,2016-08-13,2016-08-15,Corporate,South,Furniture,Chairs,546.27,1,0.0,51.69
US-02235,2016-08-13,2016-08-14,Home Office,Central,Office Supplies,Appliances,540.54,1,0.0,95.14
US-02988,2016-08-13,2016-08-13,Consumer,East,Furniture,Bookcases,217.81,1,0.0,41.69
US-02988,2016-08-13,2016-08-18,Corporate,Central,Technology,Phones,450.75,1,0.0,148.47
US-02385,2016-08-14,2016-08-20,Home Office,East,Office Supplies,Fasteners,5.27,1,0.0,0.45
US-02862,2016-08-14,2016-08-18,Consumer,Central,Technology,Accessories,949.49,4,0.3,-64.32
US-03086,2016-08-14,2016-08-14,Home Office,Central,Furniture,Chairs,412.09,1,0.0,107.1
US-03580,2016-08-14,2016-08-16,Consumer,West,Furniture,Bookcases,672.75,4,0.15,25.21
US-03580,2016-08-14,2016-08-16,Corporate,West,Technology,Phones,1322.17,2,0.2,-66.06
US-03958,2016-08-14,2016-08-16,Corporate,West,Office Supplies,Supplies,184.64,2,0.0,54.74
US-00029,2016-08-15,2016-08-16,Consumer,South,Office Supplies,Supplies,183.69,3,0.0,32.8
US-00491,2016-08-15,2016-08-15,Corporate,Central,Furniture,Furnishings,151.05,1,0.0,19.59
US-03281,2016-08-15,2016-08-16,Home Office,East,Office Supplies,Art,271.72,2,0.0,41.12
US-04761,2016-08-15,2016-08-17,Corporate,West,Furniture,Bookcases,726.35,3,0.0,224.9
US-04698,2016-08-16,2016-08-19,Corporate,East,Furniture,Bookcases,1988.06,3,0.2,-157.12
US-04698,2016-08-16,2016-08-17,Home Office,South,Office Supplies,Appliances,747.38,1,0.2,-82.85
US-04966,2016-08-16,2016-08-20,Corporate,South,Technology,Copiers,490.17,1,0.0,32.35
US-02336,2016-08-17,2016-08-23,Corporate,South,Office Supplies,Appliances,2594.95,5,0.0,505.03
US-02336,2016-08-17,2016-08-21,Consumer,West,Technology,Accessories,250.31,2,0.0,31.06
US-03902,2016-08-17,2016-08-23,Home Office,East,Furniture,Chairs,1644.36,3,0.0,260.15
US-04926,2016-08-17,2016-08-22,Corporate,South,Furniture,Tables,4594.84,5,0.0,1109.68
US-03525,2016-08-18,2016-08-22,Corporate,East,Office Supplies,Supplies,116.97,2,0.15,-4.32
US-01905,2016-08-19,2016-08-23,Consumer,Central,Furniture,Chairs,962.48,3,0.0,243.61
US-04880,2016-08-19,2016-08-24,Consumer,East,Office Supplies,Art,386.55,2,0.0,99.74
US-03264,2016-08-20,2016-08-23,Consumer,East,Office Supplies,Storage,679.14,2,0.0,43.58
US-04585,2016-08-20,2016-08-22,Corporate,South,Technology,Machines,563.14,1,0.0,177.63
US-01802,2016-08-21,2016-08-24,Corporate,Central,Technology,Copiers,3389.22,5,0.0,448.15
US-03229,2016-08-21,2016-08-25,Corporate,East,Furniture,Furnishings,89.24,1,0.0,25.12
US-03229,2016-08-21,2016-08-26,Consumer,Central,Office Supplies,Labels,10.84,1,0.0,0.78
US-01925,2016-08-22,2016-08-23,Corporate,East,Furniture,Furnishings,363.85,1,0.0,61.79
US-01925,2016-08-22,2016-08-22,Home Office,West,Office Supplies,Binders,266.87,4,0.5,-83.53
US-01925,2016-08-22,2016-08-22,Home Office,West,Furniture,Tables,418.42,1,0.0,125.29
US-02636,2016-08-22,2016-08-23,Home Office,Central,Office Supplies,Binders,22.68,1,0.15,0.7
US-00998,2016-08-23,2016-08-25,Home Office,South,Furniture,Bookcases,189.7,1,0.0,35.91
US-03455,2016-08-23,2016-08-25,Consumer,West,Furniture,Bookcases,812.57,2,0.0,83.36
US-00121,2016-08-24,2016-08-27,Consumer,East,Technology,Phones,3504.77,5,0.1,198.4
US-00121,2016-08-24,2016-08-25,Corporate,West,Furniture,Tables,3262.65,3,0.0,802.81
US-00121,2016-08-24,2016-08-29,Home Office,East,Office Supplies,Paper,148.29,1,0.0,8.43
US-01817,2016-08-24,2016-08-30,Home Office,West,Office Supplies,Labels,14.97,2,0.0,1.3
US-01943,2016-08-24,2016-08-28,Corporate,South,Technology,Machines,788.3,1,0.0,49.88
US-02158,2016-08-24,2016-08-26,Consumer,South,Technology,Accessories,141.1,2,0.0,7.74
US-02158,2016-08-24,2016-08-29,Corporate,East,Office Supplies,Binders,62.58,1,0.1,-2.52
US-03655,2016-08-24,2016-08-25,Corporate,South,Office Supplies,Supplies,47.68,4,0.5,-11.3
US-04283,2016-08-24,2016-08-24,Consumer,West,Furniture,Tables,892.23,1,0.0,254.79
US-04312,2016-08-24,2016-08-24,Consumer,East,Office Supplies,Appliances,555.32,2,0.0,178.72
US-02555,2016-08-25,2016-08-31,Corporate,South,Office Supplies,Binders,293.36,4,0.0,83.94
US-02562,2016-08-25,2016-08-25,Consumer,East,Technology,Accessories,38.6,1,0.0,6.49
US-02607,2016-08-25,2016-08-27,Home Office,West,Technology,Copiers,4452.36,3,0.0,386.97
US-02607,2016-08-25,2016-08-29,Corporate,South,Office Supplies,Storage,22.8,1,0.1,0.62
US-02905,2016-08-25,2016-08-29,Corporate,East,Technology,Copiers,2483.62,2,0.1,614.87
US-00287,2016-08-26,2016-08-31,Corporate,East,Furniture,Furnishings,322.0,1,0.4,-20.82
US-00287,2016-08-26,2016-08-30,Consumer,East,Technology,Machines,1463.92,1,0.0,79.81
US-00287,2016-08-26,2016-08-27,Consumer,West,Technology,Copiers,3737.82,3,0.1,-27.88
US-01397,2016-08-26,2016-09-01,Home Office,West,Office Supplies,Fasteners,11.41,2,0.0,2.79
US-00718,2016-08-27,2016-08-28,Corporate,West,Office Supplies,Supplies,398.11,5,0.0,65.7
US-02646,2016-08-27,2016-09-01,Corporate,West,Office Supplies,Storage,157.45,2,0.0,8.55
US-02646,2016-08-27,2016-08-27,Home Office,West,Office Supplies,Supplies,16.08,3,0.0,1.23
US-02646,2016-08-27,2016-08-27,Corporate,East,Technology,Copiers,2566.25,2,0.3,-327.39
US-02958,2016-08-27,2016-08-29,Consumer,East,Office Supplies,Labels,79.35,2,0.0,17.02
US-01053,2016-08-28,2016-08-30,Corporate,West,Furniture,Chairs,348.71,1,0.0,91.62
US-01053,2016-08-28,2016-09-01,Corporate,South,Office Supplies,Supplies,99.37,1,0.3,3.81
US-01754,2016-08-28,2016-08-28,Corporate,Central,Technology,Copiers,2781.01,2,0.0,184.65
US-04414,2016-08-28,2016-08-29,Consumer,East,Office Supplies,Binders,16.41,1,0.0,1.25
US-04414,2016-08-28,2016-09-02,Corporate,South,Technology,Phones,72.31,1,0.3,-6.69
US-03983,2016-08-29,2016-09-01,Consumer,East,Office Supplies,Binders,479.96,5,0.1,81.12
US-04216,2016-08-29,2016-08-31,Consumer,Central,Office Supplies,Envelopes,50.14,4,0.0,4.71
US-04216,2016-08-29,2016-08-30,Consumer,West,Office Supplies,Paper,287.14,2,0.0,49.36
US-00500,2016-08-30,2016-08-30,Home Office,East,Technology,Machines,2485.02,3,0.0,129.8
US-00500,2016-08-30,2016-09-01,Home Office,Central,Office Supplies,Envelopes,183.14,4,0.0,40.81
US-00858,2016-08-30,2016-08-31,Consumer,East,Technology,Accessories,877.41,3,0.3,-106.07
US-00858,2016-08-30,2016-08-30,Consumer,Central,Office Supplies,Storage,413.19,3,0.2,-17.57
US-00858,2016-08-30,2016-09-03,Home Office,South,Office Supplies,Appliances,73.9,1,0.0,16.22
US-02182,2016-08-30,2016-09-02,Corporate,West,Office Supplies,Art,203.81,1,0.0,59.84
US-02182,2016-08-30,2016-08-30,Corporate,East,Office Supplies,Supplies,64.92,1,0.3,5.33
US-03428,2016-08-30,2016-09-03,Corporate,Central,Technology,Machines,2809.02,2,0.0,151.71
US-04579,2016-08-30,2016-08-30,Consumer,East,Technology,Phones,784.81,1,0.0,231.45
US-04579,2016-08-30,2016-08-30,Home Office,West,Furniture,Tables,760.86,1,0.0,76.19
US-04579,2016-08-30,2016-09-02,Corporate,Central,Furniture,Tables,2568.13,2,0.0,724.62
US-00735,2016-08-31,2016-09-01,Consumer,East,Office Supplies,Fasteners,6.1,1,0.0,1.47
US-00735,2016-08-31,2016-09-04,Home Office,West,Furniture,Chairs,755.92,3,0.15,174.79
US-01062,2016-08-31,2016-09-01,Corporate,West,Office Supplies,Envelopes,11.2,3,0.15,1.62
US-01062,2016-08-31,2016-09-04,Consumer,South,Office Supplies,Art,577.0,2,0.0,122.13
US-02666,2016-08-31,2016-09-03,Corporate,South,Technology,Phones,161.45,1,0.0,18.23
US-02666,2016-08-31,2016-09-03,Corporate,West,Office Supplies,Envelopes,33.43,1,0.4,-5.41
US-02666,2016-08-31,2016-09-05,Corporate,South,Furniture,Tables,3952.27,4,0.1,557.63
US-04573,2016-08-31,2016-09-03,Home Office,South,Furniture,Tables,801.6,1,0.0,176.24
US-00927,2016-09-01,2016-09-01,Consumer,West,Office Supplies,Supplies,185.98,2,0.5,-50.57
US-01555,2016-09-01,2016-09-03,Home Office,East,Furniture,Tables,1189.37,1,0.0,328.24
US-01555,2016-09-01,2016-09-07,Corporate,East,Furniture,Tables,436.7,2,0.0,96.64
US-03241,2016-09-01,2016-09-03,Home Office,Central,Technology,Phones,507.72,2,0.4,13.97
US-04146,2016-09-01,2016-09-02,Home Office,East,Office Supplies,Appliances,773.8,2,0.0,84.87
US-04146,2016-09-01,2016-09-06,Home Office,Central,Office Supplies,Art,527.44,2,0.0,90.33
US-04146,2016-09-01,2016-09-04,Home Office,Central,Office Supplies,Binders,219.41,4,0.0,28.83
US-03063,2016-09-02,2016-09-07,Home Office,South,Furniture,Chairs,698.53,1,0.0,91.61
US-03063,2016-09-02,2016-09-05,Home Office,South,Office Supplies,Binders,30.32,3,0.0,10.22
US-01104,2016-09-03,2016-09-08,Consumer,East,Technology,Accessories,499.73,2,0.1,117.74
US-01104,2016-09-03,2016-09-08,Corporate,West,Office Supplies,Appliances,472.78,2,0.0,53.63
US-01553,2016-09-03,2016-09-06,Corporate,Central,Office Supplies,Fasteners,32.26,3,0.1,4.67
US-03437,2016-09-03,2016-09-07,Consumer,South,Office Supplies,Storage,105.21,3,0.15,14.55
US-03935,2016-09-03,2016-09-09,Home Office,Central,Technology,Copiers,6254.83,5,0.0,510.05
US-04242,2016-09-03,2016-09-04,Consumer,East,Technology,Accessories,56.42,3,0.2,-0.85
US-04474,2016-09-03,2016-09-07,Corporate,West,Office Supplies,Supplies,71.88,1,0.0,18.33
US-04547,2016-09-03,2016-09-09,Consumer,South,Office Supplies,Art,503.59,2,0.5,-62.18
US-02475,2016-09-04,2016-09-06,Home Office,South,Furniture,Furnishings,928.22,2,0.0,115.54
US-02475,2016-09-04,2016-09-10,Home Office,South,Technology,Accessories,57.82,1,0.0,10.63
US-00653,2016-09-05,2016-09-10,Consumer,West,Furniture,Chairs,238.51,3,0.0,55.44
US-00856,2016-09-06,2016-09-12,Home Office,South,Office Supplies,Appliances,1564.14,2,0.0,198.23
US-02419,2016-09-06,2016-09-08,Home Office,Central,Office Supplies,Labels,26.64,1,0.3,-1.33
US-01532,2016-09-07,2016-09-07,Home Office,East,Furniture,Chairs,362.78,1,0.0,116.75
US-03358,2016-09-07,2016-09-11,Home Office,West,Furniture,Chairs,664.38,1,0.1,83.41
US-00184,2016-09-08,2016-09-12,Corporate,East,Technology,Machines,1431.93,2,0.15,-78.23
US-00184,2016-09-08,2016-09-10,Home Office,Central,Office Supplies,Paper,303.42,3,0.0,66.66
US-00935,2016-09-08,2016-09-12,Consumer,East,Furniture,Chairs,458.88,1,0.0,147.94
US-02015,2016-09-08,2016-09-09,Consumer,East,Office Supplies,Labels,3.53,1,0.0,0.34
US-02015,2016-09-08,2016-09-14,Corporate,Central,Technology,Phones,733.04,1,0.0,98.78
US-03559,2016-09-08,2016-09-14,Corporate,Central,Office Supplies,Appliances,195.95,1,0.4,-7.65
US-00747,2016-09-09,2016-09-12,Consumer,South,Office Supplies,Storage,1125.46,4,0.0,150.86
US-03356,2016-09-09,2016-09-12,Home Office,West,Technology,Copiers,2742.69,4,0.0,468.91
US-03356,2016-09-09,2016-09-11,Consumer,Central,Technology,Copiers,780.63,1,0.3,47.08
US-04279,2016-09-09,2016-09-10,Home Office,East,Technology,Accessories,263.12,4,0.0,57.79
US-01870,2016-09-11,2016-09-17,Corporate,Central,Furniture,Bookcases,398.3,1,0.0,109.45
US-02201,2016-09-11,2016-09-13,Home Office,East,Technology,Phones,593.04,1,0.0,128.25
US-03261,2016-09-11,2016-09-16,Corporate,Central,Furniture,Furnishings,201.86,3,0.0,66.35
US-03266,2016-09-11,2016-09-11,Home Office,West,Furniture,Tables,764.56,1,0.0,137.69
US-03266,2016-09-11,2016-09-15,Corporate,South,Office Supplies,Labels,34.83,1,0.2,6.33
US-04231,2016-09-11,2016-09-13,Corporate,West,Office Supplies,Labels,25.99,3,0.0,6.05
US-04317,2016-09-11,2016-09-15,Consumer,East,Furniture,Furnishings,477.96,3,0.15,-0.63
US-04317,2016-09-11,2016-09-14,Consumer,West,Technology,Phones,1254.07,2,0.4,-240.29
US-02170,2016-09-12,2016-09-12,Corporate,Central,Technology,Accessories,290.33,1,0.1,-9.95
US-02349,2016-09-12,2016-09-17,Corporate,South,Office Supplies,Paper,249.61,2,0.1,21.67
US-04250,2016-09-12,2016-09-15,Home Office,East,Office Supplies,Labels,22.83,1,0.0,4.47
US-03548,2016-09-13,2016-09-15,Consumer,East,Technology,Machines,2381.5,3,0.0,390.39
US-03548,2016-09-13,2016-09-15,Corporate,West,Office Supplies,Fasteners,19.9,3,0.0,1.17
US-00259,2016-09-14,2016-09-20,Consumer,South,Office Supplies,Supplies,54.59,1,0.0,11.41
US-00146,2016-09-15,2016-09-19,Consumer,West,Technology,Phones,2269.86,3,0.0,347.11
US-00146,2016-09-15,2016-09-15,Consumer,South,Furniture,Tables,2277.18,2,0.0,144.38
US-00146,2016-09-15,2016-09-18,Home Office,East,Office Supplies,Art,839.03,3,0.0,180.87
US-00263,2016-09-15,2016-09-15,Corporate,Central,Technology,Phones,1623.01,3,0.0,148.38
US-00263,2016-09-15,2016-09-20,Home Office,East,Office Supplies,Storage,116.21,2,0.15,17.52
US-00832,2016-09-15,2016-09-19,Corporate,South,Furniture,Furnishings,985.87,2,0.0,293.04
US-00832,2016-09-15,2016-09-18,Home Office,West,Office Supplies,Fasteners,22.59,1,0.15,-0.53
US-01579,2016-09-15,2016-09-16,Corporate,East,Office Supplies,Paper,63.23,1,0.0,10.32
US-01579,2016-09-15,2016-09-15,Home Office,South,Furniture,Bookcases,371.22,2,0.0,32.38
US-03899,2016-09-15,2016-09-16,Home Office,East,Furniture,Tables,1000.46,1,0.0,196.57
US-01577,2016-09-16,2016-09-17,Corporate,East,Office Supplies,Envelopes,3.14,1,0.0,0.8
US-01711,2016-09-16,2016-09-21,Home Office,East,Office Supplies,Appliances,586.62,2,0.0,178.64
US-01922,2016-09-16,2016-09-22,Home Office,Central,Technology,Accessories,248.02,1,0.2,14.13
US-04375,2016-09-16,2016-09-18,Corporate,West,Office Supplies,Storage,66.71,1,0.0,14.02
US-00586,2016-09-17,2016-09-23,Consumer,Central,Technology,Machines,161.45,1,0.0,27.36
US-02871,2016-09-17,2016-09-22,Home Office,Central,Office Supplies,Appliances,655.32,5,0.0,144.81
US-00541,2016-09-18,2016-09-24,Corporate,East,Office Supplies,Paper,28.89,1,0.3,2.88
US-03036,2016-09-18,2016-09-23,Corporate,East,Technology,Phones,622.32,1,0.0,46.51
US-04963,2016-09-18,2016-09-20,Home Office,South,Furniture,Tables,2709.63,3,0.0,916.76
US-04963,2016-09-18,2016-09-19,Corporate,South,Office Supplies,Art,45.02,1,0.15,0.92
US-01074,2016-09-20,2016-09-23,Corporate,West,Office Supplies,Art,235.18,2,0.0,43.76
US-01074,2016-09-20,2016-09-22,Home Office,East,Office Supplies,Appliances,593.37,5,0.0,186.53
US-02577,2016-09-20,2016-09-26,Consumer,South,Office Supplies,Paper,190.65,1,0.2,35.93
US-03306,2016-09-20,2016-09-23,Corporate,South,Office Supplies,Supplies,37.98,1,0.0,5.12
US-03306,2016-09-20,2016-09-22,Corporate,West,Furniture,Furnishings,43.36,2,0.0,11.69
US-03306,2016-09-20,2016-09-26,Consumer,East,Technology,Machines,1863.37,2,0.0,560.41
US-04090,2016-09-20,2016-09-21,Corporate,Central,Furniture,Furnishings,270.43,1,0.0,33.88
US-04090,2016-09-20,2016-09-21,Corporate,South,Technology,Accessories,490.23,3,0.15,33.58
US-04594,2016-09-20,2016-09-24,Consumer,East,Office Supplies,Fasteners,27.97,2,0.0,5.1
US-04751,2016-09-20,2016-09-22,Home Office,South,Furniture,Furnishings,478.87,1,0.0,71.69
US-04751,2016-09-20,2016-09-25,Consumer,East,Technology,Copiers,3660.32,2,0.0,1022.0
US-03347,2016-09-21,2016-09-24,Consumer,East,Technology,Copiers,749.13,1,0.5,-26.34
US-03736,2016-09-21,2016-09-23,Corporate,Central,Technology,Phones,4136.97,5,0.0,1191.84
US-03736,2016-09-21,2016-09-21,Consumer,South,Furniture,Bookcases,1977.69,4,0.0,476.71
US-04327,2016-09-21,2016-09-24,Home Office,West,Office Supplies,Fasteners,16.96,2,0.0,5.29
US-04327,2016-09-21,2016-09-25,Home Office,Central,Furniture,Tables,281.4,1,0.0,39.17
US-04327,2016-09-21,2016-09-24,Home Office,Central,Furniture,Tables,820.57,2,0.0,233.28
US-01378,2016-09-22,2016-09-23,Consumer,East,Office Supplies,Storage,729.21,2,0.0,239.5
US-00239,2016-09-23,2016-09-23,Corporate,West,Technology,Copiers,1906.78,1,0.4,17.81
US-00524,2016-09-23,2016-09-29,Corporate,East,Technology,Accessories,82.4,1,0.0,22.89
US-02890,2016-09-23,2016-09-28,Home Office,South,Office Supplies,Binders,16.27,2,0.0,5.14
US-02890,2016-09-23,2016-09-27,Consumer,West,Office Supplies,Storage,64.87,1,0.0,15.95
US-02948,2016-09-23,2016-09-26,Consumer,East,Technology,Accessories,1458.2,4,0.0,333.39
US-02114,2016-09-24,2016-09-27,Home Office,East,Office Supplies,Fasteners,56.03,2,0.0,12.45
US-02668,2016-09-24,2016-09-24,Home Office,South,Technology,Phones,562.15,1,0.15,59.65
US-04127,2016-09-24,2016-09-29,Consumer,Central,Furniture,Chairs,598.24,2,0.15,75.72
US-04127,2016-09-24,2016-09-28,Corporate,West,Furniture,Bookcases,2545.28,4,0.2,-312.88
US-01372,2016-09-25,2016-10-01,Consumer,East,Technology,Phones,254.62,3,0.0,66.15
US-01372,2016-09-25,2016-09-25,Consumer,West,Office Supplies,Fasteners,13.72,3,0.3,0.87
US-01846,2016-09-26,2016-09-30,Consumer,West,Furniture,Furnishings,304.34,5,0.0,93.69
US-02123,2016-09-26,2016-09-27,Consumer,South,Office Supplies,Fasteners,17.67,1,0.15,2.26
US-02123,2016-09-26,2016-10-02,Corporate,East,Furniture,Tables,5349.93,4,0.3,-297.65
US-02455,2016-09-26,2016-10-02,Consumer,Central,Office Supplies,Appliances,2930.97,4,0.0,976.01
US-02517,2016-09-27,2016-09-27,Consumer,South,Office Supplies,Appliances,351.85,1,0.5,-186.16
US-04156,2016-09-27,2016-09-27,Home Office,West,Office Supplies,Supplies,85.23,1,0.0,25.39
US-04156,2016-09-27,2016-09-27,Home Office,East,Office Supplies,Appliances,1648.67,3,0.0,524.24
US-04243,2016-09-27,2016-10-03,Home Office,East,Technology,Accessories,798.55,2,0.1,2.97
US-04243,2016-09-27,2016-10-03,Home Office,South,Technology,Machines,479.95,1,0.0,59.94
US-04243,2016-09-27,2016-09-30,Consumer,Central,Office Supplies,Paper,116.78,3,0.5,-37.31
US-01775,2016-09-28,2016-09-28,Corporate,West,Office Supplies,Labels,46.89,2,0.0,12.47
US-01775,2016-09-28,2016-09-29,Home Office,East,Technology,Phones,4447.47,5,0.0,513.8
US-01961,2016-09-28,2016-10-03,Consumer,Central,Furniture,Bookcases,542.24,2,0.2,10.89
US-02125,2016-09-28,2016-09-29,Home Office,West,Furniture,Chairs,736.54,3,0.1,101.68
US-00214,2016-09-29,2016-09-30,Consumer,South,Office Supplies,Art,387.42,2,0.4,-17.65
US-00214,2016-09-29,2016-10-01,Corporate,East,Office Supplies,Appliances,33.97,1,0.15,-1.67
US-00988,2016-09-29,2016-09-30,Home Office,Central,Furniture,Tables,220.32,1,0.0,55.97
US-00988,2016-09-29,2016-10-02,Home Office,West,Technology,Machines,5339.85,4,0.2,-769.91
US-00988,2016-09-29,2016-10-05,Consumer,East,Furniture,Chairs,1337.82,3,0.0,174.91
US-02144,2016-09-29,2016-10-01,Corporate,South,Furniture,Furnishings,421.92,2,0.0,81.32
US-02144,2016-09-29,2016-10-04,Corporate,South,Furniture,Bookcases,661.32,1,0.0,117.98
US-02981,2016-09-29,2016-10-04,Consumer,Central,Office Supplies,Envelopes,52.44,5,0.0,17.03
US-02981,2016-09-29,2016-10-05,Home Office,East,Furniture,Furnishings,2426.42,5,0.0,185.09
US-03033,2016-09-29,2016-09-30,Consumer,West,Office Supplies,Art,224.05,1,0.0,19.4
US-03033,2016-09-29,2016-10-02,Corporate,East,Furniture,Chairs,2879.18,4,0.1,89.95
US-04348,2016-09-30,2016-10-01,Home Office,East,Technology,Phones,1029.81,3,0.0,312.71
US-04348,2016-09-30,2016-10-03,Corporate,South,Furniture,Tables,1026.2,1,0.0,285.09
US-03070,2016-10-01,2016-10-05,Consumer,West,Office Supplies,Paper,52.73,1,0.0,16.34
US-03070,2016-10-01,2016-10-04,Home Office,South,Furniture,Bookcases,2567.2,5,0.0,598.41
US-03468,2016-10-01,2016-10-04,Consumer,East,Furniture,Furnishings,371.04,1,0.0,72.33
US-03468,2016-10-01,2016-10-07,Corporate,Central,Technology,Phones,965.77,2,0.2,198.35
US-03468,2016-10-01,2016-10-06,Home Office,West,Office Supplies,Paper,151.21,2,0.0,29.76
US-04121,2016-10-01,2016-10-05,Corporate,East,Technology,Phones,717.75,1,0.0,200.83
US-00795,2016-10-02,2016-10-08,Consumer,Central,Technology,Phones,499.15,5,0.0,151.28
US-01949,2016-10-02,2016-10-02,Consumer,East,Office Supplies,Appliances,111.67,1,0.0,25.75
US-02030,2016-10-02,2016-10-02,Consumer,Central,Office Supplies,Appliances,1086.8,2,0.1,98.13
US-02035,2016-10-02,2016-10-07,Home Office,South,Technology,Accessories,770.49,2,0.0,93.76
US-03272,2016-10-02,2016-10-05,Consumer,West,Furniture,Bookcases,220.06,1,0.0,71.5
US-00226,2016-10-03,2016-10-06,Corporate,West,Furniture,Furnishings,526.65,2,0.0,155.43
US-00418,2016-10-03,2016-10-05,Corporate,South,Furniture,Tables,5359.16,4,0.2,475.13
US-00418,2016-10-03,2016-10-03,Corporate,West,Furniture,Furnishings,771.5,2,0.0,141.2
US-02887,2016-10-03,2016-10-03,Corporate,West,Furniture,Bookcases,1335.08,2,0.0,141.45
US-02898,2016-10-03,2016-10-06,Consumer,Central,Furniture,Bookcases,453.72,1,0.0,131.1
US-03300,2016-10-03,2016-10-08,Consumer,South,Office Supplies,Art,253.94,5,0.2,-28.26
US-03469,2016-10-03,2016-10-09,Home Office,West,Office Supplies,Labels,110.85,3,0.1,26.72
US-04087,2016-10-03,2016-10-04,Corporate,South,Office Supplies,Envelopes,45.58,1,0.0,3.2
US-04220,2016-10-03,2016-10-05,Home Office,South,Technology,Machines,1273.15,1,0.0,259.52
US-04220,2016-10-03,2016-10-05,Consumer,South,Furniture,Bookcases,268.08,1,0.0,34.43
US-04220,2016-10-03,2016-10-09,Consumer,West,Office Supplies,Appliances,734.31,1,0.5,-266.61
US-04726,2016-10-03,2016-10-06,Home Office,South,Furniture,Bookcases,885.43,2,0.2,-83.56
US-04726,2016-10-03,2016-10-04,Home Office,Central,Technology,Accessories,296.06,1,0.15,25.66
US-01835,2016-10-04,2016-10-10,Home Office,East,Technology,Phones,583.26,2,0.2,-26.31
US-01835,2016-10-04,2016-10-07,Home Office,West,Office Supplies,Binders,74.77,3,0.0,22.75
US-01582,2016-10-05,2016-10-07,Corporate,East,Technology,Machines,555.72,2,0.2,-35.62
US-02095,2016-10-05,2016-10-11,Corporate,Central,Furniture,Furnishings,291.44,1,0.0,17.54
US-02095,2016-10-05,2016-10-06,Consumer,South,Technology,Phones,2132.22,4,0.3,-208.27
US-03073,2016-10-05,2016-10-11,Consumer,South,Furniture,Tables,1028.01,1,0.0,186.65
US-03073,2016-10-05,2016-10-05,Corporate,Central,Technology,Machines,794.2,2,0.2,186.39
US-03797,2016-10-05,2016-10-08,Corporate,West,Technology,Phones,2761.18,5,0.15,-150.42
US-03797,2016-10-05,2016-10-07,Consumer,East,Technology,Accessories,329.06,1,0.2,15.48
US-04086,2016-10-05,2016-10-09,Home Office,East,Furniture,Bookcases,1012.38,2,0.0,268.71
US-04792,2016-10-05,2016-10-05,Consumer,East,Furniture,Furnishings,469.39,1,0.2,18.69
US-01319,2016-10-06,2016-10-12,Consumer,East,Office Supplies,Envelopes,77.21,2,0.5,-8.06
US-01663,2016-10-06,2016-10-06,Home Office,East,Office Supplies,Storage,390.19,1,0.0,56.89
US-02994,2016-10-06,2016-10-08,Home Office,West,Furniture,Tables,560.74,1,0.15,99.54
US-03895,2016-10-06,2016-10-09,Home Office,West,Office Supplies,Paper,188.64,1,0.1,44.75
US-03895,2016-10-06,2016-10-09,Consumer,West,Technology,Accessories,1017.49,3,0.0,105.76
US-03895,2016-10-06,2016-10-06,Home Office,Central,Furniture,Tables,3867.63,5,0.0,293.58
US-04056,2016-10-06,2016-10-08,Corporate,East,Technology,Accessories,644.63,2,0.0,150.33
US-01502,2016-10-07,2016-10-13,Corporate,Central,Furniture,Bookcases,2048.79,3,0.0,641.61
US-00113,2016-10-08,2016-10-13,Home Office,South,Office Supplies,Binders,123.68,4,0.0,33.31
US-02504,2016-10-08,2016-10-13,Home Office,West,Office Supplies,Appliances,2263.93,4,0.0,669.54
US-02504,2016-10-08,2016-10-10,Consumer,South,Furniture,Tables,3451.21,4,0.4,-341.17
US-02798,2016-10-08,2016-10-09,Home Office,West,Furniture,Chairs,611.96,2,0.1,116.39
US-03486,2016-10-08,2016-10-09,Home Office,Central,Office Supplies,Storage,73.35,1,0.0,18.69
US-03539,2016-10-08,2016-10-13,Home Office,West,Office Supplies,Labels,22.26,1,0.1,0.36
US-04258,2016-10-08,2016-10-12,Home Office,Central,Technology,Copiers,880.82,2,0.2,4.91
US-04258,2016-10-08,2016-10-09,Consumer,Central,Technology,Copiers,1639.95,3,0.15,258.96
US-00606,2016-10-09,2016-10-14,Corporate,West,Office Supplies,Envelopes,26.08,1,0.0,8.81
US-02141,2016-10-09,2016-10-11,Consumer,Central,Furniture,Furnishings,449.1,1,0.3,8.51
US-02501,2016-10-09,2016-10-11,Corporate,West,Office Supplies,Paper,171.0,1,0.0,54.26
US-02501,2016-10-09,2016-10-11,Corporate,East,Furniture,Bookcases,382.53,2,0.0,25.66
US-02507,2016-10-09,2016-10-12,Home Office,South,Furniture,Bookcases,1478.38,5,0.15,200.23
US-03979,2016-10-09,2016-10-11,Consumer,West,Furniture,Tables,488.38,1,0.1,130.69
US-03979,2016-10-09,2016-10-12,Corporate,South,Technology,Accessories,257.13,5,0.15,14.59
US-04803,2016-10-09,2016-10-13,Home Office,East,Furniture,Tables,7334.51,5,0.0,1748.27
US-04803,2016-10-09,2016-10-11,Corporate,South,Office Supplies,Labels,38.58,1,0.1,9.02
US-00151,2016-10-10,2016-10-12,Corporate,South,Furniture,Tables,835.31,1,0.0,232.48
US-00426,2016-10-10,2016-10-11,Home Office,South,Technology,Machines,767.98,1,0.15,-13.28
US-01394,2016-10-10,2016-10-12,Consumer,West,Office Supplies,Supplies,161.94,2,0.2,26.34
US-01394,2016-10-10,2016-10-11,Corporate,West,Office Supplies,Binders,183.82,2,0.0,47.23
US-01394,2016-10-10,2016-10-11,Consumer,West,Furniture,Chairs,251.19,4,0.15,62.29
US-03579,2016-10-10,2016-10-14,Consumer,South,Technology,Accessories,218.05,2,0.1,51.47
US-03856,2016-10-10,2016-10-10,Consumer,East,Technology,Accessories,48.95,1,0.4,-3.65
US-03856,2016-10-10,2016-10-15,Home Office,Central,Technology,Accessories,97.23,1,0.0,14.45
US-03856,2016-10-10,2016-10-15,Home Office,West,Technology,Copiers,8185.74,5,0.2,188.99
US-04893,2016-10-10,2016-10-16,Home Office,East,Furniture,Tables,1948.74,2,0.0,638.92
US-04893,2016-10-10,2016-10-10,Home Office,East,Office Supplies,Binders,83.44,1,0.0,24.4
US-02819,2016-10-11,2016-10-11,Corporate,West,Furniture,Bookcases,965.87,4,0.0,191.03
US-04095,2016-10-11,2016-10-16,Corporate,West,Office Supplies,Binders,130.29,2,0.0,10.41
US-04357,2016-10-11,2016-10-13,Corporate,East,Furniture,Bookcases,411.26,1,0.0,69.5
US-04357,2016-10-11,2016-10-14,Consumer,South,Office Supplies,Labels,31.72,1,0.0,4.09
US-00400,2016-10-12,2016-10-17,Home Office,West,Office Supplies,Fasteners,8.61,2,0.0,1.61
US-01611,2016-10-12,2016-10-13,Corporate,Central,Technology,Phones,1894.55,3,0.4,-185.3
US-01867,2016-10-12,2016-10-16,Home Office,South,Furniture,Chairs,818.54,4,0.2,-102.85
US-02216,2016-10-12,2016-10-13,Home Office,East,Technology,Copiers,5485.09,4,0.5,10.55
US-04270,2016-10-12,2016-10-12,Home Office,Central,Office Supplies,Art,278.84,1,0.1,71.32
US-04270,2016-10-12,2016-10-14,Corporate,Central,Technology,Phones,243.19,2,0.0,77.56
US-01024,2016-10-13,2016-10-14,Home Office,West,Technology,Accessories,700.84,5,0.2,68.77
US-01820,2016-10-13,2016-10-18,Consumer,East,Furniture,Furnishings,25.67,1,0.0,3.51
US-01820,2016-10-13,2016-10-15,Home Office,East,Office Supplies,Envelopes,4.54,1,0.1,0.56
US-04112,2016-10-13,2016-10-17,Corporate,West,Furniture,Furnishings,581.02,3,0.0,53.15
US-04113,2016-10-14,2016-10-19,Home Office,West,Furniture,Tables,4630.71,4,0.0,1336.37
US-04113,2016-10-14,2016-10-18,Home Office,Central,Office Supplies,Appliances,341.03,3,0.3,-53.55
US-04155,2016-10-14,2016-10-16,Corporate,East,Technology,Phones,668.28,1,0.15,-40.72
US-04770,2016-10-14,2016-10-17,Consumer,Central,Office Supplies,Paper,174.88,3,0.15,29.86
US-04770,2016-10-14,2016-10-14,Consumer,West,Technology,Phones,4425.62,5,0.0,312.16
US-01653,2016-10-15,2016-10-17,Home Office,East,Furniture,Furnishings,62.88,1,0.0,8.05
US-01935,2016-10-15,2016-10-20,Consumer,East,Office Supplies,Envelopes,18.15,1,0.4,-2.61
US-01935,2016-10-15,2016-10-18,Consumer,Central,Furniture,Bookcases,1083.95,2,0.1,128.51
US-03235,2016-10-15,2016-10-15,Corporate,Central,Technology,Phones,1386.81,2,0.0,444.07
US-03235,2016-10-15,2016-10-15,Corporate,South,Office Supplies,Fasteners,51.56,2,0.0,10.96
US-01266,2016-10-16,2016-10-19,Corporate,East,Office Supplies,Paper,574.76,3,0.15,137.9
US-02361,2016-10-16,2016-10-19,Corporate,South,Technology,Copiers,3702.89,5,0.0,922.97
US-03014,2016-10-16,2016-10-16,Consumer,West,Office Supplies,Envelopes,20.53,2,0.1,2.88
US-03568,2016-10-16,2016-10-18,Consumer,East,Office Supplies,Fasteners,15.04,2,0.0,5.12
US-04852,2016-10-16,2016-10-18,Home Office,South,Technology,Machines,439.6,2,0.15,-14.8
US-04852,2016-10-16,2016-10-16,Home Office,East,Furniture,Furnishings,165.07,1,0.15,-17.27
US-01124,2016-10-17,2016-10-19,Consumer,East,Technology,Phones,3946.2,5,0.1,705.13
US-01124,2016-10-17,2016-10-18,Consumer,South,Office Supplies,Binders,48.97,1,0.0,12.47
US-02440,2016-10-17,2016-10-23,Home Office,East,Technology,Machines,1953.03,3,0.1,322.66
US-03660,2016-10-17,2016-10-17,Home Office,South,Furniture,Bookcases,1144.43,2,0.0,101.64
US-00725,2016-10-18,2016-10-22,Home Office,South,Technology,Copiers,660.25,1,0.2,100.31
US-02969,2016-10-18,2016-10-20,Home Office,East,Technology,Accessories,1026.66,3,0.0,202.93
US-02969,2016-10-18,2016-10-19,Corporate,South,Technology,Accessories,233.85,1,0.2,-12.63
US-04269,2016-10-18,2016-10-18,Corporate,South,Technology,Machines,1352.45,2,0.0,437.42
US-04269,2016-10-18,2016-10-22,Home Office,East,Office Supplies,Supplies,207.23,3,0.0,65.59
US-04269,2016-10-18,2016-10-22,Consumer,West,Office Supplies,Paper,69.26,1,0.0,23.27
US-02099,2016-10-19,2016-10-21,Home Office,South,Furniture,Furnishings,368.44,1,0.15,28.65
US-00534,2016-10-20,2016-10-22,Home Office,Central,Office Supplies,Binders,56.57,3,0.2,4.36
US-00534,2016-10-20,2016-10-26,Corporate,South,Furniture,Bookcases,471.27,1,0.0,160.21
US-01297,2016-10-20,2016-10-24,Corporate,East,Office Supplies,Labels,18.58,1,0.15,-1.93
US-01297,2016-10-20,2016-10-25,Corporate,East,Technology,Copiers,5245.69,3,0.0,1408.95
US-01584,2016-10-20,2016-10-21,Corporate,East,Technology,Phones,2178.13,3,0.0,253.84
US-01584,2016-10-20,2016-10-20,Consumer,West,Furniture,Bookcases,1486.11,4,0.0,332.17
US-02420,2016-10-20,2016-10-26,Home Office,West,Office Supplies,Appliances,590.76,1,0.15,-52.45
US-03637,2016-10-20,2016-10-20,Corporate,South,Technology,Phones,595.72,1,0.1,100.27
US-04910,2016-10-20,2016-10-26,Corporate,West,Office Supplies,Paper,77.72,1,0.2,6.96
US-04910,2016-10-20,2016-10-26,Consumer,West,Furniture,Tables,5313.35,4,0.4,-1471.41
US-00731,2016-10-21,2016-10-27,Consumer,East,Office Supplies,Labels,97.82,5,0.0,5.84
US-00731,2016-10-21,2016-10-25,Corporate,West,Furniture,Tables,6089.78,5,0.3,-542.69
US-00731,2016-10-21,2016-10-26,Home Office,West,Office Supplies,Supplies,186.64,4,0.0,54.78
US-01291,2016-10-21,2016-10-26,Corporate,Central,Furniture,Furnishings,764.51,2,0.5,-109.03
US-01096,2016-10-22,2016-10-24,Home Office,East,Technology,Copiers,2783.96,2,0.0,624.49
US-01096,2016-10-22,2016-10-23,Consumer,South,Office Supplies,Appliances,402.81,1,0.2,-19.65
US-01096,2016-10-22,2016-10-24,Consumer,West,Technology,Machines,4079.3,5,0.0,363.07
US-02392,2016-10-22,2016-10-24,Consumer,Central,Furniture,Chairs,2239.9,3,0.1,556.31
US-03849,2016-10-22,2016-10-27,Corporate,Central,Office Supplies,Appliances,224.41,1,0.0,19.81
US-03849,2016-10-22,2016-10-23,Consumer,South,Technology,Machines,1318.55,1,0.0,135.38
US-00167,2016-10-23,2016-10-27,Home Office,South,Office Supplies,Paper,51.32,2,0.1,3.16
US-00167,2016-10-23,2016-10-28,Home Office,Central,Office Supplies,Binders,84.24,2,0.2,12.22
US-02739,2016-10-23,2016-10-26,Corporate,South,Office Supplies,Paper,78.38,1,0.0,15.89
US-00492,2016-10-24,2016-10-26,Corporate,East,Furniture,Bookcases,141.01,1,0.0,15.52
US-01028,2016-10-24,2016-10-29,Home Office,South,Technology,Machines,1404.5,1,0.1,354.2
US-01028,2016-10-24,2016-10-27,Home Office,South,Technology,Phones,2529.53,4,0.0,548.81
US-02209,2016-10-24,2016-10-27,Corporate,South,Furniture,Chairs,336.39,1,0.2,25.7
US-00303,2016-10-25,2016-10-31,Consumer,South,Office Supplies,Binders,291.75,3,0.0,22.47
US-03390,2016-10-25,2016-10-31,Corporate,South,Office Supplies,Fasteners,10.69,2,0.0,0.68
US-00702,2016-10-26,2016-10-26,Consumer,Central,Office Supplies,Fasteners,19.97,1,0.5,-1.69
US-00702,2016-10-26,2016-11-01,Home Office,South,Office Supplies,Appliances,1595.68,2,0.0,306.43
US-00702,2016-10-26,2016-10-27,Consumer,Central,Furniture,Bookcases,391.52,4,0.0,106.05
US-03253,2016-10-26,2016-10-28,Consumer,East,Furniture,Tables,3217.19,4,0.0,180.06
US-04527,2016-10-26,2016-10-30,Consumer,Central,Office Supplies,Labels,18.57,1,0.5,-4.97
US-04968,2016-10-26,2016-11-01,Home Office,Central,Technology,Copiers,1872.31,1,0.0,190.39
US-00642,2016-10-27,2016-11-02,Home Office,West,Technology,Phones,198.32,1,0.1,27.13
US-00439,2016-10-28,2016-11-03,Corporate,South,Technology,Accessories,54.45,1,0.0,10.67
US-01608,2016-10-28,2016-10-30,Home Office,South,Office Supplies,Binders,97.34,2,0.15,-3.22
US-01608,2016-10-28,2016-11-01,Consumer,South,Furniture,Bookcases,213.69,1,0.0,51.0
US-01685,2016-10-28,2016-10-31,Home Office,West,Office Supplies,Envelopes,3.2,1,0.0,0.93
US-04147,2016-10-28,2016-10-31,Home Office,East,Office Supplies,Supplies,27.93,1,0.0,6.83
US-02606,2016-10-29,2016-10-31,Consumer,Central,Technology,Machines,1092.88,1,0.0,208.4
US-02606,2016-10-29,2016-11-02,Home Office,Central,Office Supplies,Paper,87.1,2,0.0,29.46
US-04287,2016-10-29,2016-11-03,Consumer,East,Technology,Copiers,1368.93,1,0.1,255.62
US-04287,2016-10-29,2016-11-03,Consumer,South,Office Supplies,Supplies,11.63,1,0.1,0.12
US-00464,2016-10-30,2016-11-01,Home Office,Central,Office Supplies,Labels,130.68,5,0.15,-1.65
US-04799,2016-10-30,2016-11-03,Home Office,West,Office Supplies,Paper,109.77,1,0.15,3.93
US-04831,2016-10-30,2016-11-04,Consumer,West,Furniture,Furnishings,460.12,1,0.0,110.02
US-02343,2016-10-31,2016-10-31,Corporate,Central,Office Supplies,Paper,311.0,2,0.1,35.92
US-02343,2016-10-31,2016-10-31,Home Office,East,Office Supplies,Supplies,245.88,3,0.0,52.87
US-04165,2016-10-31,2016-11-06,Consumer,West,Furniture,Chairs,1436.58,4,0.0,83.34
US-04165,2016-10-31,2016-11-05,Home Office,East,Office Supplies,Art,267.26,1,0.0,23.19
US-03964,2016-11-01,2016-11-05,Consumer,South,Furniture,Tables,1029.67,1,0.0,54.9
US-03964,2016-11-01,2016-11-04,Consumer,South,Technology,Machines,4370.19,3,0.0,805.59
US-01398,2016-11-02,2016-11-08,Corporate,East,Technology,Phones,1827.81,5,0.2,103.31
US-01398,2016-11-02,2016-11-05,Consumer,Central,Technology,Phones,1767.45,3,0.4,-190.56
US-01650,2016-11-02,2016-11-03,Consumer,East,Office Supplies,Fasteners,7.5,1,0.0,2.26
US-01650,2016-11-02,2016-11-05,Corporate,South,Furniture,Chairs,1068.54,3,0.0,164.32
US-04809,2016-11-02,2016-11-02,Corporate,South,Office Supplies,Appliances,40.39,2,0.0,9.55
US-04809,2016-11-02,2016-11-03,Corporate,East,Technology,Machines,1365.75,2,0.0,352.88
US-04809,2016-11-02,2016-11-04,Consumer,Central,Office Supplies,Art,520.7,3,0.0,164.83
US-02403,2016-11-03,2016-11-07,Home Office,Central,Office Supplies,Art,462.14,2,0.0,121.04
US-03263,2016-11-03,2016-11-06,Consumer,Central,Furniture,Furnishings,104.94,1,0.4,-21.56
US-03835,2016-11-03,2016-11-09,Consumer,East,Furniture,Furnishings,207.79,1,0.1,-3.21
US-04873,2016-11-03,2016-11-05,Consumer,South,Furniture,Furnishings,868.91,2,0.0,267.83
US-02222,2016-11-04,2016-11-07,Consumer,South,Furniture,Chairs,1539.59,2,0.0,533.66
US-04228,2016-11-04,2016-11-09,Consumer,West,Office Supplies,Appliances,78.48,1,0.2,-4.69
US-04228,2016-11-04,2016-11-07,Home Office,South,Office Supplies,Paper,101.55,1,0.15,12.02
US-04970,2016-11-04,2016-11-07,Home Office,West,Technology,Machines,4048.2,3,0.0,992.95
US-04970,2016-11-04,2016-11-06,Home Office,West,Technology,Accessories,235.64,2,0.0,14.41
US-04970,2016-11-04,2016-11-09,Consumer,East,Office Supplies,Envelopes,11.16,1,0.0,1.02
US-01790,2016-11-05,2016-11-09,Consumer,South,Technology,Phones,429.18,4,0.2,77.11
US-01790,2016-11-05,2016-11-05,Corporate,Central,Office Supplies,Envelopes,144.31,3,0.1,6.9
US-01790,2016-11-05,2016-11-10,Home Office,South,Furniture,Furnishings,465.24,2,0.0,160.4
US-00667,2016-11-06,2016-11-06,Consumer,South,Office Supplies,Labels,33.57,1,0.15,-0.52
US-01321,2016-11-06,2016-11-08,Consumer,East,Technology,Phones,1790.25,5,0.2,173.03
US-01545,2016-11-06,2016-11-12,Consumer,East,Office Supplies,Fasteners,70.94,3,0.15,9.58
US-01590,2016-11-06,2016-11-11,Consumer,South,Technology,Copiers,1091.59,2,0.0,281.33
US-03401,2016-11-06,2016-11-11,Home Office,South,Furniture,Bookcases,2005.5,3,0.0,396.08
US-03401,2016-11-06,2016-11-11,Consumer,West,Office Supplies,Appliances,3259.37,5,0.5,-243.67
US-03444,2016-11-06,2016-11-07,Corporate,Central,Office Supplies,Paper,567.5,4,0.0,40.21
US-01134,2016-11-07,2016-11-08,Home Office,Central,Technology,Accessories,108.96,1,0.0,27.36
US-01134,2016-11-07,2016-11-08,Consumer,Central,Office Supplies,Binders,43.48,1,0.2,-0.16
US-01134,2016-11-07,2016-11-13,Corporate,East,Furniture,Bookcases,1193.06,2,0.15,248.94
US-02816,2016-11-07,2016-11-13,Corporate,Central,Furniture,Tables,602.29,3,0.0,165.61
US-04530,2016-11-07,2016-11-07,Home Office,East,Furniture,Bookcases,885.74,2,0.0,68.94
US-04530,2016-11-07,2016-11-08,Home Office,West,Technology,Copiers,1117.16,5,0.0,251.09
US-03496,2016-11-08,2016-11-09,Home Office,East,Furniture,Furnishings,426.9,1,0.0,97.6
US-03496,2016-11-08,2016-11-13,Home Office,West,Office Supplies,Binders,54.33,1,0.15,-2.28
US-00521,2016-11-09,2016-11-15,Home Office,West,Office Supplies,Labels,133.67,5,0.15,5.89
US-00521,2016-11-09,2016-11-14,Home Office,East,Furniture,Bookcases,484.05,2,0.1,16.52
US-00673,2016-11-09,2016-11-11,Home Office,Central,Technology,Accessories,545.65,2,0.0,56.21
US-00673,2016-11-09,2016-11-12,Consumer,Central,Office Supplies,Art,153.06,1,0.0,31.77
US-04372,2016-11-09,2016-11-15,Consumer,West,Technology,Machines,397.41,1,0.0,82.13
US-04372,2016-11-09,2016-11-11,Consumer,East,Furniture,Tables,987.23,1,0.1,80.51
US-04808,2016-11-09,2016-11-13,Consumer,West,Office Supplies,Appliances,108.37,1,0.0,8.29
US-04879,2016-11-09,2016-11-11,Consumer,West,Office Supplies,Paper,76.45,2,0.15,6.67
US-01468,2016-11-10,2016-11-15,Corporate,South,Furniture,Tables,443.78,1,0.0,150.53
US-03317,2016-11-10,2016-11-12,Consumer,West,Furniture,Tables,2905.68,2,0.15,681.64
US-03614,2016-11-10,2016-11-14,Consumer,South,Furniture,Bookcases,1431.21,3,0.4,-471.36
US-04381,2016-11-10,2016-11-12,Consumer,Central,Office Supplies,Labels,59.13,3,0.0,20.56
US-04388,2016-11-10,2016-11-12,Home Office,West,Technology,Copiers,1143.7,2,0.0,339.59
US-04388,2016-11-10,2016-11-13,Consumer,South,Office Supplies,Envelopes,103.49,5,0.0,10.0
US-04601,2016-11-10,2016-11-12,Home Office,East,Office Supplies,Paper,518.11,3,0.0,101.95
US-00119,2016-11-11,2016-11-16,Corporate,East,Furniture,Bookcases,796.43,2,0.0,150.3
US-01479,2016-11-11,2016-11-12,Home Office,Central,Office Supplies,Art,186.99,2,0.15,-5.88
US-01479,2016-11-11,2016-11-16,Consumer,East,Furniture,Chairs,76.7,1,0.0,26.42
US-00770,2016-11-12,2016-11-16,Consumer,East,Technology,Copiers,1520.14,1,0.1,-22.29
US-02563,2016-11-12,2016-11-12,Corporate,South,Technology,Machines,2931.63,2,0.0,555.02
US-02563,2016-11-12,2016-11-13,Consumer,South,Furniture,Furnishings,32.07,1,0.1,-0.71
US-02563,2016-11-12,2016-11-13,Consumer,South,Furniture,Chairs,1797.26,5,0.15,260.48
US-02907,2016-11-12,2016-11-16,Consumer,South,Technology,Machines,1538.85,4,0.0,534.97
US-02907,2016-11-12,2016-11-12,Consumer,West,Furniture,Tables,1932.76,2,0.15,185.55
US-03434,2016-11-12,2016-11-15,Corporate,East,Office Supplies,Envelopes,139.51,3,0.0,17.57
US-03434,2016-11-12,2016-11-15,Consumer,Central,Technology,Machines,1055.27,1,0.0,113.38
US-04787,2016-11-12,2016-11-17,Corporate,East,Office Supplies,Envelopes,18.47,1,0.15,2.53
US-04787,2016-11-12,2016-11-16,Home Office,Central,Office Supplies,Labels,79.99,3,0.0,14.89
US-00403,2016-11-13,2016-11-13,Consumer,West,Technology,Phones,526.17,2,0.1,17.58
US-00403,2016-11-13,2016-11-13,Home Office,West,Office Supplies,Storage,389.39,1,0.1,0.89
US-00403,2016-11-13,2016-11-19,Corporate,South,Office Supplies,Supplies,72.55,3,0.0,9.32
US-02345,2016-11-13,2016-11-19,Home Office,Central,Technology,Machines,1690.08,2,0.0,163.92
US-03577,2016-11-13,2016-11-15,Corporate,South,Office Supplies,Storage,389.96,5,0.1,-2.13
US-04481,2016-11-13,2016-11-14,Corporate,East,Furniture,Furnishings,61.26,1,0.0,11.8
US-01111,2016-11-14,2016-11-17,Corporate,West,Office Supplies,Labels,13.52,1,0.15,-0.24
US-01338,2016-11-14,2016-11-20,Corporate,East,Furniture,Tables,853.1,1,0.0,254.17
US-01338,2016-11-14,2016-11-20,Consumer,Central,Technology,Phones,627.78,1,0.0,147.76
US-01482,2016-11-14,2016-11-17,Home Office,South,Technology,Phones,573.57,1,0.1,57.63
US-01482,2016-11-14,2016-11-15,Consumer,Central,Office Supplies,Storage,1300.12,4,0.0,328.4
US-01694,2016-11-14,2016-11-19,Consumer,East,Furniture,Tables,1407.24,2,0.0,212.99
US-00232,2016-11-15,2016-11-20,Home Office,East,Technology,Machines,842.4,2,0.0,129.38
US-00232,2016-11-15,2016-11-20,Home Office,Central,Office Supplies,Binders,217.45,3,0.0,48.89
US-04264,2016-11-15,2016-11-18,Consumer,South,Office Supplies,Labels,35.34,1,0.15,6.5
US-04264,2016-11-15,2016-11-18,Corporate,Central,Technology,Accessories,382.93,1,0.15,-29.4
US-04264,2016-11-15,2016-11-18,Home Office,Central,Office Supplies,Binders,321.45,4,0.1,-11.74
US-00565,2016-11-16,2016-11-18,Corporate,East,Furniture,Furnishings,162.25,1,0.0,19.01
US-04722,2016-11-16,2016-11-18,Consumer,East,Office Supplies,Supplies,264.4,5,0.0,75.55
US-00064,2016-11-17,2016-11-20,Home Office,East,Furniture,Tables,1429.04,1,0.15,257.72
US-00064,2016-11-17,2016-11-17,Consumer,South,Office Supplies,Appliances,1361.79,2,0.0,359.13
US-02164,2016-11-17,2016-11-19,Home Office,South,Furniture,Tables,2850.88,2,0.0,973.74
US-02164,2016-11-17,2016-11-18,Home Office,Central,Office Supplies,Envelopes,34.6,5,0.1,1.43
US-02164,2016-11-17,2016-11-20,Consumer,East,Office Supplies,Fasteners,21.47,1,0.0,2.67
US-02885,2016-11-17,2016-11-18,Home Office,South,Furniture,Bookcases,359.88,1,0.0,21.62
US-02885,2016-11-17,2016-11-20,Corporate,East,Office Supplies,Labels,31.99,1,0.15,2.09
US-00236,2016-11-18,2016-11-23,Corporate,Central,Technology,Accessories,227.07,1,0.0,28.73
US-00236,2016-11-18,2016-11-24,Consumer,Central,Office Supplies,Appliances,1456.7,3,0.1,337.75
US-00236,2016-11-18,2016-11-22,Consumer,Central,Furniture,Furnishings,1360.95,5,0.0,389.06
US-02961,2016-11-18,2016-11-23,Corporate,Central,Technology,Phones,2138.93,4,0.0,218.64
US-02961,2016-11-18,2016-11-18,Corporate,West,Furniture,Bookcases,911.71,2,0.0,273.95
US-03509,2016-11-19,2016-11-22,Corporate,West,Technology,Machines,1260.86,4,0.0,272.56
US-03509,2016-11-19,2016-11-23,Home Office,Central,Office Supplies,Storage,107.71,1,0.1,18.74
US-03599,2016-11-19,2016-11-23,Consumer,Central,Office Supplies,Appliances,1830.16,3,0.0,471.05
US-03599,2016-11-19,2016-11-19,Corporate,West,Technology,Accessories,212.51,2,0.1,46.65
US-03837,2016-11-19,2016-11-19,Corporate,East,Office Supplies,Fasteners,29.06,1,0.0,1.61
US-04935,2016-11-19,2016-11-24,Consumer,West,Technology,Phones,855.28,1,0.15,93.63
US-01067,2016-11-20,2016-11-20,Consumer,East,Office Supplies,Supplies,18.84,1,0.0,1.99
US-01629,2016-11-20,2016-11-22,Consumer,Central,Furniture,Tables,317.88,1,0.15,-7.87
US-02968,2016-11-20,2016-11-22,Consumer,South,Office Supplies,Supplies,177.33,2,0.0,51.59
US-02968,2016-11-20,2016-11-22,Home Office,West,Office Supplies,Labels,7.69,3,0.1,1.09
US-03404,2016-11-20,2016-11-21,Consumer,South,Office Supplies,Supplies,143.34,2,0.5,-15.71
US-03436,2016-11-20,2016-11-25,Corporate,West,Office Supplies,Paper,59.86,2,0.15,4.82
US-03436,2016-11-20,2016-11-23,Consumer,East,Furniture,Tables,617.09,2,0.5,-45.21
US-00539,2016-11-21,2016-11-22,Consumer,South,Office Supplies,Paper,56.55,1,0.0,7.96
US-02376,2016-11-21,2016-11-23,Corporate,South,Office Supplies,Paper,30.35,2,0.0,6.06
US-02376,2016-11-21,2016-11-22,Home Office,Central,Office Supplies,Appliances,236.4,1,0.0,61.77
US-02621,2016-11-21,2016-11-26,Consumer,South,Office Supplies,Fasteners,23.36,2,0.15,1.84
US-02621,2016-11-21,2016-11-21,Consumer,East,Furniture,Chairs,717.31,1,0.4,-85.66
US-02813,2016-11-21,2016-11-26,Consumer,Central,Office Supplies,Envelopes,41.04,1,0.1,-1.02
US-03329,2016-11-22,2016-11-28,Corporate,West,Technology,Phones,98.78,1,0.1,10.83
US-02082,2016-11-23,2016-11-24,Corporate,South,Office Supplies,Paper,285.45,2,0.0,97.51
US-03248,2016-11-23,2016-11-25,Consumer,South,Office Supplies,Supplies,143.47,5,0.4,-11.86
US-03248,2016-11-23,2016-11-28,Consumer,South,Furniture,Tables,4173.02,4,0.0,985.46
US-03779,2016-11-23,2016-11-25,Consumer,South,Furniture,Bookcases,936.81,2,0.0,175.1
US-01829,2016-11-24,2016-11-29,Home Office,West,Office Supplies,Storage,292.94,1,0.0,81.32
US-01829,2016-11-24,2016-11-27,Corporate,Central,Technology,Machines,671.91,1,0.0,222.16
US-03359,2016-11-24,2016-11-28,Home Office,East,Office Supplies,Art,798.52,3,0.0,96.52
US-03359,2016-11-24,2016-11-27,Corporate,West,Office Supplies,Labels,15.8,1,0.0,1.24
US-03359,2016-11-24,2016-11-29,Corporate,South,Technology,Machines,734.81,2,0.4,-134.62
US-01657,2016-11-25,2016-11-25,Home Office,South,Office Supplies,Labels,24.68,2,0.0,7.01
US-01657,2016-11-25,2016-11-26,Corporate,Central,Furniture,Furnishings,368.14,1,0.15,-18.27
US-01715,2016-11-25,2016-11-30,Home Office,West,Office Supplies,Envelopes,34.07,3,0.4,-3.95
US-01715,2016-11-25,2016-11-30,Home Office,South,Furniture,Tables,3296.09,4,0.0,353.94
US-04434,2016-11-25,2016-11-25,Home Office,Central,Technology,Copiers,1307.18,2,0.1,-14.58
US-00650,2016-11-26,2016-11-28,Corporate,South,Office Supplies,Supplies,127.54,2,0.3,-15.55
US-03519,2016-11-26,2016-12-02,Corporate,East,Office Supplies,Appliances,597.44,3,0.0,190.27
US-01813,2016-11-27,2016-11-30,Consumer,East,Office Supplies,Appliances,697.37,2,0.0,95.78
US-01813,2016-11-27,2016-12-02,Consumer,Central,Furniture,Furnishings,255.71,1,0.0,75.57
US-03925,2016-11-27,2016-11-27,Consumer,Central,Technology,Phones,455.3,1,0.0,136.0
US-01173,2016-11-28,2016-12-04,Consumer,Central,Furniture,Furnishings,972.08,4,0.0,157.73
US-01919,2016-11-28,2016-11-30,Consumer,East,Technology,Accessories,1374.68,4,0.2,-134.0
US-02204,2016-11-28,2016-12-01,Home Office,Central,Office Supplies,Labels,19.36,1,0.0,3.51
US-03101,2016-11-29,2016-12-03,Consumer,East,Furniture,Tables,419.36,2,0.0,28.06
US-03826,2016-11-29,2016-12-05,Corporate,West,Furniture,Chairs,656.27,2,0.5,-193.65
US-03826,2016-11-29,2016-11-30,Corporate,South,Furniture,Bookcases,850.04,2,0.0,114.85
US-03826,2016-11-29,2016-12-04,Home Office,South,Office Supplies,Labels,12.33,1,0.1,3.0
US-02848,2016-11-30,2016-12-02,Corporate,East,Technology,Accessories,792.22,2,0.1,35.65
US-02879,2016-11-30,2016-12-06,Corporate,Central,Technology,Phones,776.72,1,0.0,116.92
US-03547,2016-11-30,2016-12-01,Home Office,South,Office Supplies,Envelopes,11.33,1,0.2,-0.24
US-04064,2016-11-30,2016-12-02,Home Office,West,Technology,Phones,196.34,2,0.0,65.02
US-04064,2016-11-30,2016-12-02,Home Office,South,Office Supplies,Envelopes,63.13,2,0.3,-10.75
US-04205,2016-11-30,2016-12-03,Consumer,South,Office Supplies,Supplies,19.88,3,0.0,1.33
US-04205,2016-11-30,2016-12-01,Consumer,East,Technology,Machines,376.73,1,0.0,108.03
US-00381,2016-12-02,2016-12-07,Corporate,South,Office Supplies,Appliances,1552.54,2,0.0,239.11
US-00381,2016-12-02,2016-12-04,Consumer,West,Technology,Copiers,1769.23,1,0.4,-127.16
US-02970,2016-12-02,2016-12-07,Home Office,East,Technology,Phones,696.05,1,0.1,62.29
US-02970,2016-12-02,2016-12-07,Home Office,Central,Furniture,Tables,2998.15,2,0.0,496.53
US-02970,2016-12-02,2016-12-05,Consumer,East,Technology,Copiers,7604.07,4,0.0,1422.86
US-03996,2016-12-02,2016-12-07,Home Office,East,Furniture,Chairs,682.14,1,0.0,65.64
US-00327,2016-12-03,2016-12-04,Home Office,West,Technology,Machines,1293.46,3,0.15,264.23
US-01212,2016-12-03,2016-12-05,Corporate,West,Office Supplies,Binders,107.47,2,0.3,2.87
US-01212,2016-12-03,2016-12-05,Home Office,South,Office Supplies,Storage,94.59,1,0.0,9.95
US-01512,2016-12-03,2016-12-07,Consumer,South,Technology,Copiers,1272.84,4,0.15,253.94
US-01512,2016-12-03,2016-12-07,Corporate,Central,Technology,Copiers,1358.52,1,0.0,201.26
US-01914,2016-12-03,2016-12-03,Corporate,Central,Furniture,Chairs,370.51,1,0.0,119.09
US-03698,2016-12-03,2016-12-08,Home Office,Central,Technology,Copiers,646.65,1,0.0,126.84
US-04634,2016-12-03,2016-12-09,Corporate,East,Technology,Phones,2484.24,3,0.5,-899.25
US-04634,2016-12-03,2016-12-04,Home Office,East,Office Supplies,Appliances,727.07,1,0.15,-14.55
US-00414,2016-12-04,2016-12-08,Corporate,South,Office Supplies,Supplies,89.03,1,0.0,26.0
US-00414,2016-12-04,2016-12-08,Corporate,East,Office Supplies,Envelopes,9.78,1,0.4,-0.87
US-00414,2016-12-04,2016-12-05,Home Office,West,Technology,Machines,1154.52,2,0.1,262.58
US-02140,2016-12-04,2016-12-05,Home Office,East,Technology,Copiers,889.87,1,0.1,7.16
US-03228,2016-12-04,2016-12-10,Home Office,Central,Office Supplies,Storage,297.56,1,0.0,76.12
US-03799,2016-12-04,2016-12-10,Consumer,East,Furniture,Bookcases,698.4,5,0.15,11.85
US-03799,2016-12-04,2016-12-04,Home Office,Central,Office Supplies,Labels,71.79,2,0.1,9.73
US-03799,2016-12-04,2016-12-05,Consumer,South,Technology,Machines,2754.13,2,0.15,60.15
US-04588,2016-12-04,2016-12-09,Corporate,South,Furniture,Furnishings,74.41,2,0.0,5.65
US-01677,2016-12-05,2016-12-08,Corporate,Central,Technology,Copiers,7818.4,4,0.0,1429.79
US-03203,2016-12-05,2016-12-10,Home Office,Central,Office Supplies,Appliances,1524.85,3,0.0,244.23
US-04221,2016-12-05,2016-12-08,Corporate,East,Technology,Copiers,4736.12,3,0.0,1454.62
US-00015,2016-12-06,2016-12-12,Consumer,Central,Furniture,Furnishings,134.57,1,0.1,9.13
US-01335,2016-12-06,2016-12-12,Corporate,West,Technology,Copiers,913.12,1,0.0,169.3
US-01335,2016-12-06,2016-12-12,Corporate,South,Furniture,Tables,1303.8,1,0.2,156.36
US-01335,2016-12-06,2016-12-06,Corporate,Central,Office Supplies,Art,265.86,1,0.0,54.57
US-02430,2016-12-06,2016-12-08,Home Office,West,Office Supplies,Supplies,129.3,3,0.2,-20.21
US-02928,2016-12-06,2016-12-08,Consumer,East,Technology,Accessories,1254.6,5,0.0,144.1
US-00347,2016-12-07,2016-12-11,Consumer,South,Office Supplies,Art,578.68,3,0.1,96.92
US-01838,2016-12-07,2016-12-12,Corporate,West,Office Supplies,Paper,183.15,1,0.4,-42.72
US-01838,2016-12-07,2016-12-08,Consumer,East,Office Supplies,Fasteners,119.28,4,0.5,-9.29
US-01838,2016-12-07,2016-12-07,Home Office,East,Technology,Accessories,337.5,1,0.1,34.87
US-02135,2016-12-07,2016-12-10,Corporate,East,Technology,Accessories,527.13,2,0.3,14.81
US-03562,2016-12-07,2016-12-08,Consumer,Central,Furniture,Bookcases,1073.93,3,0.0,268.2
US-03562,2016-12-07,2016-12-07,Home Office,West,Furniture,Tables,1408.71,2,0.0,379.39
US-03932,2016-12-07,2016-12-12,Consumer,Central,Office Supplies,Supplies,72.94,2,0.0,15.04
US-04867,2016-12-07,2016-12-12,Corporate,East,Furniture,Furnishings,428.29,1,0.1,-12.9
US-00330,2016-12-08,2016-12-11,Consumer,West,Furniture,Furnishings,2073.13,5,0.1,-22.61
US-00330,2016-12-08,2016-12-08,Consumer,Central,Furniture,Bookcases,1974.15,3,0.0,150.28
US-00991,2016-12-08,2016-12-12,Home Office,East,Furniture,Bookcases,549.81,1,0.0,66.25
US-00991,2016-12-08,2016-12-11,Corporate,East,Office Supplies,Labels,179.14,5,0.0,58.02
US-03015,2016-12-09,2016-12-09,Home Office,South,Furniture,Tables,1128.19,2,0.0,229.12
US-04446,2016-12-09,2016-12-13,Corporate,Central,Technology,Machines,1146.29,3,0.0,272.94
US-00957,2016-12-10,2016-12-16,Home Office,West,Office Supplies,Fasteners,5.24,1,0.0,1.51
US-01389,2016-12-10,2016-12-12,Corporate,South,Office Supplies,Supplies,483.1,5,0.2,19.96
US-01389,2016-12-10,2016-12-13,Home Office,East,Furniture,Bookcases,200.78,1,0.1,6.47
US-01932,2016-12-10,2016-12-10,Consumer,South,Office Supplies,Paper,593.86,3,0.0,122.11
US-02288,2016-12-10,2016-12-11,Consumer,South,Technology,Copiers,5412.07,4,0.0,938.67
US-02288,2016-12-10,2016-12-14,Home Office,Central,Furniture,Bookcases,583.53,1,0.0,174.45
US-02644,2016-12-10,2016-12-13,Corporate,West,Office Supplies,Envelopes,67.53,2,0.0,8.54
US-02644,2016-12-10,2016-12-11,Home Office,West,Technology,Phones,222.95,1,0.15,17.04
US-02758,2016-12-10,2016-12-12,Corporate,South,Technology,Copiers,605.23,3,0.0,75.99
US-02758,2016-12-10,2016-12-16,Corporate,West,Technology,Phones,999.53,3,0.0,284.4
US-03398,2016-12-10,2016-12-11,Corporate,South,Technology,Accessories,140.7,2,0.2,19.67
US-03512,2016-12-10,2016-12-12,Corporate,West,Technology,Copiers,2082.31,2,0.0,654.04
US-01966,2016-12-11,2016-12-15,Home Office,East,Technology,Copiers,1115.4,2,0.3,38.96
US-01966,2016-12-11,2016-12-11,Home Office,South,Technology,Phones,922.51,3,0.0,300.41
US-01966,2016-12-11,2016-12-12,Consumer,West,Furniture,Tables,5831.47,4,0.0,293.86
US-03332,2016-12-11,2016-12-16,Consumer,East,Technology,Phones,870.1,1,0.0,182.13
US-03332,2016-12-11,2016-12-15,Consumer,South,Office Supplies,Art,144.38,1,0.0,11.35
US-03795,2016-12-11,2016-12-11,Consumer,South,Office Supplies,Binders,37.44,1,0.2,-4.53
US-03795,2016-12-11,2016-12-14,Home Office,South,Office Supplies,Appliances,520.88,1,0.15,10.11
US-04550,2016-12-11,2016-12-13,Home Office,West,Office Supplies,Binders,29.64,1,0.2,-3.84
US-00323,2016-12-12,2016-12-17,Consumer,South,Furniture,Furnishings,538.92,2,0.0,56.03
US-00953,2016-12-13,2016-12-19,Consumer,Central,Office Supplies,Fasteners,8.32,1,0.0,2.51
US-02794,2016-12-13,2016-12-15,Corporate,West,Office Supplies,Appliances,549.45,1,0.0,96.06
US-03704,2016-12-13,2016-12-17,Corporate,East,Furniture,Tables,1366.89,2,0.15,-67.26
US-03704,2016-12-13,2016-12-16,Corporate,East,Office Supplies,Appliances,1822.98,5,0.0,301.65
US-01644,2016-12-15,2016-12-20,Corporate,East,Technology,Copiers,1100.49,4,0.0,196.03
US-01644,2016-12-15,2016-12-19,Corporate,South,Office Supplies,Paper,262.87,2,0.1,25.52
US-02977,2016-12-15,2016-12-17,Corporate,South,Technology,Copiers,5353.41,5,0.15,1051.82
US-04940,2016-12-16,2016-12-20,Home Office,Central,Office Supplies,Fasteners,15.3,1,0.0,1.15
US-04940,2016-12-16,2016-12-22,Home Office,South,Technology,Phones,4048.0,5,0.0,1231.95
US-04940,2016-12-16,2016-12-19,Home Office,West,Office Supplies,Envelopes,93.94,2,0.0,19.51
US-00457,2016-12-17,2016-12-18,Consumer,West,Furniture,Furnishings,980.59,2,0.0,102.77
US-02192,2016-12-17,2016-12-17,Consumer,East,Furniture,Chairs,329.68,1,0.0,52.47
US-02712,2016-12-17,2016-12-20,Home Office,South,Technology,Machines,547.93,3,0.1,83.08
US-03103,2016-12-17,2016-12-23,Corporate,West,Furniture,Furnishings,283.01,1,0.4,-11.16
US-03886,2016-12-17,2016-12-22,Corporate,West,Furniture,Bookcases,1740.83,3,0.0,290.03
US-03886,2016-12-17,2016-12-17,Consumer,West,Office Supplies,Art,125.24,1,0.0,13.54
US-04655,2016-12-17,2016-12-22,Corporate,Central,Furniture,Bookcases,1152.13,2,0.0,312.84
US-04655,2016-12-17,2016-12-21,Home Office,East,Furniture,Bookcases,1787.93,4,0.0,304.52
US-04655,2016-12-17,2016-12-23,Corporate,West,Technology,Machines,2115.52,2,0.0,509.51
US-03192,2016-12-18,2016-12-18,Home Office,Central,Office Supplies,Supplies,175.46,2,0.1,23.11
US-03269,2016-12-18,2016-12-21,Consumer,East,Office Supplies,Appliances,643.81,1,0.0,167.94
US-03269,2016-12-18,2016-12-19,Corporate,Central,Furniture,Chairs,1549.97,3,0.2,82.72
US-04033,2016-12-18,2016-12-19,Consumer,West,Furniture,Bookcases,431.84,1,0.3,-93.7
US-04449,2016-12-18,2016-12-24,Corporate,West,Furniture,Chairs,1418.43,2,0.2,19.91
US-01128,2016-12-19,2016-12-20,Corporate,East,Office Supplies,Art,273.45,1,0.0,64.73
US-01128,2016-12-19,2016-12-21,Consumer,West,Furniture,Tables,981.21,1,0.15,146.65
US-02174,2016-12-19,2016-12-19,Consumer,South,Office Supplies,Envelopes,26.22,1,0.15,-1.23
US-02381,2016-12-19,2016-12-25,Consumer,South,Furniture,Chairs,1421.57,3,0.0,488.07
US-00987,2016-12-20,2016-12-20,Consumer,East,Office Supplies,Labels,173.49,5,0.0,45.66
US-01416,2016-12-20,2016-12-22,Corporate,East,Office Supplies,Art,95.52,1,0.0,15.14
US-01851,2016-12-20,2016-12-20,Consumer,West,Office Supplies,Supplies,42.46,1,0.2,1.43
US-01851,2016-12-20,2016-12-25,Corporate,Central,Technology,Machines,1109.22,1,0.0,123.51
US-01901,2016-12-20,2016-12-23,Corporate,East,Furniture,Chairs,898.74,2,0.1,140.37
US-03353,2016-12-20,2016-12-26,Home Office,West,Technology,Copiers,1499.23,3,0.0,195.44
US-03353,2016-12-20,2016-12-24,Corporate,South,Office Supplies,Storage,311.24,2,0.0,44.68
US-00353,2016-12-21,2016-12-23,Consumer,Central,Office Supplies,Appliances,1531.65,2,0.3,133.5
US-02999,2016-12-21,2016-12-27,Corporate,South,Technology,Phones,975.72,2,0.0,245.46
US-03237,2016-12-21,2016-12-21,Home Office,West,Office Supplies,Binders,60.03,1,0.0,7.43
US-00070,2016-12-22,2016-12-22,Corporate,Central,Technology,Phones,183.8,1,0.0,61.1
US-02224,2016-12-22,2016-12-26,Home Office,West,Office Supplies,Supplies,244.86,4,0.15,56.22
US-04184,2016-12-22,2016-12-23,Corporate,West,Office Supplies,Appliances,981.9,2,0.3,-105.64
US-04184,2016-12-22,2016-12-28,Corporate,East,Office Supplies,Storage,1069.59,5,0.15,212.19
US-01122,2016-12-23,2016-12-25,Consumer,West,Office Supplies,Binders,37.63,3,0.0,12.22
US-01202,2016-12-23,2016-12-23,Home Office,West,Furniture,Tables,481.2,2,0.0,77.81
US-01202,2016-12-23,2016-12-26,Corporate,Central,Technology,Machines,655.12,2,0.0,127.87
US-01408,2016-12-23,2016-12-25,Home Office,West,Office Supplies,Fasteners,24.02,2,0.0,3.54
US-01408,2016-12-23,2016-12-26,Consumer,South,Office Supplies,Fasteners,28.12,1,0.2,4.83
US-01662,2016-12-23,2016-12-28,Home Office,West,Office Supplies,Fasteners,47.49,2,0.0,12.94
US-01662,2016-12-23,2016-12-28,Corporate,West,Furniture,Bookcases,368.31,1,0.2,68.83
US-02339,2016-12-23,2016-12-28,Home Office,South,Technology,Phones,1021.43,2,0.0,299.69
US-02538,2016-12-23,2016-12-29,Home Office,East,Furniture,Bookcases,355.98,1,0.5,-76.3
US-02538,2016-12-23,2016-12-23,Consumer,South,Technology,Accessories,1186.53,4,0.0,67.56
US-03532,2016-12-23,2016-12-28,Consumer,Central,Technology,Phones,131.37,1,0.0,39.64
US-03532,2016-12-23,2016-12-26,Home Office,East,Furniture,Bookcases,2404.76,4,0.1,278.32
US-01135,2016-12-24,2016-12-28,Home Office,South,Technology,Phones,1137.65,4,0.0,285.21
US-01135,2016-12-24,2016-12-29,Home Office,Central,Office Supplies,Art,212.26,4,0.0,59.95
US-03076,2016-12-24,2016-12-26,Corporate,South,Furniture,Furnishings,1433.93,4,0.3,-225.83
US-03076,2016-12-24,2016-12-27,Corporate,East,Office Supplies,Paper,26.86,2,0.0,2.55
US-03113,2016-12-24,2016-12-29,Home Office,West,Technology,Machines,577.07,3,0.3,-0.4
US-04949,2016-12-24,2016-12-24,Consumer,Central,Technology,Accessories,45.66,1,0.0,7.3
US-00379,2016-12-25,2016-12-25,Corporate,South,Office Supplies,Supplies,191.97,3,0.4,-32.79
US-01904,2016-12-25,2016-12-27,Home Office,Central,Furniture,Chairs,595.88,1,0.15,5.46
US-03370,2016-12-25,2016-12-30,Home Office,South,Office Supplies,Supplies,176.53,2,0.0,14.01
US-04659,2016-12-25,2016-12-28,Corporate,West,Office Supplies,Binders,210.43,5,0.5,-11.42
US-04659,2016-12-25,2016-12-28,Corporate,West,Technology,Machines,1773.25,4,0.0,291.42
US-00352,2016-12-26,2016-12-31,Corporate,Central,Technology,Phones,693.51,4,0.0,227.59
US-01413,2016-12-26,2016-12-28,Home Office,Central,Furniture,Furnishings,478.72,1,0.0,97.68
US-02806,2016-12-26,2016-12-31,Home Office,Central,Technology,Copiers,2403.25,2,0.15,94.55
US-02806,2016-12-26,2016-12-26,Home Office,South,Office Supplies,Envelopes,45.49,1,0.1,-2.58
US-02806,2016-12-26,2016-12-30,Corporate,East,Furniture,Tables,2422.58,2,0.0,406.28
US-04489,2016-12-26,2016-12-31,Home Office,South,Office Supplies,Appliances,450.33,2,0.0,151.05
US-04489,2016-12-26,2016-12-27,Home Office,East,Furniture,Chairs,775.12,3,0.1,127.17
US-04846,2016-12-26,2016-12-28,Consumer,Central,Office Supplies,Storage,99.89,1,0.0,10.7
US-00771,2016-12-27,2017-01-02,Home Office,East,Furniture,Chairs,337.11,1,0.0,81.01
US-01896,2016-12-27,2016-12-28,Consumer,East,Office Supplies,Paper,393.67,4,0.2,49.01
US-03505,2016-12-27,2016-12-29,Corporate,West,Furniture,Tables,3596.16,4,0.0,1005.14
US-04217,2016-12-27,2016-12-31,Corporate,East,Office Supplies,Supplies,286.08,3,0.4,-35.14
US-04366,2016-12-27,2016-12-29,Corporate,Central,Technology,Copiers,2749.57,2,0.15,89.01
US-00689,2016-12-28,2017-01-01,Consumer,South,Furniture,Tables,5729.12,5,0.15,812.88
US-00689,2016-12-28,2016-12-28,Consumer,South,Office Supplies,Paper,160.53,2,0.1,6.91
US-00689,2016-12-28,2017-01-03,Consumer,South,Technology,Copiers,1268.14,1,0.0,382.24
US-01334,2016-12-28,2017-01-01,Consumer,Central,Technology,Phones,930.84,2,0.0,72.75
US-01467,2016-12-28,2016-12-31,Corporate,East,Furniture,Furnishings,2280.73,5,0.0,749.97
US-01692,2016-12-28,2016-12-28,Home Office,South,Office Supplies,Fasteners,22.31,1,0.0,1.74
US-02510,2016-12-28,2017-01-01,Consumer,West,Office Supplies,Supplies,65.26,3,0.0,11.19
US-00233,2016-12-29,2016-12-30,Consumer,West,Technology,Phones,71.48,1,0.1,0.53
US-01198,2016-12-29,2016-12-31,Corporate,West,Technology,Machines,1219.65,1,0.1,220.21
US-01198,2016-12-29,2016-12-29,Consumer,East,Office Supplies,Art,627.78,5,0.0,106.76
US-02637,2016-12-29,2017-01-04,Consumer,Central,Technology,Copiers,547.0,1,0.0,137.95
US-03413,2016-12-29,2017-01-02,Corporate,West,Office Supplies,Supplies,45.57,1,0.5,-8.13
US-03413,2016-12-29,2017-01-02,Corporate,East,Technology,Phones,381.15,1,0.0,113.62
US-03508,2016-12-29,2016-12-31,Corporate,West,Furniture,Furnishings,899.55,2,0.2,29.17
US-03508,2016-12-29,2017-01-02,Corporate,West,Office Supplies,Supplies,75.15,1,0.0,13.04
US-04425,2016-12-29,2017-01-03,Consumer,East,Office Supplies,Paper,57.44,2,0.0,12.33
US-03019,2016-12-30,2017-01-04,Corporate,Central,Office Supplies,Binders,234.02,3,0.0,41.77
US-03048,2016-12-30,2017-01-02,Consumer,South,Furniture,Chairs,306.03,1,0.0,22.1
US-03048,2016-12-30,2016-12-31,Consumer,West,Furniture,Bookcases,1356.87,2,0.0,410.67
US-03048,2016-12-30,2017-01-05,Home Office,West,Furniture,Furnishings,540.66,3,0.1,23.2
US-01709,2016-12-31,2017-01-01,Corporate,West,Office Supplies,Appliances,2562.34,4,0.0,879.77
US-02586,2016-12-31,2017-01-06,Home Office,South,Furniture,Bookcases,673.47,1,0.0,219.99
US-02586,2016-12-31,2017-01-06,Corporate,South,Technology,Accessories,349.72,1,0.0,97.14
US-03724,2016-12-31,2017-01-03,Home Office,West,Furniture,Furnishings,288.56,1,0.1,45.07
US-03724,2016-12-31,2017-01-06,Home Office,West,Furniture,Tables,1104.57,1,0.0,63.28
US-02059,2017-01-01,2017-01-04,Home Office,South,Furniture,Tables,1382.94,1,0.5,-419.38
US-02059,2017-01-01,2017-01-02,Consumer,West,Furniture,Chairs,392.13,1,0.15,87.22
US-03643,2017-01-01,2017-01-02,Home Office,West,Technology,Accessories,231.06,2,0.0,57.68
US-03643,2017-01-01,2017-01-05,Home Office,East,Office Supplies,Art,12.85,1,0.5,-4.76
US-04415,2017-01-01,2017-01-07,Corporate,East,Technology,Machines,1431.44,1,0.15,334.59
US-04415,2017-01-01,2017-01-04,Home Office,South,Office Supplies,Art,129.94,2,0.0,36.39
US-04415,2017-01-01,2017-01-01,Home Office,Central,Furniture,Chairs,1634.65,3,0.0,142.67
US-00039,2017-01-02,2017-01-02,Consumer,East,Office Supplies,Binders,75.17,1,0.0,20.9
US-01208,2017-01-02,2017-01-07,Home Office,Central,Office Supplies,Envelopes,87.35,3,0.0,12.88
US-01208,2017-01-02,2017-01-05,Consumer,Central,Furniture,Furnishings,68.67,1,0.0,13.51
US-01734,2017-01-02,2017-01-06,Home Office,Central,Office Supplies,Art,1402.26,5,0.0,217.57
US-02515,2017-01-02,2017-01-04,Consumer,West,Office Supplies,Fasteners,59.01,2,0.0,8.66
US-02515,2017-01-02,2017-01-04,Home Office,East,Office Supplies,Envelopes,143.61,3,0.0,9.85
US-03549,2017-01-03,2017-01-08,Home Office,West,Office Supplies,Labels,34.86,3,0.0,3.58
US-03549,2017-01-03,2017-01-08,Home Office,West,Office Supplies,Fasteners,18.42,1,0.0,6.41
US-03162,2017-01-04,2017-01-09,Consumer,East,Technology,Phones,170.43,3,0.0,44.62
US-03162,2017-01-04,2017-01-04,Home Office,Central,Technology,Accessories,252.87,1,0.0,28.82
US-03589,2017-01-04,2017-01-05,Home Office,South,Office Supplies,Labels,62.91,3,0.0,20.21
US-03589,2017-01-04,2017-01-09,Consumer,Central,Furniture,Tables,1790.46,2,0.0,561.48
US-03589,2017-01-04,2017-01-10,Corporate,Central,Technology,Accessories,1117.99,3,0.0,97.81
US-03671,2017-01-04,2017-01-10,Corporate,West,Furniture,Bookcases,509.03,4,0.0,41.95
US-03671,2017-01-04,2017-01-06,Home Office,Central,Office Supplies,Paper,586.35,3,0.0,195.68
US-00060,2017-01-05,2017-01-09,Corporate,South,Technology,Phones,1647.72,3,0.3,-129.51
US-00462,2017-01-05,2017-01-05,Corporate,West,Office Supplies,Supplies,10.19,2,0.2,-1.01
US-00462,2017-01-05,2017-01-09,Corporate,Central,Technology,Phones,763.56,1,0.0,183.0
US-01097,2017-01-05,2017-01-07,Home Office,East,Technology,Accessories,535.96,2,0.15,9.33
US-01311,2017-01-05,2017-01-05,Consumer,East,Technology,Copiers,5090.93,3,0.15,-459.35
US-03093,2017-01-05,2017-01-08,Consumer,Central,Office Supplies,Labels,62.47,4,0.0,14.26
US-03240,2017-01-05,2017-01-10,Corporate,South,Office Supplies,Storage,322.56,2,0.15,6.47
US-03284,2017-01-05,2017-01-10,Corporate,West,Technology,Accessories,1004.07,3,0.15,-35.47
US-04945,2017-01-05,2017-01-09,Consumer,Central,Office Supplies,Binders,230.11,3,0.0,26.4
US-01535,2017-01-06,2017-01-08,Corporate,Central,Office Supplies,Appliances,473.01,1,0.0,99.63
US-01535,2017-01-06,2017-01-12,Corporate,East,Office Supplies,Storage,924.28,5,0.2,55.98
US-01733,2017-01-06,2017-01-10,Corporate,South,Furniture,Bookcases,487.0,1,0.0,100.76
US-02722,2017-01-06,2017-01-10,Consumer,West,Furniture,Chairs,698.04,1,0.0,164.26
US-00857,2017-01-08,2017-01-14,Home Office,Central,Office Supplies,Paper,571.0,3,0.5,-241.52
US-02271,2017-01-08,2017-01-09,Consumer,Central,Office Supplies,Envelopes,38.99,1,0.0,6.66
US-02639,2017-01-08,2017-01-11,Home Office,Central,Furniture,Chairs,290.91,1,0.4,-26.96
US-04343,2017-01-08,2017-01-13,Corporate,Central,Technology,Accessories,510.75,2,0.3,13.88
US-04343,2017-01-08,2017-01-09,Home Office,East,Office Supplies,Art,277.22,1,0.0,90.44
US-04343,2017-01-08,2017-01-10,Corporate,West,Technology,Accessories,115.13,1,0.0,10.87
US-00031,2017-01-09,2017-01-09,Consumer,West,Technology,Machines,3613.99,3,0.15,863.57
US-03949,2017-01-09,2017-01-15,Consumer,West,Office Supplies,Binders,101.23,2,0.4,-5.49
US-03949,2017-01-09,2017-01-12,Consumer,West,Technology,Copiers,890.34,2,0.15,106.15
US-04171,2017-01-09,2017-01-15,Corporate,Central,Office Supplies,Supplies,8.54,1,0.2,-0.52
US-04237,2017-01-09,2017-01-12,Consumer,East,Office Supplies,Labels,9.21,1,0.1,0.09
US-04254,2017-01-09,2017-01-12,Consumer,West,Office Supplies,Labels,32.36,1,0.0,1.78
US-04254,2017-01-09,2017-01-09,Home Office,Central,Office Supplies,Appliances,525.13,5,0.0,115.1
US-00676,2017-01-10,2017-01-15,Consumer,South,Furniture,Chairs,676.05,1,0.0,224.81
US-00676,2017-01-10,2017-01-13,Corporate,Central,Furniture,Chairs,2217.95,3,0.3,-556.0
US-00676,2017-01-10,2017-01-11,Corporate,West,Technology,Copiers,7772.76,4,0.15,263.7
US-01370,2017-01-10,2017-01-12,Home Office,South,Technology,Copiers,908.58,1,0.4,2.38
US-03793,2017-01-10,2017-01-12,Corporate,West,Technology,Copiers,402.57,1,0.0,81.56
US-03793,2017-01-10,2017-01-13,Corporate,Central,Office Supplies,Fasteners,26.0,1,0.5,-3.12
US-04190,2017-01-10,2017-01-16,Corporate,East,Technology,Accessories,230.82,2,0.0,27.08
US-03075,2017-01-11,2017-01-15,Home Office,South,Furniture,Furnishings,709.08,2,0.0,73.41
US-03075,2017-01-11,2017-01-16,Home Office,South,Technology,Phones,476.03,1,0.1,54.78
US-03619,2017-01-11,2017-01-12,Home Office,East,Furniture,Tables,1418.4,1,0.2,-100.32
US-03619,2017-01-11,2017-01-15,Corporate,Central,Furniture,Bookcases,835.74,2,0.0,219.27
US-01306,2017-01-12,2017-01-18,Home Office,West,Office Supplies,Binders,83.11,1,0.1,2.95
US-03180,2017-01-12,2017-01-18,Consumer,West,Office Supplies,Labels,142.76,5,0.1,36.66
US-02400,2017-01-13,2017-01-13,Home Office,Central,Furniture,Bookcases,962.57,2,0.0,51.95
US-00509,2017-01-14,2017-01-17,Consumer,East,Furniture,Tables,477.91,1,0.0,81.55
US-00687,2017-01-14,2017-01-14,Consumer,South,Office Supplies,Binders,46.91,2,0.0,6.9
US-01831,2017-01-14,2017-01-15,Corporate,Central,Furniture,Tables,1124.83,2,0.3,-84.83
US-01866,2017-01-14,2017-01-15,Home Office,Central,Office Supplies,Binders,57.29,1,0.0,8.3
US-01866,2017-01-14,2017-01-20,Home Office,South,Office Supplies,Art,1183.5,5,0.3,25.02
US-02573,2017-01-14,2017-01-14,Home Office,West,Technology,Accessories,1591.1,5,0.0,333.14
US-04807,2017-01-14,2017-01-16,Consumer,West,Furniture,Tables,1534.53,3,0.0,157.11
US-04807,2017-01-14,2017-01-17,Corporate,West,Office Supplies,Fasteners,37.2,3,0.0,2.45
US-04453,2017-01-15,2017-01-18,Home Office,South,Office Supplies,Appliances,1659.4,4,0.0,337.86
US-01708,2017-01-16,2017-01-20,Consumer,West,Office Supplies,Envelopes,29.92,1,0.4,-5.21
US-04988,2017-01-16,2017-01-22,Corporate,East,Furniture,Bookcases,628.81,1,0.0,190.81
US-00089,2017-01-17,2017-01-23,Home Office,East,Furniture,Bookcases,1029.56,4,0.0,254.01
US-00110,2017-01-17,2017-01-19,Corporate,East,Furniture,Tables,577.59,1,0.15,18.75
US-01100,2017-01-17,2017-01-23,Consumer,East,Furniture,Chairs,998.26,2,0.0,100.07
US-01100,2017-01-17,2017-01-17,Consumer,East,Technology,Copiers,1023.63,1,0.0,129.75
US-01687,2017-01-17,2017-01-18,Home Office,Central,Technology,Accessories,766.9,5,0.0,149.28
US-03864,2017-01-17,2017-01-21,Home Office,West,Technology,Phones,581.44,2,0.0,144.85
US-03864,2017-01-17,2017-01-18,Corporate,East,Office Supplies,Art,178.67,1,0.0,14.04
US-04031,2017-01-17,2017-01-17,Corporate,South,Technology,Phones,1401.43,5,0.0,327.39
US-04756,2017-01-17,2017-01-21,Consumer,South,Office Supplies,Labels,39.87,1,0.0,7.6
US-04756,2017-01-17,2017-01-20,Consumer,Central,Furniture,Bookcases,1036.92,2,0.2,80.63
US-01679,2017-01-18,2017-01-18,Corporate,East,Technology,Phones,679.39,1,0.0,167.31
US-03308,2017-01-18,2017-01-23,Home Office,South,Office Supplies,Labels,6.1,2,0.0,1.75
US-04310,2017-01-18,2017-01-23,Corporate,South,Office Supplies,Appliances,530.4,1,0.2,96.44
US-04310,2017-01-18,2017-01-18,Consumer,South,Office Supplies,Art,30.27,2,0.0,8.06
US-04772,2017-01-18,2017-01-24,Home Office,East,Technology,Accessories,242.6,4,0.1,10.06
US-01199,2017-01-19,2017-01-24,Corporate,West,Technology,Machines,1189.73,1,0.2,113.44
US-01371,2017-01-19,2017-01-24,Home Office,West,Furniture,Furnishings,673.67,2,0.0,112.85
US-01371,2017-01-19,2017-01-20,Corporate,South,Furniture,Tables,1122.08,1,0.0,135.79
US-01371,2017-01-19,2017-01-25,Home Office,South,Technology,Copiers,2959.86,4,0.0,598.39
US-01747,2017-01-19,2017-01-19,Home Office,West,Office Supplies,Envelopes,28.97,2,0.0,4.06
US-02702,2017-01-19,2017-01-24,Home Office,Central,Office Supplies,Appliances,2258.22,5,0.2,553.02
US-02702,2017-01-19,2017-01-20,Home Office,West,Furniture,Tables,1018.53,3,0.0,143.38
US-03566,2017-01-19,2017-01-23,Home Office,South,Office Supplies,Appliances,2429.25,5,0.0,588.87
US-03566,2017-01-19,2017-01-21,Home Office,South,Office Supplies,Supplies,33.49,2,0.0,8.77
US-03566,2017-01-19,2017-01-24,Home Office,West,Technology,Copiers,2179.94,5,0.0,220.74
US-04418,2017-01-19,2017-01-19,Consumer,South,Office Supplies,Storage,133.72,1,0.0,35.79
US-04418,2017-01-19,2017-01-22,Consumer,South,Technology,Phones,702.82,1,0.0,178.29
US-03114,2017-01-20,2017-01-25,Corporate,West,Technology,Phones,3303.74,4,0.0,843.71
US-03114,2017-01-20,2017-01-26,Corporate,West,Office Supplies,Labels,23.27,1,0.0,5.5
US-03282,2017-01-20,2017-01-21,Corporate,South,Office Supplies,Labels,6.34,3,0.0,0.47
US-03282,2017-01-20,2017-01-25,Consumer,West,Technology,Copiers,2697.48,2,0.0,588.42
US-01380,2017-01-21,2017-01-22,Consumer,West,Furniture,Bookcases,2236.33,5,0.0,608.81
US-03074,2017-01-21,2017-01-26,Corporate,Central,Furniture,Bookcases,1713.26,5,0.2,-70.75
US-03756,2017-01-21,2017-01-22,Corporate,West,Office Supplies,Fasteners,26.22,1,0.1,3.01
US-02280,2017-01-22,2017-01-27,Corporate,East,Furniture,Furnishings,427.22,1,0.0,66.11
US-02280,2017-01-22,2017-01-22,Home Office,East,Technology,Copiers,2471.34,3,0.2,-139.58
US-03714,2017-01-22,2017-01-22,Consumer,East,Office Supplies,Appliances,667.9,1,0.0,129.75
US-04592,2017-01-22,2017-01-28,Home Office,East,Office Supplies,Fasteners,12.31,1,0.1,1.41
US-04724,2017-01-22,2017-01-27,Home Office,West,Furniture,Bookcases,176.3,1,0.4,-32.96
US-04724,2017-01-22,2017-01-23,Consumer,West,Technology,Accessories,284.44,2,0.0,72.75
US-00028,2017-01-23,2017-01-28,Corporate,East,Office Supplies,Envelopes,31.66,2,0.0,7.94
US-01456,2017-01-23,2017-01-29,Corporate,West,Office Supplies,Art,112.8,1,0.4,-26.53
US-01456,2017-01-23,2017-01-23,Home Office,South,Furniture,Chairs,125.4,1,0.0,14.1
US-02418,2017-01-23,2017-01-29,Home Office,East,Technology,Phones,675.98,1,0.0,114.87
US-03538,2017-01-23,2017-01-25,Home Office,East,Furniture,Chairs,248.98,1,0.3,23.48
US-00130,2017-01-24,2017-01-25,Home Office,West,Furniture,Bookcases,600.22,1,0.2,-21.81
US-00905,2017-01-24,2017-01-28,Home Office,Central,Office Supplies,Appliances,1859.23,3,0.0,416.57
US-00905,2017-01-24,2017-01-24,Consumer,South,Technology,Accessories,228.69,1,0.0,25.17
US-01044,2017-01-24,2017-01-26,Home Office,West,Office Supplies,Supplies,174.6,2,0.0,13.81
US-00781,2017-01-25,2017-01-31,Corporate,East,Office Supplies,Paper,681.99,4,0.0,160.21
US-01455,2017-01-25,2017-01-30,Corporate,East,Office Supplies,Labels,37.73,1,0.0,7.55
US-01455,2017-01-25,2017-01-29,Consumer,South,Furniture,Tables,1149.95,1,0.0,261.12
US-02072,2017-01-25,2017-01-25,Home Office,West,Office Supplies,Art,276.13,1,0.0,39.04
US-02735,2017-01-25,2017-01-26,Consumer,West,Technology,Accessories,427.17,3,0.0,121.37
US-02735,2017-01-25,2017-01-29,Corporate,Central,Technology,Copiers,4837.5,3,0.0,1654.08
US-04701,2017-01-25,2017-01-29,Home Office,West,Furniture,Bookcases,390.45,1,0.0,93.08
US-01258,2017-01-26,2017-01-28,Corporate,East,Furniture,Furnishings,39.5,1,0.0,11.94
US-01258,2017-01-26,2017-01-30,Corporate,West,Office Supplies,Envelopes,134.53,3,0.0,24.71
US-01494,2017-01-26,2017-01-31,Home Office,West,Technology,Accessories,70.79,1,0.1,5.2
US-01899,2017-01-26,2017-02-01,Corporate,South,Office Supplies,Appliances,190.91,1,0.0,50.26
US-03447,2017-01-26,2017-01-30,Consumer,East,Office Supplies,Envelopes,48.14,1,0.2,8.4
US-00811,2017-01-27,2017-02-02,Corporate,Central,Office Supplies,Paper,50.57,1,0.0,12.42
US-00811,2017-01-27,2017-01-28,Consumer,East,Office Supplies,Paper,102.53,2,0.0,16.95
US-00811,2017-01-27,2017-01-28,Home Office,East,Office Supplies,Appliances,963.17,3,0.0,263.71
US-02364,2017-01-27,2017-01-29,Consumer,South,Office Supplies,Paper,159.3,1,0.15,3.93
US-02364,2017-01-27,2017-02-02,Corporate,South,Office Supplies,Storage,390.15,1,0.0,124.17
US-03495,2017-01-27,2017-02-01,Corporate,Central,Office Supplies,Envelopes,7.59,1,0.15,1.27
US-03696,2017-01-27,2017-02-01,Corporate,South,Technology,Accessories,630.35,2,0.15,25.07
US-03696,2017-01-27,2017-02-02,Consumer,South,Furniture,Tables,6604.36,5,0.0,1334.85
US-03696,2017-01-27,2017-01-30,Corporate,Central,Technology,Accessories,45.33,2,0.0,9.51
US-00085,2017-01-28,2017-02-01,Corporate,West,Office Supplies,Supplies,78.74,1,0.0,9.57
US-00085,2017-01-28,2017-01-30,Corporate,West,Furniture,Bookcases,943.62,2,0.15,58.71
US-01417,2017-01-28,2017-02-01,Corporate,East,Furniture,Bookcases,452.1,2,0.0,111.27
US-03323,2017-01-28,2017-01-28,Consumer,East,Technology,Copiers,6480.94,4,0.0,1810.47
US-00246,2017-01-29,2017-02-03,Corporate,West,Furniture,Bookcases,235.43,1,0.0,78.98
US-03894,2017-01-29,2017-01-31,Corporate,Central,Furniture,Tables,1984.69,4,0.5,-204.87
US-02481,2017-01-30,2017-02-02,Home Office,Central,Technology,Machines,3323.55,3,0.0,997.18
US-02481,2017-01-30,2017-02-01,Home Office,Central,Technology,Machines,1461.61,1,0.3,-306.57
US-02481,2017-01-30,2017-02-05,Home Office,South,Office Supplies,Appliances,726.14,5,0.0,151.32
US-04736,2017-01-30,2017-02-03,Corporate,West,Technology,Machines,2365.34,5,0.15,-72.84
US-04736,2017-01-30,2017-02-04,Consumer,South,Technology,Phones,838.45,1,0.1,101.77
US-00180,2017-01-31,2017-02-03,Consumer,East,Technology,Phones,153.24,1,0.15,3.2
US-01287,2017-01-31,2017-01-31,Corporate,East,Office Supplies,Fasteners,33.88,4,0.1,2.62
US-01451,2017-01-31,2017-02-03,Consumer,South,Office Supplies,Labels,33.55,1,0.2,-3.98
US-01451,2017-01-31,2017-02-02,Corporate,Central,Office Supplies,Paper,116.92,1,0.0,37.32
US-02410,2017-01-31,2017-01-31,Corporate,West,Office Supplies,Binders,283.69,3,0.0,95.5
US-03164,2017-02-01,2017-02-01,Consumer,South,Furniture,Furnishings,61.48,1,0.1,4.93
US-03164,2017-02-01,2017-02-01,Corporate,South,Technology,Copiers,4942.76,4,0.0,1379.27
US-03164,2017-02-01,2017-02-07,Consumer,West,Technology,Copiers,1684.42,2,0.0,392.56
US-00048,2017-02-02,2017-02-05,Consumer,East,Technology,Phones,3573.67,4,0.0,304.62
US-02110,2017-02-02,2017-02-08,Corporate,West,Furniture,Bookcases,629.31,1,0.0,94.94
US-02537,2017-02-02,2017-02-05,Home Office,East,Furniture,Furnishings,224.7,2,0.15,9.07
US-02537,2017-02-02,2017-02-07,Corporate,West,Office Supplies,Binders,22.37,1,0.1,3.34
US-02537,2017-02-02,2017-02-03,Corporate,West,Furniture,Tables,1232.46,2,0.3,-124.02
US-03341,2017-02-02,2017-02-03,Home Office,East,Technology,Copiers,5434.23,4,0.0,800.4
US-03936,2017-02-02,2017-02-04,Corporate,Central,Furniture,Tables,3484.62,3,0.3,-957.88
US-04778,2017-02-02,2017-02-03,Home Office,West,Furniture,Furnishings,712.06,3,0.0,152.55
US-00018,2017-02-03,2017-02-07,Consumer,West,Office Supplies,Supplies,48.59,4,0.3,-5.42
US-00018,2017-02-03,2017-02-04,Consumer,West,Furniture,Tables,2402.94,4,0.15,333.58
US-00097,2017-02-03,2017-02-07,Consumer,Central,Technology,Accessories,495.85,3,0.0,85.9
US-00097,2017-02-03,2017-02-08,Home Office,West,Technology,Machines,2272.4,3,0.0,712.14
US-01854,2017-02-03,2017-02-09,Home Office,East,Office Supplies,Labels,30.87,2,0.0,2.11
US-01854,2017-02-03,2017-02-03,Consumer,East,Furniture,Furnishings,1212.69,3,0.3,-106.62
US-03369,2017-02-03,2017-02-07,Corporate,West,Office Supplies,Labels,31.43,4,0.0,9.1
US-03369,2017-02-03,2017-02-07,Consumer,South,Office Supplies,Paper,201.03,5,0.0,57.2
US-03616,2017-02-03,2017-02-09,Corporate,South,Technology,Phones,2607.56,3,0.0,159.18
US-01027,2017-02-04,2017-02-06,Home Office,West,Technology,Machines,1725.94,3,0.15,89.62
US-02375,2017-02-04,2017-02-08,Consumer,South,Technology,Phones,1548.3,2,0.0,510.3
US-04624,2017-02-04,2017-02-09,Home Office,West,Office Supplies,Storage,1188.32,3,0.0,201.91
US-00654,2017-02-05,2017-02-07,Corporate,East,Furniture,Tables,1517.27,2,0.0,275.21
US-00654,2017-02-05,2017-02-11,Corporate,West,Furniture,Furnishings,134.32,1,0.0,23.36
US-02189,2017-02-06,2017-02-12,Corporate,East,Furniture,Tables,1225.74,1,0.0,419.19
US-02324,2017-02-06,2017-02-11,Home Office,West,Office Supplies,Art,541.7,5,0.15,5.43
US-02324,2017-02-06,2017-02-11,Home Office,West,Office Supplies,Paper,653.03,5,0.15,172.85
US-02324,2017-02-06,2017-02-09,Corporate,West,Furniture,Furnishings,2235.3,5,0.0,723.74
US-02378,2017-02-06,2017-02-06,Home Office,Central,Furniture,Bookcases,84.43,1,0.0,9.3
US-02378,2017-02-06,2017-02-09,Corporate,South,Furniture,Tables,769.03,2,0.2,176.12
US-03087,2017-02-06,2017-02-10,Consumer,Central,Office Supplies,Fasteners,66.76,4,0.0,14.93
US-00981,2017-02-07,2017-02-12,Corporate,Central,Office Supplies,Art,282.08,2,0.0,82.67
US-00981,2017-02-07,2017-02-12,Corporate,East,Office Supplies,Art,156.46,2,0.0,30.24
US-02508,2017-02-07,2017-02-07,Corporate,Central,Technology,Machines,766.35,1,0.1,185.87
US-02508,2017-02-07,2017-02-11,Consumer,West,Furniture,Tables,985.35,1,0.2,82.19
US-02508,2017-02-07,2017-02-08,Consumer,West,Office Supplies,Fasteners,57.24,2,0.0,9.08
US-00787,2017-02-08,2017-02-09,Corporate,Central,Office Supplies,Envelopes,29.99,1,0.1,3.56
US-00787,2017-02-08,2017-02-13,Home Office,West,Technology,Phones,1622.93,2,0.15,-69.92
US-01056,2017-02-08,2017-02-09,Corporate,Central,Furniture,Chairs,761.51,1,0.0,191.54
US-03354,2017-02-08,2017-02-10,Corporate,East,Furniture,Furnishings,386.03,1,0.1,15.74
US-03354,2017-02-08,2017-02-08,Consumer,South,Furniture,Bookcases,202.24,2,0.1,18.61
US-03354,2017-02-08,2017-02-11,Consumer,East,Furniture,Chairs,535.76,1,0.0,118.88
US-01006,2017-02-09,2017-02-13,Home Office,South,Furniture,Tables,654.11,1,0.15,96.42
US-03897,2017-02-09,2017-02-15,Home Office,West,Furniture,Bookcases,977.43,2,0.0,114.2
US-04330,2017-02-09,2017-02-12,Home Office,West,Office Supplies,Labels,34.72,1,0.0,5.96
US-04528,2017-02-09,2017-02-11,Corporate,South,Office Supplies,Labels,17.54,1,0.5,-3.5
US-04528,2017-02-09,2017-02-15,Corporate,East,Office Supplies,Paper,386.28,4,0.0,101.23
US-00804,2017-02-10,2017-02-16,Consumer,West,Office Supplies,Envelopes,25.04,1,0.0,7.51
US-00804,2017-02-10,2017-02-14,Consumer,South,Office Supplies,Art,376.89,2,0.0,86.35
US-00804,2017-02-10,2017-02-11,Consumer,Central,Office Supplies,Envelopes,5.06,1,0.0,1.56
US-02036,2017-02-10,2017-02-12,Consumer,Central,Furniture,Chairs,1069.26,2,0.0,290.21
US-04238,2017-02-10,2017-02-13,Home Office,East,Furniture,Bookcases,366.99,1,0.15,45.98
US-04238,2017-02-10,2017-02-14,Home Office,South,Office Supplies,Paper,286.72,2,0.0,86.33
US-04238,2017-02-10,2017-02-13,Home Office,Central,Furniture,Bookcases,1076.26,2,0.5,-128.21
US-04884,2017-02-10,2017-02-11,Corporate,West,Office Supplies,Appliances,650.34,1,0.0,114.24
US-00274,2017-02-11,2017-02-12,Consumer,East,Furniture,Tables,3720.15,3,0.0,196.88
US-00274,2017-02-11,2017-02-16,Home Office,Central,Office Supplies,Supplies,79.61,1,0.0,17.54
US-00971,2017-02-11,2017-02-11,Home Office,South,Office Supplies,Storage,1853.37,5,0.5,-661.18
US-02005,2017-02-11,2017-02-16,Corporate,South,Office Supplies,Paper,252.57,3,0.2,-39.52
US-02005,2017-02-11,2017-02-14,Consumer,East,Office Supplies,Binders,84.25,3,0.1,21.46
US-02953,2017-02-11,2017-02-14,Corporate,South,Office Supplies,Binders,281.53,3,0.0,50.26
US-02953,2017-02-11,2017-02-13,Home Office,Central,Furniture,Furnishings,689.9,2,0.0,58.84
US-03923,2017-02-11,2017-02-15,Corporate,West,Technology,Copiers,3911.36,2,0.15,608.13
US-03923,2017-02-11,2017-02-15,Home Office,West,Furniture,Tables,3283.68,3,0.0,972.52
US-00922,2017-02-12,2017-02-16,Consumer,South,Office Supplies,Supplies,97.86,1,0.4,-23.96
US-00922,2017-02-12,2017-02-18,Consumer,South,Furniture,Furnishings,112.84,1,0.0,31.51
US-00922,2017-02-12,2017-02-16,Home Office,South,Technology,Copiers,7028.53,5,0.0,1103.94
US-01700,2017-02-12,2017-02-12,Corporate,East,Furniture,Tables,1693.12,5,0.1,326.74
US-04136,2017-02-12,2017-02-16,Home Office,South,Office Supplies,Appliances,339.09,1,0.4,-123.55
US-04136,2017-02-12,2017-02-14,Consumer,East,Technology,Phones,794.65,1,0.0,186.23
US-03198,2017-02-13,2017-02-15,Corporate,East,Office Supplies,Paper,806.12,5,0.4,-23.18
US-03198,2017-02-13,2017-02-15,Home Office,West,Office Supplies,Art,330.04,2,0.1,15.92
US-03642,2017-02-13,2017-02-14,Home Office,South,Furniture,Tables,4329.06,4,0.0,314.76
US-04009,2017-02-13,2017-02-17,Corporate,East,Office Supplies,Paper,20.28,2,0.1,4.77
US-04204,2017-02-13,2017-02-17,Consumer,South,Furniture,Bookcases,723.12,4,0.0,42.03
US-04925,2017-02-13,2017-02-15,Consumer,East,Office Supplies,Storage,460.78,2,0.0,108.28
US-01536,2017-02-14,2017-02-14,Corporate,West,Furniture,Bookcases,2612.21,4,0.4,-729.39
US-02469,2017-02-14,2017-02-20,Home Office,Central,Office Supplies,Labels,24.86,1,0.0,8.25
US-04340,2017-02-14,2017-02-17,Corporate,South,Furniture,Furnishings,1857.45,4,0.3,1.36
US-01017,2017-02-15,2017-02-18,Consumer,West,Furniture,Bookcases,1064.19,3,0.0,189.28
US-02536,2017-02-15,2017-02-19,Corporate,West,Technology,Copiers,5248.17,4,0.0,1404.56
US-03270,2017-02-15,2017-02-18,Consumer,East,Office Supplies,Envelopes,118.55,5,0.4,-14.6
US-02491,2017-02-16,2017-02-17,Corporate,Central,Office Supplies,Storage,713.83,2,0.0,87.59
US-02491,2017-02-16,2017-02-21,Consumer,East,Furniture,Furnishings,123.35,5,0.0,22.77
US-04120,2017-02-16,2017-02-20,Corporate,South,Technology,Copiers,7862.35,5,0.0,1866.42
US-04120,2017-02-16,2017-02-21,Home Office,East,Office Supplies,Binders,94.37,3,0.0,18.13
US-04255,2017-02-16,2017-02-17,Corporate,Central,Office Supplies,Binders,87.83,1,0.0,28.18
US-00289,2017-02-17,2017-02-22,Corporate,East,Office Supplies,Labels,2.81,1,0.15,0.13
US-00752,2017-02-17,2017-02-22,Consumer,West,Office Supplies,Supplies,119.05,2,0.1,6.21
US-02925,2017-02-17,2017-02-19,Corporate,Central,Furniture,Furnishings,80.55,3,0.0,23.86
US-02925,2017-02-17,2017-02-22,Corporate,Central,Technology,Accessories,137.22,1,0.0,11.09
US-03761,2017-02-17,2017-02-19,Consumer,East,Office Supplies,Paper,238.79,5,0.0,49.28
US-04708,2017-02-17,2017-02-21,Consumer,East,Office Supplies,Fasteners,52.53,4,0.4,-5.82
US-01363,2017-02-18,2017-02-21,Consumer,West,Office Supplies,Paper,533.27,4,0.0,47.73
US-01363,2017-02-18,2017-02-21,Home Office,West,Office Supplies,Envelopes,48.17,2,0.0,10.01
US-01363,2017-02-18,2017-02-19,Consumer,Central,Technology,Machines,2423.38,5,0.0,208.79
US-02557,2017-02-18,2017-02-22,Home Office,East,Technology,Copiers,1242.09,1,0.0,158.87
US-04015,2017-02-18,2017-02-20,Home Office,East,Office Supplies,Envelopes,24.89,4,0.2,-0.88
US-04180,2017-02-18,2017-02-20,Home Office,Central,Technology,Copiers,6230.17,4,0.0,1301.78
US-04274,2017-02-18,2017-02-23,Home Office,West,Furniture,Chairs,2090.65,4,0.0,185.58
US-04274,2017-02-18,2017-02-24,Consumer,South,Furniture,Chairs,694.25,1,0.0,119.72
US-04274,2017-02-18,2017-02-19,Home Office,East,Technology,Accessories,602.31,2,0.0,166.84
US-04350,2017-02-18,2017-02-21,Home Office,South,Office Supplies,Art,1158.81,4,0.0,299.61
US-04350,2017-02-18,2017-02-23,Consumer,West,Technology,Machines,2318.95,5,0.0,214.3
US-00138,2017-02-19,2017-02-20,Home Office,East,Office Supplies,Envelopes,35.21,1,0.0,4.6
US-00305,2017-02-19,2017-02-22,Home Office,East,Technology,Phones,2634.96,5,0.0,323.3
US-00424,2017-02-19,2017-02-23,Corporate,East,Technology,Copiers,5533.72,5,0.2,-303.52
US-00424,2017-02-19,2017-02-22,Consumer,Central,Furniture,Furnishings,41.2,1,0.2,3.94
US-00424,2017-02-19,2017-02-20,Home Office,Central,Technology,Machines,1695.83,2,0.0,459.67
US-01161,2017-02-19,2017-02-20,Corporate,South,Office Supplies,Fasteners,22.95,2,0.0,7.15
US-01514,2017-02-19,2017-02-25,Home Office,Central,Technology,Machines,2808.38,2,0.0,872.57
US-01607,2017-02-19,2017-02-25,Consumer,Central,Office Supplies,Paper,107.31,1,0.15,-8.63
US-01607,2017-02-19,2017-02-21,Home Office,South,Office Supplies,Storage,248.41,1,0.2,35.86
US-01812,2017-02-19,2017-02-21,Home Office,East,Technology,Copiers,2748.52,2,0.0,511.8
US-01812,2017-02-19,2017-02-20,Corporate,South,Office Supplies,Labels,127.97,4,0.4,-23.74
US-01910,2017-02-19,2017-02-21,Corporate,South,Technology,Machines,3749.17,3,0.0,1268.76
US-03815,2017-02-19,2017-02-21,Consumer,South,Furniture,Bookcases,799.51,3,0.0,57.92
US-04107,2017-02-19,2017-02-23,Consumer,East,Technology,Copiers,339.84,1,0.0,113.4
US-01282,2017-02-20,2017-02-26,Consumer,Central,Office Supplies,Appliances,1340.05,3,0.15,64.26
US-01282,2017-02-20,2017-02-23,Consumer,East,Office Supplies,Appliances,1584.12,3,0.0,458.64
US-02623,2017-02-20,2017-02-23,Consumer,West,Office Supplies,Appliances,2353.35,3,0.0,449.82
US-03501,2017-02-20,2017-02-20,Corporate,South,Technology,Copiers,1430.28,1,0.0,314.6
US-01521,2017-02-21,2017-02-22,Home Office,Central,Furniture,Chairs,2740.3,4,0.0,846.9
US-01750,2017-02-21,2017-02-25,Corporate,West,Furniture,Chairs,776.93,1,0.0,60.58
US-02713,2017-02-21,2017-02-22,Home Office,Central,Office Supplies,Appliances,583.58,2,0.0,53.66
US-02713,2017-02-21,2017-02-24,Corporate,West,Technology,Copiers,1305.43,3,0.2,219.82
US-03524,2017-02-21,2017-02-24,Home Office,South,Technology,Accessories,638.76,2,0.0,160.9
US-03853,2017-02-21,2017-02-21,Corporate,Central,Office Supplies,Labels,6.99,2,0.0,1.99
US-03853,2017-02-21,2017-02-21,Home Office,East,Technology,Copiers,1642.26,1,0.1,340.07
US-04203,2017-02-21,2017-02-25,Consumer,West,Technology,Copiers,578.54,1,0.2,74.16
US-04203,2017-02-21,2017-02-21,Home Office,Central,Furniture,Bookcases,354.69,1,0.1,7.94
US-04226,2017-02-21,2017-02-26,Home Office,South,Furniture,Chairs,627.89,3,0.0,203.52
US-04226,2017-02-21,2017-02-27,Home Office,South,Office Supplies,Envelopes,110.49,4,0.0,32.64
US-04226,2017-02-21,2017-02-26,Home Office,West,Office Supplies,Art,608.01,5,0.0,106.6
US-04695,2017-02-21,2017-02-26,Consumer,South,Office Supplies,Art,968.16,4,0.0,212.02
US-01795,2017-02-22,2017-02-27,Corporate,West,Office Supplies,Supplies,170.64,3,0.15,36.97
US-01795,2017-02-22,2017-02-28,Home Office,West,Technology,Accessories,386.81,2,0.0,86.92
US-02850,2017-02-22,2017-02-22,Corporate,South,Furniture,Bookcases,213.58,2,0.0,55.59
US-02850,2017-02-22,2017-02-27,Consumer,Central,Office Supplies,Envelopes,4.48,1,0.15,0.73
US-02850,2017-02-22,2017-02-23,Consumer,West,Office Supplies,Fasteners,55.05,2,0.0,12.11
US-04302,2017-02-22,2017-02-23,Corporate,West,Furniture,Chairs,714.66,3,0.0,190.53
US-01145,2017-02-23,2017-02-23,Corporate,South,Furniture,Furnishings,258.28,1,0.0,47.79
US-00815,2017-02-24,2017-02-27,Home Office,Central,Furniture,Tables,4387.81,4,0.5,-228.89
US-01463,2017-02-24,2017-02-28,Corporate,West,Office Supplies,Paper,173.6,2,0.0,58.93
US-01544,2017-02-24,2017-02-25,Home Office,Central,Office Supplies,Envelopes,168.9,5,0.1,33.47
US-01544,2017-02-24,2017-02-27,Corporate,Central,Furniture,Tables,512.44,1,0.1,57.74
US-02638,2017-02-24,2017-02-25,Consumer,West,Technology,Accessories,298.77,1,0.0,95.32
US-04766,2017-02-24,2017-02-24,Corporate,South,Technology,Machines,1830.77,3,0.2,21.55
US-04766,2017-02-24,2017-02-25,Consumer,South,Furniture,Chairs,1069.15,2,0.0,70.37
US-01751,2017-02-25,2017-03-03,Consumer,Central,Office Supplies,Fasteners,83.42,3,0.0,12.05
US-01953,2017-02-25,2017-02-26,Corporate,Central,Technology,Machines,1412.03,5,0.0,82.92
US-02965,2017-02-25,2017-02-25,Consumer,East,Furniture,Tables,1639.3,2,0.0,436.62
US-02965,2017-02-25,2017-03-03,Home Office,South,Technology,Phones,790.1,1,0.0,188.81
US-03138,2017-02-25,2017-02-28,Corporate,West,Furniture,Chairs,534.32,1,0.0,54.92
US-03316,2017-02-25,2017-02-26,Home Office,East,Office Supplies,Labels,38.31,1,0.0,12.79
US-04798,2017-02-25,2017-03-01,Home Office,West,Furniture,Tables,891.64,3,0.0,266.41
US-04798,2017-02-25,2017-02-25,Home Office,South,Technology,Accessories,349.18,2,0.2,4.16
US-00128,2017-02-26,2017-02-27,Consumer,Central,Office Supplies,Binders,115.13,2,0.15,4.95
US-00201,2017-02-26,2017-02-27,Home Office,Central,Office Supplies,Fasteners,26.58,1,0.1,3.68
US-00201,2017-02-26,2017-02-28,Home Office,South,Technology,Copiers,1079.23,4,0.0,130.88
US-00201,2017-02-26,2017-02-27,Corporate,Central,Office Supplies,Appliances,1050.16,4,0.2,20.27
US-00807,2017-02-26,2017-03-04,Home Office,West,Technology,Phones,2335.36,3,0.0,499.01
US-01655,2017-02-26,2017-02-28,Home Office,West,Office Supplies,Art,142.26,1,0.0,31.55
US-02032,2017-02-26,2017-02-27,Consumer,West,Office Supplies,Binders,154.56,4,0.2,29.32
US-02032,2017-02-26,2017-03-04,Corporate,East,Office Supplies,Storage,153.65,1,0.0,27.25
US-03054,2017-02-26,2017-02-27,Home Office,South,Office Supplies,Envelopes,40.09,1,0.3,-5.66
US-04740,2017-02-26,2017-03-04,Home Office,South,Technology,Machines,2206.98,2,0.0,421.49
US-04740,2017-02-26,2017-03-04,Consumer,Central,Office Supplies,Fasteners,23.01,1,0.1,0.72
US-04740,2017-02-26,2017-03-01,Corporate,East,Technology,Accessories,167.69,1,0.1,33.2
US-01641,2017-02-27,2017-03-02,Consumer,Central,Office Supplies,Labels,37.48,2,0.0,11.8
US-01917,2017-02-27,2017-03-03,Consumer,Central,Office Supplies,Appliances,231.29,2,0.0,26.6
US-02505,2017-02-27,2017-03-02,Corporate,East,Office Supplies,Art,1317.44,5,0.0,216.91
US-02569,2017-02-27,2017-02-27,Consumer,West,Furniture,Tables,1312.69,2,0.4,-437.26
US-02569,2017-02-27,2017-03-02,Consumer,West,Office Supplies,Paper,126.67,1,0.3,-1.16
US-03021,2017-02-27,2017-03-04,Home Office,East,Technology,Copiers,1969.83,1,0.5,-872.73
US-03021,2017-02-27,2017-03-04,Corporate,South,Technology,Machines,844.84,1,0.0,235.21
US-03249,2017-02-27,2017-02-27,Consumer,East,Office Supplies,Fasteners,11.67,1,0.0,3.34
US-03249,2017-02-27,2017-02-27,Corporate,West,Office Supplies,Supplies,351.07,5,0.0,109.4
US-03727,2017-02-27,2017-03-05,Corporate,Central,Office Supplies,Binders,48.58,2,0.0,2.51
US-04116,2017-02-27,2017-03-04,Corporate,East,Office Supplies,Paper,130.3,3,0.0,20.25
US-02212,2017-02-28,2017-03-06,Consumer,East,Office Supplies,Binders,68.15,1,0.0,3.43
US-02743,2017-02-28,2017-03-05,Home Office,West,Technology,Copiers,1397.31,1,0.4,-175.93
US-02760,2017-02-28,2017-02-28,Home Office,East,Furniture,Bookcases,316.72,1,0.0,88.22
US-02760,2017-02-28,2017-03-05,Consumer,East,Office Supplies,Binders,57.02,1,0.2,-3.57
US-03742,2017-02-28,2017-03-05,Consumer,East,Technology,Phones,668.13,1,0.0,116.81
US-03742,2017-02-28,2017-03-02,Consumer,East,Office Supplies,Binders,69.77,2,0.2,-8.53
US-04586,2017-02-28,2017-02-28,Corporate,West,Furniture,Furnishings,673.94,3,0.0,78.87
US-04586,2017-02-28,2017-03-02,Corporate,East,Furniture,Furnishings,685.03,2,0.0,191.78
US-02259,2017-03-01,2017-03-01,Home Office,East,Office Supplies,Storage,222.83,1,0.1,43.28
US-02259,2017-03-01,2017-03-04,Consumer,East,Furniture,Tables,2195.51,2,0.0,520.44
US-02747,2017-03-01,2017-03-04,Corporate,East,Office Supplies,Appliances,537.34,1,0.0,86.59
US-02856,2017-03-01,2017-03-04,Consumer,West,Furniture,Bookcases,1378.6,3,0.0,129.17
US-02856,2017-03-01,2017-03-01,Consumer,West,Office Supplies,Art,266.6,1,0.4,-83.39
US-00063,2017-03-02,2017-03-04,Home Office,East,Technology,Copiers,1663.5,1,0.15,247.89
US-00063,2017-03-02,2017-03-08,Consumer,Central,Office Supplies,Binders,80.86,1,0.2,-4.9
US-00063,2017-03-02,2017-03-05,Consumer,East,Technology,Machines,508.25,1,0.0,42.74
US-01825,2017-03-02,2017-03-06,Corporate,East,Office Supplies,Supplies,22.35,1,0.0,2.09
US-02841,2017-03-02,2017-03-03,Corporate,West,Technology,Accessories,468.62,4,0.0,44.07
US-02841,2017-03-02,2017-03-02,Home Office,East,Office Supplies,Art,87.24,1,0.0,24.28
US-00924,2017-03-03,2017-03-07,Corporate,West,Office Supplies,Envelopes,25.27,2,0.5,-10.53
US-02984,2017-03-03,2017-03-03,Consumer,Central,Office Supplies,Envelopes,29.91,3,0.2,3.72
US-02984,2017-03-03,2017-03-08,Home Office,South,Office Supplies,Art,75.24,1,0.0,10.38
US-02984,2017-03-03,2017-03-03,Consumer,Central,Furniture,Tables,1061.68,2,0.2,44.41
US-03252,2017-03-03,2017-03-07,Consumer,South,Office Supplies,Art,65.52,1,0.0,9.65
US-01808,2017-03-04,2017-03-06,Corporate,West,Furniture,Chairs,587.91,3,0.0,128.91
US-02611,2017-03-04,2017-03-10,Consumer,Central,Office Supplies,Supplies,21.86,4,0.15,1.11
US-02688,2017-03-04,2017-03-08,Home Office,East,Furniture,Chairs,1013.92,2,0.0,310.44
US-03781,2017-03-04,2017-03-10,Consumer,West,Furniture,Furnishings,309.84,1,0.0,76.93
US-03781,2017-03-04,2017-03-04,Home Office,West,Office Supplies,Storage,789.75,3,0.0,107.69
US-01244,2017-03-05,2017-03-10,Consumer,South,Technology,Phones,471.27,1,0.0,140.01
US-01244,2017-03-05,2017-03-05,Consumer,South,Office Supplies,Paper,31.08,1,0.2,5.38
US-01882,2017-03-05,2017-03-10,Consumer,Central,Furniture,Furnishings,310.17,3,0.1,77.45
US-01882,2017-03-05,2017-03-11,Home Office,East,Furniture,Chairs,1067.06,2,0.1,205.94
US-01882,2017-03-05,2017-03-10,Home Office,West,Furniture,Tables,1057.41,1,0.0,333.7
US-02155,2017-03-05,2017-03-10,Corporate,South,Furniture,Tables,649.17,3,0.1,107.6
US-02155,2017-03-05,2017-03-05,Consumer,East,Technology,Machines,918.65,1,0.0,116.56
US-01481,2017-03-06,2017-03-09,Corporate,East,Office Supplies,Fasteners,66.22,4,0.0,10.81
US-01481,2017-03-06,2017-03-07,Consumer,East,Furniture,Tables,788.05,1,0.0,49.62
US-01481,2017-03-06,2017-03-07,Consumer,South,Furniture,Bookcases,491.61,1,0.0,105.97
US-03470,2017-03-06,2017-03-06,Corporate,South,Furniture,Chairs,726.51,2,0.0,41.47
US-01043,2017-03-07,2017-03-11,Corporate,South,Furniture,Bookcases,3179.38,5,0.0,650.93
US-02498,2017-03-07,2017-03-12,Corporate,South,Technology,Phones,3435.35,4,0.5,-1814.75
US-03319,2017-03-07,2017-03-10,Home Office,Central,Office Supplies,Labels,32.52,1,0.0,5.91
US-03319,2017-03-07,2017-03-10,Consumer,West,Technology,Phones,2041.37,3,0.3,-142.82
US-00176,2017-03-08,2017-03-10,Consumer,Central,Technology,Copiers,669.78,1,0.2,38.36
US-01256,2017-03-08,2017-03-14,Consumer,East,Office Supplies,Binders,70.12,1,0.0,21.0
US-00655,2017-03-09,2017-03-11,Home Office,East,Technology,Accessories,326.92,1,0.0,34.06
US-00655,2017-03-09,2017-03-13,Corporate,East,Office Supplies,Envelopes,62.98,2,0.0,4.6
US-00793,2017-03-09,2017-03-14,Consumer,East,Furniture,Bookcases,949.24,2,0.0,325.34
US-03933,2017-03-09,2017-03-14,Consumer,East,Technology,Phones,1394.99,2,0.0,388.76
US-04275,2017-03-09,2017-03-15,Consumer,Central,Furniture,Tables,1441.86,1,0.0,405.12
US-00835,2017-03-10,2017-03-15,Home Office,East,Technology,Accessories,1018.52,5,0.0,82.17
US-01137,2017-03-10,2017-03-15,Home Office,West,Technology,Copiers,1725.83,2,0.15,-108.46
US-03325,2017-03-10,2017-03-13,Consumer,West,Office Supplies,Labels,52.77,2,0.1,4.03
US-03325,2017-03-10,2017-03-12,Corporate,East,Furniture,Furnishings,424.68,2,0.15,63.04
US-03339,2017-03-10,2017-03-11,Corporate,West,Technology,Copiers,3150.46,2,0.0,967.08
US-03339,2017-03-10,2017-03-14,Consumer,West,Furniture,Tables,1598.89,2,0.0,492.06
US-04607,2017-03-10,2017-03-15,Consumer,Central,Technology,Machines,523.7,1,0.0,27.57
US-04607,2017-03-10,2017-03-16,Consumer,Central,Office Supplies,Art,197.67,2,0.0,50.87
US-00511,2017-03-11,2017-03-13,Home Office,Central,Technology,Accessories,1178.26,3,0.1,286.49
US-00511,2017-03-11,2017-03-16,Home Office,South,Technology,Machines,241.14,1,0.3,-17.52
US-00722,2017-03-11,2017-03-15,Corporate,Central,Furniture,Bookcases,207.48,2,0.15,43.18
US-00722,2017-03-11,2017-03-11,Corporate,Central,Office Supplies,Art,132.53,1,0.4,-33.89
US-01148,2017-03-11,2017-03-11,Corporate,East,Office Supplies,Envelopes,5.33,1,0.0,0.28
US-01496,2017-03-12,2017-03-15,Consumer,West,Office Supplies,Binders,24.68,1,0.0,6.11
US-01496,2017-03-12,2017-03-18,Consumer,South,Furniture,Chairs,1237.35,2,0.0,244.09
US-01496,2017-03-12,2017-03-12,Corporate,West,Office Supplies,Paper,177.65,1,0.0,36.8
US-01737,2017-03-12,2017-03-14,Corporate,Central,Furniture,Furnishings,311.63,1,0.0,23.01
US-01737,2017-03-12,2017-03-12,Corporate,South,Furniture,Tables,784.27,1,0.0,218.7
US-02342,2017-03-12,2017-03-14,Consumer,South,Furniture,Tables,1170.18,1,0.0,260.08
US-02342,2017-03-12,2017-03-13,Home Office,East,Office Supplies,Labels,28.76,1,0.15,0.85
US-02342,2017-03-12,2017-03-15,Home Office,West,Office Supplies,Labels,5.32,1,0.0,1.04
US-02551,2017-03-12,2017-03-12,Home Office,South,Office Supplies,Appliances,132.22,2,0.1,29.18
US-02551,2017-03-12,2017-03-13,Consumer,Central,Office Supplies,Art,10.27,1,0.0,0.58
US-02551,2017-03-12,2017-03-15,Corporate,East,Office Supplies,Paper,137.84,2,0.0,34.66
US-03503,2017-03-12,2017-03-16,Consumer,South,Furniture,Tables,1207.07,1,0.1,13.02
US-03503,2017-03-12,2017-03-16,Consumer,Central,Furniture,Tables,4220.86,3,0.15,44.56
US-01150,2017-03-13,2017-03-15,Corporate,Central,Office Supplies,Paper,177.3,2,0.0,26.44
US-01534,2017-03-13,2017-03-18,Corporate,South,Office Supplies,Envelopes,7.02,1,0.2,-0.54
US-02213,2017-03-14,2017-03-18,Corporate,East,Office Supplies,Binders,133.23,3,0.0,19.46
US-02906,2017-03-14,2017-03-17,Corporate,South,Furniture,Chairs,608.66,1,0.0,163.53
US-02986,2017-03-14,2017-03-17,Corporate,East,Furniture,Bookcases,1171.99,2,0.0,386.99
US-03595,2017-03-15,2017-03-16,Consumer,Central,Office Supplies,Fasteners,21.03,1,0.5,-5.43
US-03595,2017-03-15,2017-03-15,Corporate,South,Office Supplies,Storage,187.44,2,0.3,17.7
US-03595,2017-03-15,2017-03-18,Consumer,East,Technology,Copiers,5748.76,3,0.0,391.97
US-00300,2017-03-16,2017-03-18,Corporate,Central,Technology,Accessories,70.88,1,0.3,-5.59
US-00808,2017-03-16,2017-03-21,Home Office,South,Office Supplies,Fasteners,43.77,3,0.1,6.99
US-00808,2017-03-16,2017-03-18,Corporate,Central,Furniture,Chairs,225.64,1,0.15,50.35
US-00808,2017-03-16,2017-03-22,Home Office,West,Office Supplies,Labels,18.41,1,0.0,3.19
US-04644,2017-03-16,2017-03-22,Corporate,South,Office Supplies,Art,116.83,1,0.0,15.05
US-04644,2017-03-16,2017-03-20,Home Office,Central,Office Supplies,Envelopes,38.49,3,0.0,6.76
US-00100,2017-03-17,2017-03-20,Corporate,Central,Furniture,Bookcases,477.98,1,0.0,139.67
US-00583,2017-03-17,2017-03-20,Corporate,East,Furniture,Chairs,261.15,1,0.0,87.57
US-01794,2017-03-17,2017-03-23,Home Office,East,Office Supplies,Storage,394.57,2,0.3,-34.56
US-01794,2017-03-17,2017-03-19,Consumer,South,Office Supplies,Envelopes,152.66,4,0.1,38.86
US-01988,2017-03-17,2017-03-20,Corporate,South,Technology,Machines,1110.99,1,0.3,-319.8
US-03097,2017-03-17,2017-03-20,Corporate,South,Furniture,Bookcases,429.69,1,0.4,-43.23
US-04748,2017-03-17,2017-03-22,Consumer,East,Office Supplies,Art,269.7,1,0.0,29.07
US-00447,2017-03-18,2017-03-22,Corporate,East,Office Supplies,Storage,1630.24,5,0.0,518.91
US-00978,2017-03-18,2017-03-24,Corporate,South,Office Supplies,Appliances,1670.85,5,0.0,323.3
US-03970,2017-03-18,2017-03-19,Corporate,South,Furniture,Tables,1005.52,3,0.0,231.2
US-03970,2017-03-18,2017-03-23,Corporate,South,Furniture,Bookcases,231.71,1,0.15,7.91
US-04162,2017-03-18,2017-03-24,Home Office,East,Technology,Accessories,316.79,1,0.0,25.04
US-00453,2017-03-19,2017-03-22,Corporate,South,Furniture,Tables,2453.39,3,0.1,474.12
US-01412,2017-03-19,2017-03-20,Corporate,West,Technology,Accessories,323.69,5,0.0,85.83
US-01412,2017-03-19,2017-03-23,Consumer,West,Office Supplies,Appliances,591.89,2,0.5,-201.38
US-01412,2017-03-19,2017-03-22,Corporate,East,Office Supplies,Appliances,678.62,1,0.0,148.66
US-02130,2017-03-19,2017-03-21,Corporate,East,Office Supplies,Supplies,122.72,2,0.5,-20.16
US-04137,2017-03-19,2017-03-23,Corporate,Central,Furniture,Furnishings,1415.14,4,0.3,-188.36
US-04137,2017-03-19,2017-03-24,Consumer,South,Furniture,Furnishings,452.84,1,0.0,34.54
US-04538,2017-03-19,2017-03-21,Home Office,West,Technology,Copiers,1222.0,4,0.2,7.97
US-04538,2017-03-19,2017-03-25,Corporate,West,Office Supplies,Supplies,69.45,1,0.0,17.56
US-02628,2017-03-20,2017-03-20,Corporate,South,Furniture,Chairs,2853.05,4,0.0,288.7
US-02745,2017-03-20,2017-03-24,Corporate,East,Office Supplies,Storage,388.33,1,0.0,100.64
US-02745,2017-03-20,2017-03-23,Consumer,South,Technology,Phones,587.08,1,0.3,-40.8
US-03457,2017-03-20,2017-03-24,Consumer,South,Office Supplies,Storage,230.9,2,0.0,61.07
US-03563,2017-03-20,2017-03-25,Home Office,South,Office Supplies,Binders,225.08,4,0.0,65.72
US-00069,2017-03-21,2017-03-27,Home Office,West,Technology,Phones,1702.94,3,0.1,-17.78
US-00069,2017-03-21,2017-03-21,Corporate,West,Furniture,Furnishings,107.07,1,0.1,-3.32
US-00221,2017-03-21,2017-03-23,Consumer,West,Office Supplies,Binders,73.74,1,0.0,8.8
US-00221,2017-03-21,2017-03-21,Consumer,East,Technology,Accessories,1403.66,4,0.0,355.17
US-00221,2017-03-21,2017-03-26,Consumer,East,Technology,Accessories,268.71,1,0.0,48.72
US-00867,2017-03-21,2017-03-23,Consumer,South,Technology,Machines,2933.11,2,0.1,-73.79
US-01008,2017-03-21,2017-03-27,Consumer,Central,Furniture,Tables,1285.74,1,0.0,345.08
US-01180,2017-03-21,2017-03-22,Home Office,East,Furniture,Chairs,215.06,2,0.0,20.55
US-03961,2017-03-21,2017-03-27,Corporate,South,Office Supplies,Binders,149.23,3,0.0,24.0
US-03961,2017-03-21,2017-03-27,Corporate,West,Office Supplies,Art,26.95,1,0.0,7.99
US-03961,2017-03-21,2017-03-26,Home Office,South,Office Supplies,Storage,228.25,5,0.0,52.88
US-00337,2017-03-22,2017-03-25,Corporate,West,Technology,Accessories,274.18,2,0.15,25.43
US-01382,2017-03-22,2017-03-24,Corporate,West,Office Supplies,Binders,29.12,3,0.0,2.62
US-01382,2017-03-22,2017-03-24,Corporate,Central,Office Supplies,Storage,117.96,1,0.1,33.32
US-04054,2017-03-22,2017-03-22,Home Office,West,Furniture,Furnishings,238.22,1,0.0,71.26
US-00268,2017-03-23,2017-03-27,Corporate,South,Technology,Phones,2113.42,3,0.4,-298.73
US-00268,2017-03-23,2017-03-25,Consumer,Central,Office Supplies,Storage,91.34,2,0.5,-7.07
US-00812,2017-03-23,2017-03-27,Consumer,South,Office Supplies,Envelopes,17.88,1,0.15,2.73
US-00812,2017-03-23,2017-03-23,Home Office,West,Office Supplies,Supplies,207.71,3,0.0,10.93
US-01260,2017-03-23,2017-03-24,Corporate,Central,Office Supplies,Fasteners,52.34,2,0.0,3.46
US-01405,2017-03-23,2017-03-29,Corporate,West,Furniture,Furnishings,381.46,1,0.0,69.86
US-02278,2017-03-23,2017-03-26,Home Office,West,Furniture,Bookcases,794.2,2,0.0,130.88
US-02404,2017-03-23,2017-03-28,Consumer,East,Technology,Copiers,950.75,1,0.3,-223.27
US-02404,2017-03-23,2017-03-26,Corporate,Central,Office Supplies,Paper,289.54,2,0.2,51.16
US-00391,2017-03-24,2017-03-26,Consumer,West,Technology,Machines,694.57,2,0.1,71.9
US-00538,2017-03-24,2017-03-24,Corporate,South,Technology,Copiers,1423.0,1,0.0,222.95
US-00697,2017-03-24,2017-03-28,Home Office,South,Office Supplies,Fasteners,7.86,1,0.0,0.9
US-02462,2017-03-24,2017-03-30,Corporate,East,Office Supplies,Appliances,1279.92,4,0.0,308.1
US-02462,2017-03-24,2017-03-25,Home Office,West,Furniture,Chairs,1039.67,2,0.2,247.16
US-04406,2017-03-24,2017-03-28,Consumer,South,Office Supplies,Supplies,244.95,5,0.0,55.66
US-04804,2017-03-24,2017-03-29,Home Office,East,Furniture,Chairs,1993.5,3,0.0,415.7
US-00306,2017-03-25,2017-03-27,Corporate,Central,Technology,Phones,346.06,1,0.0,19.82
US-04440,2017-03-26,2017-03-26,Home Office,South,Technology,Machines,916.53,1,0.0,47.2
US-01704,2017-03-27,2017-03-29,Corporate,South,Office Supplies,Supplies,80.6,4,0.0,24.01
US-01704,2017-03-27,2017-03-30,Home Office,Central,Office Supplies,Fasteners,24.32,1,0.2,-0.03
US-01704,2017-03-27,2017-03-27,Corporate,West,Furniture,Bookcases,676.09,3,0.0,136.55
US-01774,2017-03-27,2017-04-01,Consumer,Central,Technology,Copiers,9590.77,5,0.0,813.96
US-01774,2017-03-27,2017-03-28,Home Office,West,Office Supplies,Paper,51.11,1,0.0,3.67
US-01774,2017-03-27,2017-03-31,Home Office,South,Office Supplies,Labels,19.8,1,0.0,6.44
US-02720,2017-03-27,2017-03-30,Corporate,Central,Furniture,Chairs,1342.4,5,0.15,218.97
US-02720,2017-03-27,2017-03-31,Corporate,West,Technology,Phones,827.35,1,0.0,125.29
US-03213,2017-03-27,2017-03-28,Consumer,South,Technology,Phones,3331.26,4,0.0,1041.69
US-00913,2017-03-28,2017-03-28,Corporate,Central,Office Supplies,Supplies,29.08,2,0.4,-8.79
US-00913,2017-03-28,2017-03-28,Home Office,West,Office Supplies,Fasteners,5.83,1,0.4,-2.32
US-01626,2017-03-28,2017-03-31,Consumer,South,Furniture,Bookcases,1139.12,4,0.2,257.92
US-02635,2017-03-28,2017-03-28,Corporate,West,Office Supplies,Storage,790.67,3,0.0,123.56
US-03581,2017-03-28,2017-03-28,Consumer,South,Furniture,Bookcases,1601.44,3,0.0,533.13
US-03581,2017-03-28,2017-04-01,Corporate,East,Technology,Accessories,297.38,4,0.15,8.43
US-03581,2017-03-28,2017-03-28,Consumer,West,Office Supplies,Fasteners,75.09,3,0.4,-12.52
US-00373,2017-03-29,2017-03-31,Consumer,South,Office Supplies,Envelopes,86.56,2,0.5,-27.31
US-00373,2017-03-29,2017-04-02,Home Office,East,Technology,Phones,521.31,2,0.0,171.12
US-00373,2017-03-29,2017-04-04,Consumer,West,Office Supplies,Paper,595.03,3,0.0,105.74
US-01499,2017-03-29,2017-04-02,Consumer,West,Technology,Machines,1128.43,2,0.0,380.93
US-01811,2017-03-29,2017-03-29,Consumer,West,Office Supplies,Binders,85.76,1,0.0,8.39
US-03569,2017-03-29,2017-03-31,Corporate,West,Office Supplies,Binders,144.73,3,0.0,23.1
US-00108,2017-03-30,2017-04-04,Home Office,South,Furniture,Bookcases,371.43,2,0.1,89.89
US-00108,2017-03-30,2017-04-03,Consumer,West,Technology,Accessories,364.01,2,0.0,40.47
US-00409,2017-03-30,2017-04-05,Corporate,West,Technology,Machines,1829.36,2,0.0,282.08
US-00409,2017-03-30,2017-03-31,Corporate,Central,Furniture,Furnishings,232.07,2,0.1,19.15
US-00409,2017-03-30,2017-04-03,Consumer,South,Office Supplies,Supplies,126.15,5,0.15,2.12
US-01144,2017-03-30,2017-04-01,Consumer,West,Office Supplies,Binders,18.75,1,0.0,2.92
US-01144,2017-03-30,2017-03-30,Corporate,Central,Furniture,Tables,1863.9,2,0.3,-196.31
US-02687,2017-03-30,2017-04-05,Home Office,Central,Office Supplies,Art,461.88,2,0.0,48.98
US-03156,2017-03-30,2017-03-31,Corporate,South,Office Supplies,Supplies,313.75,5,0.2,1.25
US-03883,2017-03-30,2017-03-30,Home Office,South,Furniture,Furnishings,266.16,1,0.0,29.57
US-04405,2017-03-30,2017-04-04,Consumer,West,Technology,Accessories,247.34,1,0.3,25.1
US-04721,2017-03-30,2017-04-02,Consumer,Central,Office Supplies,Storage,104.0,1,0.0,29.36
US-00253,2017-03-31,2017-04-01,Corporate,South,Furniture,Chairs,990.96,3,0.2,51.84
US-00253,2017-03-31,2017-04-01,Corporate,South,Furniture,Furnishings,1601.9,4,0.0,503.97
US-00322,2017-03-31,2017-03-31,Consumer,Central,Furniture,Bookcases,1120.6,4,0.2,66.64
US-00322,2017-03-31,2017-04-04,Consumer,Central,Technology,Copiers,1585.15,2,0.0,178.67
US-00322,2017-03-31,2017-04-06,Consumer,South,Office Supplies,Supplies,147.57,2,0.15,20.98
US-02223,2017-03-31,2017-04-05,Consumer,Central,Furniture,Bookcases,226.56,2,0.2,40.14
US-02223,2017-03-31,2017-04-01,Home Office,Central,Technology,Copiers,1113.05,1,0.0,92.94
US-02283,2017-03-31,2017-04-02,Consumer,West,Technology,Accessories,447.15,3,0.0,101.03
US-02574,2017-03-31,2017-04-03,Home Office,Central,Technology,Machines,3546.19,5,0.0,611.56
US-03962,2017-03-31,2017-03-31,Consumer,West,Technology,Copiers,3721.53,2,0.0,1100.65
US-00362,2017-04-01,2017-04-06,Consumer,East,Technology,Accessories,200.67,1,0.3,6.93
US-01418,2017-04-01,2017-04-04,Consumer,East,Technology,Copiers,4194.99,4,0.0,1101.31
US-01637,2017-04-01,2017-04-03,Home Office,Central,Technology,Accessories,899.52,5,0.0,54.5
US-01745,2017-04-01,2017-04-03,Corporate,South,Technology,Machines,1007.1,1,0.0,291.96
US-02851,2017-04-01,2017-04-05,Corporate,South,Technology,Phones,424.52,1,0.2,94.87
US-03185,2017-04-01,2017-04-04,Consumer,South,Office Supplies,Art,181.36,1,0.0,43.11
US-03185,2017-04-01,2017-04-07,Home Office,Central,Office Supplies,Fasteners,3.48,1,0.0,1.09
US-01890,2017-04-02,2017-04-03,Corporate,West,Technology,Accessories,930.2,4,0.0,122.68
US-01890,2017-04-02,2017-04-02,Corporate,Central,Office Supplies,Paper,451.03,4,0.4,-95.6
US-01897,2017-04-02,2017-04-06,Consumer,East,Technology,Accessories,1159.24,4,0.15,212.98
US-02873,2017-04-02,2017-04-03,Consumer,West,Furniture,Bookcases,618.89,2,0.0,75.48
US-02873,2017-04-02,2017-04-05,Home Office,Central,Furniture,Furnishings,938.35,2,0.0,160.18
US-00636,2017-04-03,2017-04-09,Home Office,Central,Furniture,Chairs,398.47,4,0.0,100.03
US-00636,2017-04-03,2017-04-05,Consumer,West,Office Supplies,Storage,163.13,4,0.1,15.21
US-02915,2017-04-03,2017-04-07,Corporate,South,Technology,Phones,1185.23,3,0.0,193.75
US-02915,2017-04-03,2017-04-08,Home Office,West,Office Supplies,Labels,34.21,1,0.1,7.1
US-02915,2017-04-03,2017-04-05,Corporate,West,Technology,Copiers,1732.81,1,0.0,345.24
US-03798,2017-04-03,2017-04-03,Home Office,Central,Technology,Machines,1521.62,5,0.1,224.45
US-03798,2017-04-03,2017-04-09,Corporate,South,Office Supplies,Storage,701.93,2,0.0,131.56
US-04072,2017-04-03,2017-04-05,Consumer,Central,Technology,Phones,885.4,1,0.0,279.54
US-04072,2017-04-03,2017-04-08,Home Office,West,Technology,Copiers,622.21,2,0.0,113.59
US-04908,2017-04-03,2017-04-03,Consumer,South,Office Supplies,Labels,72.72,2,0.2,3.43
US-03646,2017-04-04,2017-04-04,Consumer,East,Office Supplies,Binders,30.14,1,0.2,-2.82
US-01968,2017-04-05,2017-04-08,Corporate,South,Furniture,Chairs,811.57,2,0.0,280.02
US-04281,2017-04-05,2017-04-05,Corporate,West,Technology,Phones,684.19,3,0.3,-13.53
US-04833,2017-04-05,2017-04-09,Consumer,Central,Office Supplies,Supplies,60.93,2,0.0,21.04
US-01004,2017-04-07,2017-04-13,Home Office,East,Furniture,Chairs,385.7,1,0.0,96.43
US-01004,2017-04-07,2017-04-11,Home Office,West,Furniture,Tables,1435.53,3,0.2,-203.4
US-03336,2017-04-07,2017-04-09,Corporate,South,Office Supplies,Appliances,648.98,2,0.0,61.99
US-03502,2017-04-07,2017-04-09,Corporate,West,Office Supplies,Fasteners,25.36,1,0.2,-2.35
US-00257,2017-04-08,2017-04-11,Home Office,Central,Office Supplies,Binders,62.8,3,0.3,4.05
US-00928,2017-04-08,2017-04-13,Consumer,South,Technology,Machines,5450.56,5,0.15,679.33
US-02052,2017-04-08,2017-04-10,Home Office,West,Office Supplies,Fasteners,10.13,1,0.15,-0.14
US-02827,2017-04-08,2017-04-09,Home Office,East,Office Supplies,Storage,228.66,1,0.2,-8.28
US-00569,2017-04-09,2017-04-11,Home Office,Central,Technology,Phones,1579.04,2,0.0,465.9
US-00569,2017-04-09,2017-04-10,Consumer,South,Technology,Phones,740.89,3,0.0,237.57
US-01247,2017-04-09,2017-04-11,Corporate,East,Technology,Phones,369.45,1,0.1,30.45
US-01247,2017-04-09,2017-04-14,Corporate,South,Technology,Copiers,684.05,2,0.2,111.28
US-01672,2017-04-09,2017-04-11,Home Office,East,Technology,Copiers,5767.34,3,0.0,744.89
US-02598,2017-04-09,2017-04-15,Consumer,East,Furniture,Bookcases,1457.77,3,0.5,-110.73
US-02793,2017-04-09,2017-04-11,Consumer,South,Furniture,Furnishings,415.4,2,0.5,-144.87
US-02952,2017-04-09,2017-04-10,Corporate,West,Office Supplies,Fasteners,46.04,2,0.3,1.77
US-03150,2017-04-09,2017-04-13,Home Office,West,Technology,Phones,559.75,1,0.0,122.14
US-03150,2017-04-09,2017-04-13,Home Office,West,Office Supplies,Envelopes,249.67,5,0.0,79.49
US-03150,2017-04-09,2017-04-09,Corporate,South,Office Supplies,Storage,64.73,1,0.1,8.62
US-04472,2017-04-09,2017-04-15,Corporate,Central,Office Supplies,Envelopes,160.63,5,0.0,25.42
US-01410,2017-04-10,2017-04-11,Home Office,South,Office Supplies,Art,731.8,4,0.3,-11.49
US-01763,2017-04-10,2017-04-13,Corporate,East,Technology,Phones,1984.32,3,0.4,-292.29
US-01763,2017-04-10,2017-04-11,Consumer,Central,Technology,Phones,2096.54,3,0.0,423.44
US-04613,2017-04-11,2017-04-16,Corporate,South,Technology,Machines,741.58,1,0.2,145.28
US-04613,2017-04-11,2017-04-11,Consumer,South,Technology,Accessories,310.85,1,0.0,41.43
US-00059,2017-04-12,2017-04-17,Consumer,East,Furniture,Furnishings,492.62,2,0.4,-109.57
US-00059,2017-04-12,2017-04-12,Home Office,Central,Technology,Phones,601.85,1,0.0,36.81
US-04632,2017-04-12,2017-04-13,Consumer,South,Furniture,Chairs,983.33,2,0.0,189.57
US-01356,2017-04-13,2017-04-14,Home Office,Central,Technology,Machines,1830.76,2,0.3,-43.62
US-04041,2017-04-13,2017-04-17,Consumer,Central,Office Supplies,Paper,352.76,2,0.0,29.64
US-04170,2017-04-13,2017-04-19,Corporate,East,Office Supplies,Paper,126.77,1,0.15,8.12
US-04854,2017-04-13,2017-04-13,Consumer,Central,Technology,Machines,2436.08,5,0.0,796.74
US-04854,2017-04-13,2017-04-19,Home Office,East,Furniture,Tables,1327.43,1,0.0,346.15
US-00242,2017-04-14,2017-04-17,Corporate,West,Technology,Accessories,369.11,3,0.1,7.23
US-00774,2017-04-14,2017-04-18,Consumer,South,Office Supplies,Binders,18.53,1,0.0,4.47
US-00889,2017-04-14,2017-04-14,Corporate,South,Technology,Phones,699.09,1,0.15,93.77
US-00889,2017-04-14,2017-04-15,Corporate,Central,Office Supplies,Binders,135.52,2,0.15,5.45
US-01322,2017-04-14,2017-04-19,Consumer,East,Furniture,Chairs,703.49,1,0.0,73.87
US-03286,2017-04-14,2017-04-14,Consumer,South,Furniture,Furnishings,598.07,3,0.15,-45.26
US-03286,2017-04-14,2017-04-19,Home Office,South,Furniture,Chairs,773.32,1,0.0,179.45
US-00588,2017-04-15,2017-04-16,Corporate,East,Office Supplies,Appliances,276.4,2,0.3,-61.61
US-04328,2017-04-15,2017-04-19,Home Office,Central,Technology,Copiers,442.82,2,0.1,74.8
US-04834,2017-04-15,2017-04-21,Home Office,East,Technology,Machines,462.29,2,0.0,115.68
US-04834,2017-04-15,2017-04-15,Home Office,West,Furniture,Tables,1879.93,3,0.0,614.92
US-04834,2017-04-15,2017-04-18,Home Office,South,Technology,Accessories,599.35,3,0.3,-44.49
US-04326,2017-04-16,2017-04-19,Corporate,East,Office Supplies,Storage,747.01,2,0.0,139.97
US-03098,2017-04-17,2017-04-23,Consumer,Central,Office Supplies,Storage,901.33,3,0.0,144.93
US-00512,2017-04-18,2017-04-22,Consumer,West,Office Supplies,Appliances,2003.01,4,0.0,543.56
US-03626,2017-04-18,2017-04-24,Home Office,Central,Office Supplies,Paper,85.1,1,0.15,-2.48
US-04179,2017-04-18,2017-04-23,Consumer,Central,Office Supplies,Supplies,78.07,1,0.1,19.32
US-04539,2017-04-18,2017-04-24,Consumer,East,Office Supplies,Appliances,1120.4,5,0.0,106.11
US-00520,2017-04-19,2017-04-25,Consumer,South,Technology,Accessories,373.53,1,0.15,67.66
US-01308,2017-04-19,2017-04-24,Consumer,South,Furniture,Furnishings,733.87,2,0.0,103.04
US-01308,2017-04-19,2017-04-25,Corporate,West,Furniture,Furnishings,202.86,2,0.1,48.11
US-01308,2017-04-19,2017-04-20,Consumer,East,Office Supplies,Appliances,2487.54,4,0.15,412.25
US-01313,2017-04-19,2017-04-22,Consumer,West,Furniture,Chairs,688.22,2,0.2,43.35
US-01358,2017-04-19,2017-04-22,Consumer,East,Office Supplies,Supplies,70.92,2,0.0,24.24
US-01358,2017-04-19,2017-04-20,Home Office,East,Office Supplies,Storage,484.27,3,0.0,41.85
US-02617,2017-04-19,2017-04-21,Home Office,West,Furniture,Bookcases,194.3,2,0.0,17.97
US-02617,2017-04-19,2017-04-20,Corporate,East,Technology,Machines,1025.32,1,0.0,348.12
US-02878,2017-04-19,2017-04-24,Corporate,East,Furniture,Furnishings,242.15,1,0.5,-56.02
US-00320,2017-04-20,2017-04-24,Corporate,South,Office Supplies,Storage,100.35,2,0.0,21.5
US-01120,2017-04-20,2017-04-24,Consumer,South,Office Supplies,Fasteners,21.72,4,0.0,5.44
US-01120,2017-04-20,2017-04-20,Consumer,South,Furniture,Chairs,664.27,1,0.0,94.78
US-01602,2017-04-20,2017-04-25,Home Office,South,Furniture,Chairs,217.08,1,0.0,58.38
US-01602,2017-04-20,2017-04-23,Corporate,South,Furniture,Tables,1931.51,2,0.0,106.08
US-03844,2017-04-21,2017-04-25,Corporate,West,Office Supplies,Storage,123.02,1,0.2,-10.29
US-04490,2017-04-21,2017-04-21,Home Office,West,Furniture,Tables,1002.94,3,0.0,267.35
US-04490,2017-04-21,2017-04-22,Corporate,South,Technology,Machines,2110.07,4,0.0,287.72
US-04490,2017-04-21,2017-04-24,Home Office,West,Office Supplies,Binders,361.0,4,0.0,57.42
US-00044,2017-04-22,2017-04-23,Corporate,West,Office Supplies,Envelopes,57.19,2,0.3,7.61
US-00044,2017-04-22,2017-04-25,Corporate,West,Office Supplies,Fasteners,15.12,1,0.0,1.99
US-00251,2017-04-22,2017-04-28,Consumer,South,Office Supplies,Fasteners,16.03,1,0.0,0.85
US-00251,2017-04-22,2017-04-27,Home Office,East,Office Supplies,Binders,47.39,1,0.4,-10.57
US-03692,2017-04-22,2017-04-22,Home Office,East,Furniture,Chairs,376.58,1,0.0,52.62
US-03692,2017-04-22,2017-04-24,Corporate,Central,Technology,Machines,2331.34,2,0.1,456.09
US-03789,2017-04-22,2017-04-26,Consumer,East,Furniture,Bookcases,448.51,1,0.0,130.63
US-03971,2017-04-22,2017-04-25,Consumer,Central,Office Supplies,Envelopes,8.09,1,0.3,0.59
US-00250,2017-04-23,2017-04-24,Home Office,Central,Technology,Accessories,1109.77,5,0.0,313.58
US-03184,2017-04-23,2017-04-25,Consumer,West,Furniture,Bookcases,1101.41,2,0.0,268.81
US-04964,2017-04-23,2017-04-29,Corporate,East,Furniture,Bookcases,524.63,1,0.5,-144.39
US-04964,2017-04-23,2017-04-27,Home Office,South,Furniture,Chairs,1281.45,2,0.0,279.31
US-01559,2017-04-24,2017-04-27,Home Office,Central,Technology,Machines,412.01,1,0.2,-12.75
US-02210,2017-04-24,2017-04-27,Home Office,South,Furniture,Tables,6987.46,5,0.15,-155.56
US-02210,2017-04-24,2017-04-30,Home Office,Central,Office Supplies,Fasteners,67.1,3,0.0,6.79
US-02359,2017-04-24,2017-04-25,Consumer,South,Furniture,Tables,3832.27,5,0.0,833.11
US-02721,2017-04-24,2017-04-25,Corporate,Central,Technology,Phones,1857.34,4,0.0,601.12
US-03901,2017-04-24,2017-04-28,Home Office,East,Office Supplies,Fasteners,2.18,1,0.15,0.21
US-01963,2017-04-25,2017-04-26,Home Office,East,Technology,Copiers,3974.29,2,0.0,790.31
US-01963,2017-04-25,2017-04-27,Corporate,South,Technology,Phones,2406.8,3,0.0,404.61
US-01963,2017-04-25,2017-04-25,Corporate,South,Office Supplies,Supplies,41.58,1,0.0,5.39
US-03366,2017-04-25,2017-04-27,Consumer,West,Technology,Accessories,94.78,1,0.0,8.1
US-04244,2017-04-25,2017-04-26,Corporate,East,Technology,Phones,1225.33,2,0.0,401.91
US-04244,2017-04-25,2017-04-30,Consumer,East,Technology,Accessories,662.84,2,0.0,187.25
US-04448,2017-04-25,2017-04-26,Consumer,East,Furniture,Bookcases,195.56,1,0.0,15.59
US-04448,2017-04-25,2017-04-28,Home Office,Central,Furniture,Furnishings,383.8,1,0.4,-109.3
US-04448,2017-04-25,2017-04-25,Home Office,Central,Technology,Accessories,12.51,1,0.0,1.0
US-00893,2017-04-26,2017-04-27,Consumer,East,Furniture,Furnishings,1145.63,4,0.0,385.91
US-00933,2017-04-26,2017-04-27,Corporate,East,Office Supplies,Labels,66.99,2,0.1,2.23
US-01296,2017-04-26,2017-04-30,Consumer,Central,Office Supplies,Binders,237.35,3,0.0,36.57
US-01296,2017-04-26,2017-04-29,Corporate,East,Office Supplies,Binders,179.65,3,0.4,-52.25
US-01296,2017-04-26,2017-04-30,Corporate,East,Office Supplies,Appliances,1655.44,3,0.0,111.46
US-02042,2017-04-26,2017-04-29,Corporate,Central,Office Supplies,Labels,39.69,1,0.1,0.74
US-03927,2017-04-26,2017-04-28,Consumer,South,Technology,Accessories,1477.45,4,0.4,-143.31
US-04036,2017-04-26,2017-05-01,Home Office,Central,Office Supplies,Art,176.37,1,0.0,41.27
US-00033,2017-04-27,2017-04-29,Consumer,Central,Office Supplies,Envelopes,85.93,2,0.0,29.66
US-02137,2017-04-27,2017-04-30,Consumer,South,Technology,Machines,859.03,1,0.0,291.92
US-02137,2017-04-27,2017-05-03,Consumer,West,Furniture,Bookcases,806.46,5,0.2,70.6
US-02137,2017-04-27,2017-04-28,Home Office,East,Technology,Machines,1279.52,1,0.4,-53.72
US-02843,2017-04-27,2017-04-29,Home Office,West,Office Supplies,Envelopes,31.71,4,0.15,5.99
US-04802,2017-04-27,2017-04-28,Consumer,Central,Office Supplies,Binders,24.63,1,0.0,2.26
US-01454,2017-04-28,2017-04-29,Corporate,South,Technology,Accessories,83.8,2,0.2,8.45
US-02061,2017-04-28,2017-05-03,Corporate,South,Office Supplies,Binders,382.42,5,0.15,-4.84
US-02061,2017-04-28,2017-05-03,Home Office,East,Technology,Accessories,640.13,2,0.0,105.24
US-02061,2017-04-28,2017-05-03,Home Office,South,Office Supplies,Storage,432.14,2,0.5,-8.81
US-03527,2017-04-28,2017-04-28,Consumer,South,Office Supplies,Envelopes,19.19,1,0.0,1.89
US-04431,2017-04-28,2017-05-02,Consumer,Central,Furniture,Chairs,825.76,2,0.0,235.21
US-04829,2017-04-28,2017-04-28,Consumer,Central,Office Supplies,Envelopes,155.42,5,0.1,40.96
US-00361,2017-04-29,2017-05-01,Consumer,Central,Technology,Phones,2373.66,5,0.2,564.16
US-00361,2017-04-29,2017-05-03,Corporate,West,Technology,Accessories,277.66,3,0.0,92.19
US-04643,2017-04-29,2017-04-30,Consumer,West,Furniture,Chairs,1592.52,2,0.0,196.5
US-04643,2017-04-29,2017-04-29,Consumer,Central,Office Supplies,Fasteners,6.57,1,0.0,2.21
US-00043,2017-05-01,2017-05-07,Consumer,Central,Furniture,Bookcases,1554.94,3,0.0,398.4
US-02973,2017-05-01,2017-05-07,Corporate,South,Furniture,Furnishings,1273.4,3,0.15,44.99
US-04491,2017-05-01,2017-05-05,Corporate,East,Technology,Copiers,5160.65,4,0.0,929.56
US-00868,2017-05-02,2017-05-05,Corporate,East,Furniture,Furnishings,291.69,1,0.0,86.84
US-00868,2017-05-02,2017-05-07,Home Office,East,Technology,Phones,2812.27,4,0.0,790.17
US-01855,2017-05-02,2017-05-05,Consumer,Central,Technology,Accessories,896.99,3,0.0,260.41
US-02199,2017-05-03,2017-05-03,Home Office,South,Office Supplies,Envelopes,91.83,2,0.3,-21.68
US-02199,2017-05-03,2017-05-05,Home Office,West,Furniture,Tables,701.48,1,0.0,197.69
US-04387,2017-05-03,2017-05-04,Consumer,East,Technology,Copiers,580.73,2,0.0,168.07
US-01035,2017-05-04,2017-05-08,Consumer,South,Furniture,Bookcases,996.18,2,0.15,110.08
US-03167,2017-05-04,2017-05-09,Home Office,Central,Furniture,Chairs,1002.21,2,0.5,-256.17
US-03167,2017-05-04,2017-05-05,Consumer,South,Technology,Copiers,600.67,3,0.0,202.05
US-00037,2017-05-05,2017-05-06,Home Office,West,Office Supplies,Fasteners,16.47,1,0.0,2.83
US-00628,2017-05-05,2017-05-05,Home Office,West,Furniture,Furnishings,181.98,2,0.0,63.37
US-00628,2017-05-05,2017-05-10,Corporate,East,Technology,Phones,682.71,1,0.4,-156.14
US-01424,2017-05-05,2017-05-09,Consumer,South,Technology,Accessories,238.59,1,0.15,32.62
US-02453,2017-05-05,2017-05-09,Corporate,West,Technology,Accessories,253.59,1,0.0,54.02
US-02453,2017-05-05,2017-05-06,Home Office,West,Furniture,Chairs,412.07,2,0.5,-135.1
US-01970,2017-05-06,2017-05-07,Corporate,Central,Furniture,Tables,1938.94,2,0.0,369.95
US-01384,2017-05-07,2017-05-13,Consumer,West,Office Supplies,Labels,41.49,2,0.0,7.15
US-01384,2017-05-07,2017-05-13,Consumer,Central,Furniture,Tables,904.29,1,0.0,167.0
US-02921,2017-05-07,2017-05-10,Corporate,Central,Office Supplies,Art,164.31,2,0.0,18.91
US-02921,2017-05-07,2017-05-09,Corporate,South,Technology,Copiers,5784.79,4,0.0,463.59
US-02921,2017-05-07,2017-05-08,Corporate,West,Technology,Copiers,3214.14,3,0.1,122.79
US-03422,2017-05-07,2017-05-12,Home Office,East,Office Supplies,Appliances,1405.86,2,0.0,275.63
US-01205,2017-05-08,2017-05-14,Corporate,East,Technology,Phones,527.72,4,0.0,62.04
US-03666,2017-05-08,2017-05-12,Consumer,East,Furniture,Furnishings,137.46,1,0.0,21.34
US-03666,2017-05-08,2017-05-12,Home Office,South,Furniture,Chairs,1322.23,2,0.15,225.68
US-03666,2017-05-08,2017-05-11,Home Office,Central,Office Supplies,Art,204.39,4,0.15,30.17
US-01175,2017-05-09,2017-05-11,Consumer,Central,Office Supplies,Paper,225.74,5,0.0,65.11
US-02619,2017-05-09,2017-05-09,Consumer,West,Technology,Copiers,1854.3,5,0.0,383.27
US-02619,2017-05-09,2017-05-14,Home Office,West,Furniture,Bookcases,1824.06,3,0.0,621.48
US-03209,2017-05-09,2017-05-10,Home Office,West,Technology,Machines,1372.31,4,0.15,158.65
US-03209,2017-05-09,2017-05-13,Home Office,West,Furniture,Bookcases,400.13,1,0.0,125.75
US-04953,2017-05-09,2017-05-15,Corporate,East,Office Supplies,Appliances,309.33,2,0.0,23.86
US-01171,2017-05-10,2017-05-13,Home Office,Central,Technology,Accessories,280.83,1,0.0,88.67
US-01171,2017-05-10,2017-05-10,Consumer,South,Technology,Copiers,5704.87,3,0.0,1239.48
US-01171,2017-05-10,2017-05-15,Consumer,East,Furniture,Furnishings,74.23,1,0.1,13.9
US-02957,2017-05-10,2017-05-15,Consumer,East,Technology,Machines,2390.08,4,0.0,556.25
US-02957,2017-05-10,2017-05-11,Corporate,Central,Office Supplies,Art,74.62,1,0.15,7.05
US-03560,2017-05-10,2017-05-10,Consumer,South,Technology,Phones,1166.89,3,0.0,259.85
US-03560,2017-05-10,2017-05-15,Consumer,West,Office Supplies,Envelopes,98.82,2,0.4,-29.31
US-03560,2017-05-10,2017-05-11,Home Office,West,Office Supplies,Supplies,100.04,2,0.0,23.83
US-03807,2017-05-10,2017-05-10,Corporate,East,Furniture,Tables,562.54,1,0.2,27.45
US-00801,2017-05-11,2017-05-14,Corporate,Central,Technology,Machines,1706.33,4,0.15,-26.78
US-01048,2017-05-12,2017-05-16,Consumer,West,Technology,Phones,213.17,3,0.0,62.27
US-02305,2017-05-12,2017-05-14,Consumer,South,Technology,Machines,4324.13,4,0.0,1285.14
US-02633,2017-05-12,2017-05-14,Home Office,South,Office Supplies,Binders,44.21,2,0.0,8.52
US-02633,2017-05-12,2017-05-15,Consumer,East,Office Supplies,Storage,554.06,2,0.0,138.53
US-00794,2017-05-13,2017-05-19,Corporate,East,Furniture,Chairs,1741.69,4,0.0,412.13
US-00794,2017-05-13,2017-05-17,Corporate,West,Office Supplies,Fasteners,11.77,1,0.0,3.77
US-00794,2017-05-13,2017-05-14,Corporate,South,Technology,Machines,6042.42,5,0.1,14.52
US-01190,2017-05-13,2017-05-16,Home Office,South,Office Supplies,Art,521.78,5,0.15,74.33
US-01573,2017-05-13,2017-05-17,Corporate,West,Technology,Phones,501.76,2,0.1,-9.02
US-01573,2017-05-13,2017-05-19,Corporate,East,Furniture,Chairs,985.29,2,0.0,168.01
US-02055,2017-05-13,2017-05-18,Corporate,Central,Technology,Phones,4285.05,5,0.3,-272.97
US-02055,2017-05-13,2017-05-17,Consumer,East,Furniture,Furnishings,730.55,2,0.0,57.37
US-02055,2017-05-13,2017-05-15,Consumer,West,Furniture,Chairs,1303.54,4,0.0,131.98
US-04409,2017-05-13,2017-05-19,Home Office,West,Furniture,Furnishings,617.59,5,0.15,-56.34
US-04409,2017-05-13,2017-05-14,Home Office,Central,Technology,Copiers,833.17,1,0.0,153.5
US-04409,2017-05-13,2017-05-13,Corporate,West,Furniture,Bookcases,2563.64,5,0.2,555.57
US-01528,2017-05-14,2017-05-15,Home Office,East,Office Supplies,Appliances,58.51,1,0.0,10.71
US-00532,2017-05-15,2017-05-17,Corporate,South,Technology,Machines,3098.37,3,0.4,-261.05
US-00532,2017-05-15,2017-05-16,Consumer,West,Technology,Accessories,285.39,2,0.0,94.92
US-00532,2017-05-15,2017-05-21,Home Office,West,Office Supplies,Paper,138.1,2,0.0,22.99
US-01167,2017-05-15,2017-05-21,Corporate,West,Office Supplies,Binders,83.4,2,0.0,26.0
US-03233,2017-05-15,2017-05-18,Home Office,Central,Furniture,Bookcases,1063.69,3,0.2,-13.48
US-03233,2017-05-15,2017-05-15,Consumer,East,Technology,Copiers,1224.0,2,0.0,426.29
US-03918,2017-05-15,2017-05-17,Corporate,West,Office Supplies,Fasteners,23.5,1,0.0,2.17
US-02257,2017-05-16,2017-05-20,Home Office,Central,Furniture,Bookcases,365.9,2,0.0,38.21
US-02257,2017-05-16,2017-05-19,Home Office,East,Office Supplies,Appliances,613.06,1,0.0,161.18
US-02679,2017-05-17,2017-05-23,Home Office,East,Office Supplies,Supplies,144.02,2,0.1,31.71
US-04717,2017-05-17,2017-05-22,Corporate,South,Furniture,Bookcases,274.94,1,0.3,-20.86
US-01368,2017-05-18,2017-05-24,Consumer,South,Office Supplies,Paper,166.04,1,0.0,37.58
US-01585,2017-05-18,2017-05-20,Corporate,East,Office Supplies,Envelopes,93.79,3,0.0,26.54
US-03361,2017-05-18,2017-05-20,Home Office,West,Furniture,Chairs,111.57,1,0.15,2.32
US-03373,2017-05-18,2017-05-22,Home Office,West,Office Supplies,Storage,37.92,1,0.0,3.04
US-03373,2017-05-18,2017-05-20,Corporate,East,Technology,Machines,1340.74,1,0.15,87.62
US-03373,2017-05-18,2017-05-21,Corporate,West,Technology,Machines,1504.12,3,0.2,225.14
US-03640,2017-05-18,2017-05-23,Home Office,East,Furniture,Tables,2721.66,2,0.0,353.35
US-03640,2017-05-18,2017-05-20,Consumer,Central,Office Supplies,Supplies,71.14,1,0.5,-21.42
US-00079,2017-05-19,2017-05-24,Consumer,East,Office Supplies,Labels,36.84,1,0.1,6.99
US-00079,2017-05-19,2017-05-24,Home Office,South,Office Supplies,Fasteners,20.02,1,0.0,5.22
US-00079,2017-05-19,2017-05-25,Home Office,South,Office Supplies,Art,157.46,1,0.0,52.8
US-01688,2017-05-19,2017-05-19,Corporate,West,Furniture,Tables,3942.38,3,0.0,605.63
US-03173,2017-05-19,2017-05-24,Home Office,Central,Technology,Accessories,169.97,3,0.0,56.98
US-04101,2017-05-19,2017-05-20,Home Office,West,Technology,Accessories,415.85,2,0.15,19.5
US-01547,2017-05-20,2017-05-22,Home Office,South,Office Supplies,Appliances,1474.13,4,0.0,136.45
US-01821,2017-05-20,2017-05-23,Home Office,Central,Furniture,Tables,4128.02,4,0.0,943.26
US-01821,2017-05-20,2017-05-25,Consumer,Central,Office Supplies,Fasteners,18.71,3,0.1,3.95
US-01821,2017-05-20,2017-05-26,Consumer,South,Technology,Machines,533.69,1,0.15,55.03
US-04950,2017-05-20,2017-05-26,Home Office,West,Furniture,Chairs,578.31,1,0.2,-0.31
US-01295,2017-05-21,2017-05-25,Home Office,South,Technology,Phones,1132.55,2,0.1,-10.61
US-01489,2017-05-21,2017-05-27,Home Office,West,Technology,Accessories,163.37,2,0.0,13.04
US-01277,2017-05-22,2017-05-28,Consumer,West,Office Supplies,Appliances,649.92,1,0.0,90.56
US-00315,2017-05-23,2017-05-23,Consumer,South,Furniture,Furnishings,255.89,1,0.0,15.27
US-00345,2017-05-23,2017-05-23,Home Office,East,Technology,Phones,655.31,1,0.3,43.17
US-01383,2017-05-23,2017-05-27,Corporate,East,Technology,Machines,843.62,1,0.0,184.18
US-01383,2017-05-23,2017-05-24,Home Office,East,Furniture,Furnishings,624.12,4,0.0,93.03
US-04819,2017-05-23,2017-05-28,Corporate,South,Furniture,Furnishings,174.67,1,0.15,11.6
US-04819,2017-05-23,2017-05-27,Consumer,East,Furniture,Bookcases,1561.3,4,0.0,341.97
US-03330,2017-05-24,2017-05-29,Home Office,South,Technology,Accessories,413.95,3,0.0,54.42
US-03330,2017-05-24,2017-05-28,Consumer,Central,Furniture,Chairs,2106.32,3,0.0,558.27
US-03330,2017-05-24,2017-05-24,Corporate,West,Office Supplies,Fasteners,72.62,3,0.0,15.58
US-03417,2017-05-24,2017-05-24,Consumer,South,Office Supplies,Envelopes,82.01,3,0.0,18.86
US-03085,2017-05-25,2017-05-28,Corporate,West,Technology,Phones,459.51,2,0.0,55.81
US-00042,2017-05-26,2017-05-30,Home Office,South,Furniture,Chairs,786.76,2,0.2,160.7
US-00042,2017-05-26,2017-05-29,Consumer,East,Technology,Accessories,113.21,1,0.0,24.41
US-00792,2017-05-26,2017-05-28,Home Office,Central,Technology,Accessories,47.24,1,0.5,-14.67
US-00870,2017-05-26,2017-05-30,Corporate,South,Technology,Accessories,11.27,1,0.4,0.01
US-02070,2017-05-26,2017-06-01,Consumer,West,Office Supplies,Envelopes,225.95,5,0.0,22.28
US-02444,2017-05-26,2017-06-01,Corporate,West,Office Supplies,Binders,90.94,2,0.0,14.0
US-02444,2017-05-26,2017-05-31,Consumer,South,Office Supplies,Paper,429.73,4,0.1,49.79
US-03594,2017-05-26,2017-06-01,Home Office,Central,Furniture,Furnishings,1553.47,4,0.0,145.74
US-04003,2017-05-26,2017-06-01,Corporate,South,Technology,Copiers,989.89,1,0.0,328.47
US-01572,2017-05-27,2017-05-27,Consumer,South,Furniture,Chairs,64.75,1,0.15,11.55
US-01572,2017-05-27,2017-05-30,Corporate,Central,Office Supplies,Fasteners,56.35,2,0.0,13.25
US-04511,2017-05-27,2017-06-01,Corporate,East,Office Supplies,Supplies,173.84,2,0.0,33.53
US-01902,2017-05-28,2017-06-03,Home Office,East,Furniture,Chairs,119.42,1,0.0,9.36
US-01902,2017-05-28,2017-05-31,Corporate,Central,Furniture,Tables,3639.57,3,0.15,44.05
US-04836,2017-05-28,2017-05-31,Corporate,Central,Technology,Copiers,1060.7,2,0.0,217.26
US-03751,2017-05-29,2017-05-30,Home Office,East,Office Supplies,Binders,70.4,1,0.1,5.44
US-03751,2017-05-29,2017-05-31,Consumer,West,Office Supplies,Art,457.46,4,0.0,107.17
US-01510,2017-05-30,2017-06-04,Home Office,West,Technology,Phones,788.16,2,0.1,141.44
US-04108,2017-05-30,2017-06-03,Home Office,Central,Furniture,Furnishings,1912.88,5,0.15,224.22
US-02205,2017-05-31,2017-06-06,Consumer,Central,Furniture,Chairs,585.3,2,0.0,173.39
US-02205,2017-05-31,2017-06-04,Corporate,South,Office Supplies,Paper,13.02,1,0.1,-0.38
US-00883,2017-06-01,2017-06-01,Corporate,East,Office Supplies,Fasteners,44.22,3,0.15,-1.77
US-03978,2017-06-01,2017-06-03,Consumer,Central,Furniture,Chairs,966.7,2,0.0,225.48
US-04628,2017-06-01,2017-06-01,Corporate,West,Office Supplies,Binders,54.76,1,0.0,11.36
US-00743,2017-06-02,2017-06-04,Corporate,East,Technology,Copiers,545.43,1,0.0,53.12
US-00743,2017-06-02,2017-06-04,Home Office,South,Office Supplies,Storage,316.31,1,0.4,-78.49
US-02731,2017-06-02,2017-06-06,Corporate,Central,Technology,Phones,583.13,1,0.0,110.36
US-02731,2017-06-02,2017-06-02,Corporate,Central,Office Supplies,Art,1283.67,5,0.0,91.54
US-03465,2017-06-02,2017-06-08,Consumer,West,Technology,Copiers,963.86,1,0.4,-93.36
US-03860,2017-06-03,2017-06-06,Home Office,East,Furniture,Furnishings,223.29,5,0.0,34.66
US-03860,2017-06-03,2017-06-07,Corporate,South,Office Supplies,Art,284.38,1,0.5,-97.69
US-03860,2017-06-03,2017-06-04,Home Office,West,Furniture,Furnishings,66.52,1,0.5,-11.79
US-01720,2017-06-04,2017-06-10,Corporate,Central,Office Supplies,Envelopes,24.07,1,0.0,5.09
US-02895,2017-06-04,2017-06-10,Corporate,Central,Office Supplies,Labels,15.41,3,0.15,0.05
US-03638,2017-06-04,2017-06-05,Consumer,South,Furniture,Bookcases,379.71,1,0.0,63.36
US-03638,2017-06-04,2017-06-08,Corporate,West,Office Supplies,Paper,456.22,3,0.15,24.33
US-01155,2017-06-05,2017-06-11,Consumer,East,Technology,Accessories,1439.69,4,0.0,408.35
US-04865,2017-06-05,2017-06-06,Corporate,West,Furniture,Chairs,201.12,1,0.15,21.2
US-04865,2017-06-05,2017-06-08,Corporate,South,Office Supplies,Labels,3.74,1,0.0,0.89
US-04998,2017-06-05,2017-06-05,Consumer,East,Office Supplies,Art,56.03,2,0.15,11.92
US-04998,2017-06-05,2017-06-10,Home Office,South,Furniture,Furnishings,1415.7,4,0.0,337.96
US-00224,2017-06-06,2017-06-11,Corporate,South,Technology,Copiers,806.57,2,0.0,103.63
US-00224,2017-06-06,2017-06-06,Home Office,East,Office Supplies,Supplies,293.7,3,0.0,60.78
US-02412,2017-06-06,2017-06-10,Consumer,South,Furniture,Furnishings,549.74,2,0.0,189.21
US-00951,2017-06-07,2017-06-11,Corporate,South,Office Supplies,Storage,281.08,5,0.2,23.28
US-00951,2017-06-07,2017-06-07,Consumer,East,Office Supplies,Appliances,3299.36,5,0.0,270.63
US-00951,2017-06-07,2017-06-11,Consumer,South,Furniture,Bookcases,573.98,2,0.0,154.27
US-01010,2017-06-07,2017-06-07,Home Office,South,Office Supplies,Appliances,793.9,1,0.1,85.23
US-01824,2017-06-07,2017-06-09,Consumer,Central,Technology,Accessories,206.29,1,0.15,26.92
US-03111,2017-06-07,2017-06-13,Consumer,West,Office Supplies,Supplies,99.69,1,0.0,19.66
US-00312,2017-06-08,2017-06-09,Corporate,East,Office Supplies,Envelopes,59.85,2,0.0,13.86
US-00312,2017-06-08,2017-06-14,Home Office,East,Technology,Copiers,1752.66,1,0.15,206.71
US-00312,2017-06-08,2017-06-13,Corporate,West,Technology,Copiers,6016.06,5,0.0,874.01
US-00823,2017-06-08,2017-06-09,Consumer,West,Technology,Copiers,1602.1,3,0.0,288.2
US-00823,2017-06-08,2017-06-13,Corporate,Central,Technology,Accessories,253.93,1,0.2,23.65
US-00903,2017-06-08,2017-06-08,Corporate,West,Office Supplies,Envelopes,73.15,3,0.0,15.48
US-00903,2017-06-08,2017-06-09,Corporate,West,Technology,Accessories,780.25,4,0.3,36.2
US-00903,2017-06-08,2017-06-10,Corporate,Central,Office Supplies,Envelopes,51.34,3,0.0,6.1
US-01946,2017-06-08,2017-06-09,Consumer,Central,Office Supplies,Art,303.07,4,0.3,-18.26
US-02188,2017-06-08,2017-06-10,Home Office,South,Technology,Phones,432.26,2,0.0,120.92
US-02188,2017-06-08,2017-06-12,Consumer,East,Technology,Phones,963.69,3,0.15,4.32
US-02665,2017-06-08,2017-06-08,Consumer,East,Technology,Copiers,3565.03,2,0.1,79.25
US-02665,2017-06-08,2017-06-08,Consumer,Central,Office Supplies,Art,894.46,3,0.0,162.66
US-04267,2017-06-09,2017-06-12,Home Office,East,Office Supplies,Binders,103.33,3,0.0,6.16
US-01093,2017-06-10,2017-06-16,Home Office,Central,Office Supplies,Envelopes,88.77,2,0.0,18.96
US-04533,2017-06-10,2017-06-12,Corporate,East,Office Supplies,Storage,153.11,2,0.0,41.11
US-04533,2017-06-10,2017-06-11,Consumer,Central,Office Supplies,Binders,71.04,2,0.3,-5.42
US-03008,2017-06-11,2017-06-11,Home Office,West,Technology,Accessories,287.69,5,0.0,93.31
US-03008,2017-06-11,2017-06-17,Corporate,West,Office Supplies,Envelopes,3.24,1,0.0,0.76
US-00470,2017-06-12,2017-06-15,Consumer,South,Technology,Phones,2974.11,5,0.0,986.3
US-00470,2017-06-12,2017-06-16,Corporate,Central,Technology,Phones,489.67,1,0.15,-52.56
US-01469,2017-06-12,2017-06-17,Consumer,Central,Office Supplies,Paper,84.34,2,0.0,11.4
US-02658,2017-06-12,2017-06-13,Consumer,South,Office Supplies,Storage,1026.68,3,0.0,294.87
US-02658,2017-06-12,2017-06-12,Consumer,East,Technology,Machines,3188.8,3,0.0,333.18
US-00765,2017-06-13,2017-06-17,Corporate,East,Technology,Copiers,1514.05,1,0.15,78.14
US-00103,2017-06-14,2017-06-17,Corporate,Central,Furniture,Chairs,200.48,1,0.5,-73.7
US-00103,2017-06-14,2017-06-20,Home Office,South,Technology,Phones,871.68,1,0.0,56.8
US-00103,2017-06-14,2017-06-16,Corporate,West,Office Supplies,Storage,683.85,2,0.3,-28.83
US-00982,2017-06-14,2017-06-18,Consumer,West,Furniture,Tables,3405.69,3,0.0,793.97
US-01557,2017-06-14,2017-06-15,Consumer,East,Office Supplies,Supplies,275.6,3,0.0,32.59
US-01640,2017-06-14,2017-06-20,Consumer,Central,Technology,Accessories,171.87,3,0.0,59.89
US-01640,2017-06-14,2017-06-16,Home Office,East,Furniture,Chairs,1527.09,2,0.0,346.25
US-01947,2017-06-14,2017-06-17,Consumer,West,Furniture,Bookcases,1628.14,3,0.0,225.25
US-01947,2017-06-14,2017-06-18,Home Office,South,Furniture,Furnishings,962.73,3,0.0,74.8
US-01992,2017-06-14,2017-06-18,Consumer,Central,Technology,Phones,3172.16,4,0.0,429.07
US-02322,2017-06-14,2017-06-20,Consumer,Central,Furniture,Furnishings,414.61,3,0.4,-82.04
US-04837,2017-06-14,2017-06-18,Corporate,Central,Technology,Phones,532.34,2,0.0,125.38
US-01665,2017-06-15,2017-06-15,Consumer,South,Office Supplies,Appliances,3023.85,5,0.0,868.37
US-04812,2017-06-15,2017-06-18,Corporate,South,Technology,Machines,1433.65,1,0.0,289.16
US-01729,2017-06-16,2017-06-19,Consumer,Central,Office Supplies,Storage,1131.85,4,0.0,225.07
US-01729,2017-06-16,2017-06-19,Consumer,East,Furniture,Chairs,1571.38,2,0.0,448.08
US-01729,2017-06-16,2017-06-16,Home Office,Central,Technology,Accessories,1073.38,3,0.0,95.99
US-02202,2017-06-17,2017-06-23,Corporate,West,Furniture,Chairs,1378.69,2,0.15,103.2
US-02202,2017-06-17,2017-06-18,Corporate,East,Office Supplies,Supplies,8.08,1,0.0,0.61
US-01376,2017-06-18,2017-06-21,Home Office,Central,Furniture,Chairs,1115.12,3,0.2,257.4
US-02136,2017-06-18,2017-06-22,Home Office,East,Furniture,Chairs,1315.67,2,0.2,-88.56
US-02136,2017-06-18,2017-06-23,Consumer,South,Furniture,Furnishings,1667.98,5,0.0,424.93
US-02136,2017-06-18,2017-06-23,Home Office,South,Technology,Accessories,241.1,4,0.4,-45.76
US-02789,2017-06-18,2017-06-18,Corporate,South,Furniture,Tables,859.88,1,0.0,221.29
US-03889,2017-06-18,2017-06-20,Consumer,West,Technology,Phones,1734.61,2,0.1,59.71
US-03889,2017-06-18,2017-06-18,Home Office,East,Office Supplies,Storage,335.4,1,0.1,32.52
US-03889,2017-06-18,2017-06-21,Home Office,West,Furniture,Chairs,1457.19,4,0.1,100.68
US-00071,2017-06-19,2017-06-19,Corporate,South,Technology,Accessories,536.31,2,0.0,70.77
US-00081,2017-06-19,2017-06-19,Consumer,East,Technology,Phones,611.16,3,0.1,134.65
US-00081,2017-06-19,2017-06-25,Corporate,Central,Furniture,Chairs,1850.31,3,0.0,225.28
US-02452,2017-06-19,2017-06-19,Consumer,South,Technology,Copiers,5005.09,3,0.0,814.5
US-02896,2017-06-19,2017-06-22,Consumer,Central,Office Supplies,Storage,24.03,1,0.15,4.8
US-00271,2017-06-20,2017-06-20,Consumer,West,Furniture,Bookcases,1497.01,3,0.1,286.48
US-00271,2017-06-20,2017-06-26,Home Office,Central,Office Supplies,Labels,103.54,5,0.3,5.96
US-00433,2017-06-20,2017-06-25,Home Office,South,Office Supplies,Labels,32.58,1,0.0,3.49
US-01742,2017-06-20,2017-06-22,Corporate,Central,Office Supplies,Appliances,514.79,5,0.0,125.17
US-01742,2017-06-20,2017-06-22,Consumer,South,Furniture,Tables,1101.14,1,0.0,318.82
US-02054,2017-06-20,2017-06-21,Home Office,South,Office Supplies,Supplies,86.62,2,0.0,22.29
US-02960,2017-06-20,2017-06-25,Consumer,West,Office Supplies,Fasteners,25.71,1,0.0,7.27
US-02960,2017-06-20,2017-06-22,Home Office,Central,Office Supplies,Labels,8.39,1,0.0,0.46
US-04518,2017-06-20,2017-06-20,Home Office,Central,Office Supplies,Appliances,241.45,1,0.1,43.2
US-00455,2017-06-21,2017-06-21,Home Office,East,Furniture,Bookcases,1090.69,2,0.0,269.92
US-02699,2017-06-21,2017-06-21,Home Office,South,Furniture,Chairs,903.3,2,0.2,12.59
US-02699,2017-06-21,2017-06-21,Corporate,East,Furniture,Furnishings,451.71,4,0.0,105.5
US-04241,2017-06-21,2017-06-21,Home Office,East,Technology,Phones,3954.17,5,0.0,1327.39
US-04241,2017-06-21,2017-06-26,Corporate,West,Office Supplies,Labels,63.82,2,0.1,12.78
US-04241,2017-06-21,2017-06-27,Home Office,East,Technology,Phones,389.81,1,0.0,130.83
US-04676,2017-06-21,2017-06-23,Home Office,Central,Office Supplies,Supplies,248.69,3,0.0,71.89
US-04676,2017-06-21,2017-06-22,Home Office,East,Furniture,Tables,663.02,1,0.15,156.74
US-01109,2017-06-23,2017-06-25,Consumer,West,Furniture,Chairs,653.08,1,0.0,128.04
US-01400,2017-06-24,2017-06-27,Consumer,Central,Office Supplies,Labels,98.78,4,0.0,29.34
US-03122,2017-06-24,2017-06-26,Corporate,South,Office Supplies,Art,96.24,3,0.2,-0.59
US-04236,2017-06-24,2017-06-27,Corporate,East,Technology,Machines,1457.06,3,0.0,309.93
US-00057,2017-06-25,2017-06-30,Home Office,West,Technology,Copiers,3652.25,2,0.0,665.61
US-00057,2017-06-25,2017-06-27,Corporate,South,Technology,Machines,387.11,1,0.0,132.18
US-01627,2017-06-25,2017-06-25,Consumer,East,Technology,Copiers,2279.66,3,0.0,488.58
US-02370,2017-06-25,2017-06-26,Corporate,Central,Technology,Phones,1875.44,4,0.0,641.44
US-02370,2017-06-25,2017-06-28,Home Office,West,Office Supplies,Appliances,736.15,1,0.0,100.11
US-03056,2017-06-25,2017-06-28,Corporate,Central,Office Supplies,Paper,90.14,1,0.15,-5.09
US-03056,2017-06-25,2017-07-01,Home Office,East,Office Supplies,Envelopes,13.06,1,0.2,0.79
US-03277,2017-06-25,2017-06-30,Corporate,West,Office Supplies,Fasteners,56.11,2,0.0,7.71
US-03277,2017-06-25,2017-06-30,Home Office,West,Technology,Copiers,5274.82,3,0.0,1090.05
US-03277,2017-06-25,2017-06-28,Consumer,South,Furniture,Tables,3580.4,4,0.0,762.75
US-00660,2017-06-26,2017-06-30,Home Office,West,Furniture,Tables,2499.23,2,0.4,123.12
US-00660,2017-06-26,2017-07-01,Consumer,South,Furniture,Furnishings,1221.6,5,0.0,393.74
US-02442,2017-06-26,2017-06-28,Corporate,West,Furniture,Tables,1159.08,1,0.0,171.85
US-04656,2017-06-26,2017-06-29,Home Office,South,Technology,Copiers,1470.58,3,0.0,327.95
US-01589,2017-06-27,2017-07-02,Home Office,Central,Technology,Phones,1074.02,3,0.0,97.4
US-01589,2017-06-27,2017-06-27,Home Office,West,Technology,Copiers,2059.25,2,0.3,-411.87
US-01625,2017-06-27,2017-07-01,Corporate,East,Office Supplies,Supplies,141.82,2,0.1,8.44
US-03004,2017-06-27,2017-06-30,Home Office,Central,Office Supplies,Binders,11.74,1,0.0,1.74
US-03004,2017-06-27,2017-07-03,Consumer,Central,Furniture,Chairs,447.27,5,0.0,134.07
US-03004,2017-06-27,2017-06-30,Consumer,South,Technology,Phones,136.14,1,0.2,6.81
US-04436,2017-06-27,2017-07-03,Consumer,East,Office Supplies,Labels,59.29,3,0.0,7.17
US-04436,2017-06-27,2017-06-28,Home Office,South,Office Supplies,Supplies,299.15,4,0.3,-29.13
US-04805,2017-06-27,2017-07-01,Corporate,Central,Technology,Machines,708.42,1,0.0,232.18
US-04805,2017-06-27,2017-07-02,Corporate,West,Furniture,Chairs,1321.28,4,0.0,218.84
US-02509,2017-06-28,2017-07-02,Consumer,South,Furniture,Chairs,1531.53,2,0.5,25.28
US-02509,2017-06-28,2017-07-04,Consumer,West,Office Supplies,Art,220.27,2,0.0,29.95
US-03002,2017-06-29,2017-06-29,Home Office,South,Office Supplies,Labels,9.24,1,0.15,1.78
US-01865,2017-06-30,2017-07-06,Consumer,South,Office Supplies,Binders,110.49,3,0.2,8.61
US-03214,2017-06-30,2017-07-02,Corporate,East,Office Supplies,Supplies,229.8,4,0.0,57.25
US-04398,2017-06-30,2017-07-04,Consumer,West,Technology,Machines,506.52,1,0.0,134.51
US-04494,2017-06-30,2017-07-04,Corporate,West,Technology,Phones,1089.98,4,0.0,357.07
US-00983,2017-07-01,2017-07-04,Home Office,South,Furniture,Tables,1134.1,1,0.2,-39.37
US-02964,2017-07-01,2017-07-03,Corporate,South,Office Supplies,Fasteners,18.34,1,0.15,0.17
US-04126,2017-07-01,2017-07-07,Corporate,Central,Technology,Accessories,351.55,3,0.0,72.21
US-01084,2017-07-02,2017-07-08,Consumer,South,Office Supplies,Supplies,24.21,1,0.0,2.76
US-01977,2017-07-02,2017-07-06,Corporate,Central,Furniture,Furnishings,893.21,2,0.1,179.13
US-02786,2017-07-02,2017-07-04,Home Office,East,Furniture,Bookcases,1961.18,4,0.1,242.37
US-02786,2017-07-02,2017-07-08,Home Office,Central,Office Supplies,Labels,102.64,4,0.0,11.04
US-03606,2017-07-02,2017-07-03,Home Office,Central,Furniture,Tables,4400.5,3,0.1,355.33
US-03606,2017-07-02,2017-07-05,Home Office,East,Furniture,Furnishings,620.27,2,0.0,56.74
US-03869,2017-07-02,2017-07-06,Home Office,South,Office Supplies,Labels,39.61,1,0.0,13.41
US-04572,2017-07-02,2017-07-08,Home Office,West,Furniture,Tables,1084.2,2,0.0,276.04
US-04572,2017-07-02,2017-07-04,Corporate,East,Furniture,Tables,1101.64,1,0.1,85.86
US-02908,2017-07-03,2017-07-06,Home Office,East,Technology,Phones,2109.76,5,0.15,127.55
US-04063,2017-07-03,2017-07-04,Consumer,Central,Office Supplies,Supplies,273.32,5,0.0,69.76
US-01566,2017-07-04,2017-07-05,Consumer,South,Technology,Copiers,1175.07,1,0.0,144.62
US-03817,2017-07-04,2017-07-10,Home Office,South,Office Supplies,Envelopes,12.72,1,0.0,3.68
US-03817,2017-07-04,2017-07-07,Home Office,South,Office Supplies,Supplies,310.99,5,0.0,58.57
US-04164,2017-07-04,2017-07-05,Home Office,South,Technology,Copiers,3909.24,2,0.0,841.97
US-04164,2017-07-04,2017-07-04,Corporate,West,Office Supplies,Binders,52.14,1,0.2,-1.55
US-04164,2017-07-04,2017-07-05,Corporate,Central,Office Supplies,Art,1386.55,5,0.5,-447.09
US-04702,2017-07-04,2017-07-07,Home Office,West,Furniture,Furnishings,943.74,3,0.0,285.29
US-01032,2017-07-05,2017-07-07,Home Office,West,Furniture,Furnishings,1645.41,4,0.5,-385.91
US-02660,2017-07-05,2017-07-05,Consumer,West,Office Supplies,Fasteners,18.02,1,0.0,3.23
US-03059,2017-07-05,2017-07-08,Home Office,Central,Office Supplies,Storage,393.58,2,0.0,54.19
US-03059,2017-07-05,2017-07-06,Corporate,West,Office Supplies,Fasteners,40.25,2,0.4,-9.16
US-04034,2017-07-05,2017-07-10,Home Office,East,Furniture,Chairs,1323.21,3,0.0,418.45
US-04034,2017-07-05,2017-07-10,Corporate,West,Office Supplies,Envelopes,48.3,1,0.0,16.57
US-04118,2017-07-05,2017-07-10,Home Office,East,Technology,Copiers,3869.98,2,0.0,881.49
US-04118,2017-07-05,2017-07-11,Corporate,West,Furniture,Tables,1517.02,2,0.0,229.29
US-04296,2017-07-06,2017-07-07,Home Office,South,Technology,Copiers,5520.75,5,0.0,1673.57
US-04821,2017-07-06,2017-07-06,Corporate,East,Office Supplies,Appliances,235.16,1,0.0,58.99
US-04821,2017-07-06,2017-07-07,Home Office,Central,Technology,Accessories,237.68,1,0.0,11.97
US-04827,2017-07-06,2017-07-08,Consumer,Central,Technology,Copiers,3533.67,2,0.15,-0.18
US-00525,2017-07-07,2017-07-08,Home Office,East,Office Supplies,Art,33.14,1,0.0,2.3
US-03350,2017-07-07,2017-07-13,Consumer,West,Office Supplies,Art,509.26,5,0.1,37.41
US-03350,2017-07-07,2017-07-12,Home Office,West,Office Supplies,Envelopes,45.64,2,0.1,-0.31
US-00929,2017-07-08,2017-07-09,Consumer,East,Furniture,Furnishings,414.71,1,0.0,43.05
US-04824,2017-07-08,2017-07-10,Home Office,West,Furniture,Furnishings,745.06,2,0.0,159.4
US-04824,2017-07-08,2017-07-08,Corporate,West,Furniture,Chairs,1228.84,2,0.0,102.44
US-00841,2017-07-09,2017-07-11,Corporate,Central,Office Supplies,Fasteners,16.3,1,0.0,3.79
US-03879,2017-07-09,2017-07-12,Home Office,South,Office Supplies,Appliances,420.39,4,0.0,90.92
US-03879,2017-07-09,2017-07-10,Corporate,South,Technology,Machines,1688.81,3,0.0,516.08
US-00419,2017-07-10,2017-07-14,Consumer,East,Furniture,Bookcases,704.26,3,0.15,109.93
US-00634,2017-07-10,2017-07-12,Corporate,South,Furniture,Chairs,262.14,2,0.1,27.05
US-01964,2017-07-10,2017-07-10,Corporate,South,Office Supplies,Envelopes,182.54,4,0.1,37.6
US-02104,2017-07-10,2017-07-12,Corporate,South,Office Supplies,Supplies,486.34,5,0.0,151.92
US-02108,2017-07-10,2017-07-16,Consumer,Central,Furniture,Chairs,316.91,1,0.5,-60.11
US-04173,2017-07-10,2017-07-10,Corporate,South,Furniture,Furnishings,715.56,3,0.2,-114.25
US-04173,2017-07-10,2017-07-11,Corporate,West,Office Supplies,Envelopes,58.08,2,0.0,18.81
US-04173,2017-07-10,2017-07-14,Consumer,West,Office Supplies,Binders,112.49,2,0.0,8.3
US-00003,2017-07-11,2017-07-12,Home Office,East,Office Supplies,Labels,28.77,1,0.0,3.94
US-00775,2017-07-11,2017-07-17,Home Office,South,Furniture,Chairs,281.13,1,0.15,29.21
US-03230,2017-07-11,2017-07-11,Home Office,West,Office Supplies,Storage,888.1,4,0.0,180.02
US-00647,2017-07-12,2017-07-12,Consumer,West,Office Supplies,Art,979.61,4,0.0,168.89
US-01168,2017-07-12,2017-07-15,Consumer,East,Technology,Accessories,133.5,1,0.4,-1.54
US-01168,2017-07-12,2017-07-13,Home Office,Central,Office Supplies,Fasteners,82.85,3,0.0,10.29
US-00240,2017-07-13,2017-07-13,Consumer,East,Office Supplies,Paper,336.52,3,0.5,-65.2
US-01773,2017-07-13,2017-07-13,Home Office,West,Furniture,Tables,5334.96,4,0.0,1520.18
US-01773,2017-07-13,2017-07-17,Home Office,West,Furniture,Bookcases,557.39,2,0.0,83.71
US-01773,2017-07-13,2017-07-14,Home Office,South,Office Supplies,Appliances,564.91,1,0.0,109.41
US-02026,2017-07-13,2017-07-16,Consumer,Central,Technology,Machines,4603.8,5,0.0,259.82
US-02026,2017-07-13,2017-07-14,Home Office,Central,Office Supplies,Appliances,1302.91,4,0.0,409.4
US-03006,2017-07-13,2017-07-19,Corporate,West,Office Supplies,Paper,113.39,1,0.0,36.64
US-03197,2017-07-13,2017-07-18,Corporate,South,Technology,Accessories,344.98,1,0.0,89.99
US-03874,2017-07-13,2017-07-16,Home Office,South,Furniture,Furnishings,1168.54,4,0.0,195.11
US-03874,2017-07-13,2017-07-15,Home Office,East,Office Supplies,Labels,28.23,1,0.1,3.61
US-00181,2017-07-14,2017-07-20,Home Office,Central,Office Supplies,Art,276.05,1,0.5,-101.25
US-01756,2017-07-14,2017-07-15,Consumer,West,Furniture,Furnishings,420.06,1,0.0,116.66
US-03331,2017-07-14,2017-07-17,Home Office,East,Office Supplies,Paper,43.41,1,0.0,10.35
US-03442,2017-07-14,2017-07-14,Corporate,South,Technology,Accessories,179.56,1,0.0,33.14
US-04035,2017-07-14,2017-07-20,Consumer,South,Furniture,Tables,508.51,1,0.2,-25.26
US-04035,2017-07-14,2017-07-14,Corporate,West,Office Supplies,Storage,381.12,2,0.0,63.02
US-01852,2017-07-15,2017-07-21,Corporate,East,Furniture,Furnishings,97.04,3,0.0,13.59
US-01873,2017-07-15,2017-07-21,Corporate,East,Technology,Machines,2302.1,2,0.0,464.95
US-02518,2017-07-15,2017-07-15,Home Office,Central,Office Supplies,Art,275.51,1,0.0,88.4
US-03956,2017-07-15,2017-07-18,Home Office,Central,Office Supplies,Labels,21.23,1,0.0,3.29
US-04427,2017-07-15,2017-07-19,Consumer,West,Technology,Copiers,956.0,1,0.1,160.71
US-00709,2017-07-16,2017-07-21,Corporate,Central,Technology,Copiers,870.11,1,0.0,52.34
US-01075,2017-07-16,2017-07-20,Corporate,West,Furniture,Chairs,284.02,1,0.2,11.66
US-03770,2017-07-16,2017-07-16,Corporate,Central,Technology,Phones,875.39,1,0.2,134.32
US-04294,2017-07-17,2017-07-21,Consumer,West,Office Supplies,Storage,1088.73,3,0.0,225.28
US-04294,2017-07-17,2017-07-18,Consumer,South,Furniture,Bookcases,551.09,2,0.15,16.3
US-04754,2017-07-17,2017-07-18,Consumer,East,Technology,Accessories,594.67,3,0.1,126.74
US-04916,2017-07-17,2017-07-23,Home Office,South,Office Supplies,Labels,77.08,2,0.0,8.58
US-04916,2017-07-17,2017-07-21,Consumer,West,Furniture,Chairs,1104.9,2,0.0,350.85
US-01133,2017-07-18,2017-07-19,Corporate,South,Office Supplies,Art,833.05,3,0.0,106.2
US-01133,2017-07-18,2017-07-19,Consumer,East,Furniture,Furnishings,603.57,5,0.0,155.27
US-02390,2017-07-18,2017-07-22,Consumer,Central,Technology,Machines,327.66,2,0.0,59.39
US-02919,2017-07-19,2017-07-25,Consumer,East,Office Supplies,Paper,154.34,1,0.1,23.07
US-02919,2017-07-19,2017-07-24,Home Office,East,Office Supplies,Envelopes,18.21,1,0.2,-0.39
US-02618,2017-07-20,2017-07-26,Corporate,Central,Office Supplies,Labels,50.29,3,0.1,-0.88
US-00229,2017-07-21,2017-07-26,Home Office,Central,Office Supplies,Fasteners,21.66,1,0.0,2.0
US-00235,2017-07-21,2017-07-22,Home Office,East,Office Supplies,Labels,157.47,5,0.0,16.26
US-01052,2017-07-21,2017-07-21,Corporate,Central,Technology,Phones,96.06,1,0.0,22.33
US-01052,2017-07-21,2017-07-24,Consumer,East,Technology,Phones,150.65,1,0.0,41.97
US-01635,2017-07-21,2017-07-24,Consumer,South,Furniture,Chairs,96.38,1,0.0,6.17
US-01635,2017-07-21,2017-07-21,Home Office,Central,Office Supplies,Fasteners,57.72,3,0.0,6.2
US-01635,2017-07-21,2017-07-27,Consumer,Central,Technology,Machines,2407.26,4,0.2,-216.81
US-02068,2017-07-21,2017-07-25,Consumer,West,Office Supplies,Art,551.96,4,0.2,57.0
US-02330,2017-07-21,2017-07-21,Consumer,South,Office Supplies,Fasteners,16.42,1,0.0,3.33
US-04038,2017-07-21,2017-07-27,Corporate,South,Office Supplies,Appliances,79.06,2,0.0,17.76
US-04407,2017-07-21,2017-07-26,Corporate,West,Furniture,Tables,1202.86,3,0.0,325.8
US-04411,2017-07-21,2017-07-25,Consumer,East,Technology,Accessories,174.7,1,0.15,5.61
US-03546,2017-07-22,2017-07-26,Corporate,West,Office Supplies,Labels,32.13,1,0.0,3.01
US-03546,2017-07-22,2017-07-28,Consumer,East,Technology,Phones,2566.22,3,0.0,380.13
US-03546,2017-07-22,2017-07-26,Consumer,East,Office Supplies,Storage,365.62,1,0.0,56.53
US-03600,2017-07-22,2017-07-22,Home Office,Central,Office Supplies,Art,581.83,3,0.0,62.31
US-03600,2017-07-22,2017-07-23,Home Office,East,Furniture,Chairs,2268.52,3,0.0,319.9
US-03600,2017-07-22,2017-07-28,Corporate,East,Technology,Machines,4095.1,3,0.0,289.95
US-04073,2017-07-22,2017-07-25,Home Office,East,Office Supplies,Binders,36.69,2,0.2,-3.64
US-00839,2017-07-23,2017-07-27,Home Office,Central,Office Supplies,Appliances,1211.81,3,0.1,196.56
US-03234,2017-07-23,2017-07-26,Home Office,Central,Technology,Phones,580.13,1,0.0,140.59
US-01669,2017-07-24,2017-07-27,Corporate,South,Furniture,Chairs,3448.94,5,0.0,909.42
US-02522,2017-07-24,2017-07-27,Corporate,West,Technology,Accessories,330.47,1,0.0,87.23
US-02522,2017-07-24,2017-07-30,Corporate,Central,Technology,Accessories,72.84,2,0.1,17.21
US-03081,2017-07-24,2017-07-27,Corporate,South,Office Supplies,Envelopes,27.89,2,0.0,6.25
US-03081,2017-07-24,2017-07-30,Home Office,South,Office Supplies,Fasteners,2.85,1,0.0,0.39
US-03313,2017-07-24,2017-07-30,Corporate,West,Furniture,Furnishings,364.67,3,0.0,103.41
US-03454,2017-07-24,2017-07-28,Consumer,West,Furniture,Furnishings,351.09,4,0.2,-30.98
US-00204,2017-07-25,2017-07-27,Consumer,Central,Office Supplies,Appliances,802.51,2,0.4,-130.01
US-02198,2017-07-25,2017-07-28,Home Office,South,Technology,Machines,335.76,2,0.15,5.24
US-04023,2017-07-26,2017-07-26,Consumer,West,Technology,Copiers,3415.6,4,0.15,526.06
US-04132,2017-07-26,2017-08-01,Consumer,Central,Furniture,Bookcases,1117.43,3,0.0,305.6
US-04132,2017-07-26,2017-08-01,Corporate,East,Office Supplies,Supplies,215.71,3,0.2,-28.86
US-04132,2017-07-26,2017-08-01,Home Office,East,Technology,Accessories,266.03,4,0.0,28.17
US-04484,2017-07-26,2017-07-30,Consumer,West,Furniture,Furnishings,1244.02,4,0.2,8.84
US-00943,2017-07-27,2017-08-02,Consumer,East,Office Supplies,Supplies,11.13,1,0.0,0.97
US-00943,2017-07-27,2017-07-28,Corporate,Central,Furniture,Bookcases,1353.07,2,0.0,259.91
US-01113,2017-07-27,2017-07-30,Home Office,South,Office Supplies,Appliances,1520.66,2,0.1,-21.55
US-01113,2017-07-27,2017-07-28,Home Office,Central,Technology,Copiers,5500.18,3,0.1,795.6
US-01633,2017-07-27,2017-07-27,Consumer,West,Technology,Machines,696.07,1,0.2,143.56
US-01633,2017-07-27,2017-07-28,Corporate,South,Office Supplies,Storage,254.37,3,0.2,17.08
US-02934,2017-07-27,2017-07-27,Consumer,Central,Office Supplies,Appliances,432.32,2,0.0,127.12
US-02934,2017-07-27,2017-07-29,Home Office,South,Office Supplies,Storage,425.34,3,0.0,24.86
US-02971,2017-07-27,2017-07-27,Corporate,East,Office Supplies,Envelopes,41.92,1,0.15,-1.15
US-03981,2017-07-27,2017-07-29,Home Office,West,Office Supplies,Art,144.71,2,0.0,26.82
US-04029,2017-07-27,2017-08-02,Corporate,East,Technology,Machines,1320.54,2,0.0,142.45
US-04029,2017-07-27,2017-07-27,Consumer,West,Technology,Accessories,114.7,1,0.3,-8.35
US-04487,2017-07-27,2017-07-31,Home Office,Central,Furniture,Furnishings,249.07,2,0.15,31.88
US-04487,2017-07-27,2017-08-01,Corporate,East,Furniture,Bookcases,439.92,1,0.0,34.62
US-04487,2017-07-27,2017-08-01,Home Office,West,Furniture,Bookcases,1342.36,4,0.0,345.52
US-00625,2017-07-28,2017-08-02,Home Office,West,Technology,Machines,554.45,2,0.15,47.67
US-00764,2017-07-28,2017-07-31,Corporate,Central,Technology,Phones,476.91,3,0.0,111.64
US-00764,2017-07-28,2017-08-02,Consumer,East,Furniture,Chairs,1763.61,4,0.0,436.96
US-01403,2017-07-28,2017-07-29,Home Office,South,Technology,Phones,2053.63,3,0.0,418.98
US-01403,2017-07-28,2017-08-03,Consumer,South,Office Supplies,Binders,109.91,2,0.0,16.37
US-04030,2017-07-28,2017-07-30,Corporate,East,Technology,Accessories,160.78,2,0.0,49.32
US-04030,2017-07-28,2017-07-30,Consumer,South,Furniture,Tables,359.57,1,0.0,25.62
US-00026,2017-07-29,2017-08-02,Home Office,East,Technology,Phones,283.41,1,0.0,37.27
US-00026,2017-07-29,2017-08-01,Consumer,South,Technology,Copiers,4347.33,3,0.0,748.96
US-00325,2017-07-29,2017-07-29,Home Office,Central,Technology,Copiers,657.95,1,0.0,141.46
US-01143,2017-07-29,2017-08-02,Consumer,West,Office Supplies,Fasteners,37.75,2,0.0,5.38
US-01183,2017-07-30,2017-07-31,Home Office,Central,Furniture,Tables,1207.59,1,0.0,107.22
US-01183,2017-07-30,2017-07-30,Home Office,South,Technology,Copiers,1655.59,1,0.0,91.28
US-01183,2017-07-30,2017-08-03,Home Office,East,Technology,Machines,1224.38,1,0.15,195.91
US-03018,2017-07-30,2017-08-05,Home Office,Central,Furniture,Furnishings,456.46,1,0.0,152.45
US-03018,2017-07-30,2017-07-31,Consumer,Central,Office Supplies,Storage,95.06,1,0.0,21.35
US-03018,2017-07-30,2017-08-01,Consumer,East,Furniture,Tables,4255.41,3,0.2,513.11
US-04047,2017-07-30,2017-07-30,Consumer,West,Office Supplies,Storage,189.71,1,0.0,15.7
US-04134,2017-07-30,2017-08-03,Home Office,East,Office Supplies,Supplies,25.76,1,0.0,8.49
US-04720,2017-07-30,2017-08-03,Home Office,South,Office Supplies,Art,268.78,5,0.5,-28.15
US-04720,2017-07-30,2017-07-30,Consumer,South,Technology,Accessories,484.89,2,0.0,38.51
US-01210,2017-07-31,2017-08-06,Corporate,South,Technology,Copiers,5318.76,3,0.2,-414.43
US-01210,2017-07-31,2017-08-04,Home Office,Central,Furniture,Furnishings,1785.59,5,0.0,228.53
US-01736,2017-07-31,2017-08-03,Home Office,Central,Office Supplies,Art,279.51,2,0.0,43.47
US-01736,2017-07-31,2017-08-04,Home Office,East,Furniture,Bookcases,221.65,2,0.0,69.88
US-02810,2017-07-31,2017-08-04,Home Office,Central,Office Supplies,Fasteners,19.53,1,0.0,4.34
US-03060,2017-07-31,2017-08-01,Consumer,West,Office Supplies,Labels,44.96,2,0.2,2.55
US-03060,2017-07-31,2017-08-02,Corporate,South,Office Supplies,Supplies,108.84,2,0.5,-11.45
US-03649,2017-07-31,2017-08-04,Consumer,South,Technology,Phones,848.79,1,0.0,70.7
US-04094,2017-07-31,2017-08-02,Home Office,Central,Office Supplies,Appliances,314.02,1,0.0,58.11
US-04973,2017-07-31,2017-08-04,Consumer,West,Furniture,Chairs,365.17,2,0.1,57.23
US-01541,2017-08-01,2017-08-04,Corporate,East,Technology,Copiers,5485.37,3,0.0,701.41
US-01541,2017-08-01,2017-08-07,Home Office,Central,Furniture,Tables,4477.16,3,0.0,1411.37
US-01541,2017-08-01,2017-08-04,Corporate,South,Office Supplies,Fasteners,142.45,5,0.0,24.56
US-02009,2017-08-01,2017-08-04,Consumer,South,Technology,Machines,1385.91,1,0.0,240.21
US-02951,2017-08-01,2017-08-07,Corporate,Central,Office Supplies,Labels,17.11,1,0.4,-2.97
US-01452,2017-08-02,2017-08-06,Corporate,Central,Furniture,Tables,673.59,2,0.5,-185.75
US-01452,2017-08-02,2017-08-07,Corporate,South,Office Supplies,Binders,394.29,5,0.3,-52.44
US-01642,2017-08-02,2017-08-06,Home Office,East,Technology,Machines,960.68,3,0.0,280.85
US-02292,2017-08-02,2017-08-03,Home Office,Central,Technology,Copiers,208.54,1,0.0,33.26
US-02553,2017-08-02,2017-08-08,Corporate,East,Office Supplies,Storage,127.64,3,0.1,32.3
US-04546,2017-08-02,2017-08-02,Consumer,South,Furniture,Chairs,289.34,1,0.0,45.89
US-01020,2017-08-03,2017-08-09,Corporate,West,Furniture,Tables,1364.31,2,0.15,67.51
US-01020,2017-08-03,2017-08-03,Corporate,South,Technology,Copiers,1714.84,1,0.2,151.15
US-01020,2017-08-03,2017-08-03,Home Office,West,Furniture,Bookcases,104.01,1,0.3,2.23
US-04650,2017-08-03,2017-08-09,Corporate,East,Office Supplies,Supplies,65.2,1,0.0,16.36
US-02652,2017-08-04,2017-08-06,Corporate,West,Technology,Copiers,2903.88,3,0.0,753.3
US-02652,2017-08-04,2017-08-10,Corporate,East,Office Supplies,Paper,276.67,2,0.2,-13.25
US-04688,2017-08-04,2017-08-10,Home Office,West,Office Supplies,Paper,63.13,1,0.0,18.2
US-04688,2017-08-04,2017-08-06,Consumer,West,Furniture,Chairs,1192.1,2,0.0,300.63
US-00008,2017-08-05,2017-08-06,Corporate,East,Furniture,Furnishings,1188.94,5,0.2,-48.82
US-00008,2017-08-05,2017-08-11,Home Office,Central,Furniture,Bookcases,1203.67,2,0.0,195.2
US-01717,2017-08-05,2017-08-05,Corporate,South,Technology,Machines,2894.72,2,0.15,417.68
US-01717,2017-08-05,2017-08-10,Corporate,East,Furniture,Furnishings,249.38,1,0.2,-6.38
US-02346,2017-08-05,2017-08-07,Corporate,Central,Technology,Phones,648.2,1,0.0,132.8
US-02346,2017-08-05,2017-08-06,Home Office,South,Technology,Accessories,70.56,1,0.0,8.12
US-03066,2017-08-05,2017-08-05,Consumer,West,Furniture,Furnishings,527.81,5,0.0,108.7
US-04649,2017-08-05,2017-08-10,Home Office,West,Technology,Phones,399.75,1,0.0,88.36
US-04649,2017-08-05,2017-08-06,Corporate,South,Technology,Machines,2424.13,3,0.0,827.5
US-01654,2017-08-06,2017-08-08,Home Office,South,Furniture,Furnishings,42.43,2,0.15,-2.92
US-02157,2017-08-06,2017-08-07,Corporate,South,Technology,Phones,88.31,1,0.0,15.8
US-04814,2017-08-06,2017-08-09,Corporate,East,Office Supplies,Storage,262.5,2,0.0,79.57
US-00196,2017-08-07,2017-08-09,Corporate,South,Furniture,Chairs,666.71,2,0.0,126.35
US-01276,2017-08-07,2017-08-13,Consumer,West,Office Supplies,Paper,48.5,1,0.1,0.01
US-02439,2017-08-07,2017-08-12,Home Office,East,Office Supplies,Paper,390.66,3,0.0,77.71
US-02439,2017-08-07,2017-08-11,Home Office,South,Technology,Phones,1620.34,3,0.0,444.47
US-02439,2017-08-07,2017-08-09,Consumer,West,Office Supplies,Supplies,93.17,3,0.0,28.66
US-03039,2017-08-07,2017-08-11,Home Office,South,Technology,Machines,1698.57,2,0.0,125.04
US-04227,2017-08-07,2017-08-10,Corporate,West,Office Supplies,Storage,63.93,1,0.15,5.13
US-04636,2017-08-07,2017-08-13,Home Office,South,Technology,Machines,1575.55,2,0.0,383.24
US-04937,2017-08-07,2017-08-07,Consumer,East,Office Supplies,Storage,462.45,2,0.0,40.95
US-04937,2017-08-07,2017-08-11,Consumer,South,Office Supplies,Envelopes,43.39,1,0.0,9.69
US-00344,2017-08-08,2017-08-09,Home Office,South,Office Supplies,Storage,513.67,2,0.0,152.06
US-00582,2017-08-08,2017-08-14,Home Office,East,Technology,Copiers,878.25,4,0.1,196.73
US-01603,2017-08-08,2017-08-14,Home Office,West,Technology,Phones,122.25,1,0.0,9.12
US-01603,2017-08-08,2017-08-08,Home Office,South,Technology,Machines,288.55,1,0.2,-7.58
US-04096,2017-08-09,2017-08-15,Corporate,Central,Furniture,Bookcases,769.92,2,0.0,125.39
US-04096,2017-08-09,2017-08-11,Corporate,West,Furniture,Bookcases,433.46,1,0.2,67.67
US-04096,2017-08-09,2017-08-09,Corporate,Central,Office Supplies,Paper,151.44,1,0.5,-42.67
US-04863,2017-08-09,2017-08-09,Home Office,West,Office Supplies,Fasteners,19.43,2,0.15,2.51
US-04863,2017-08-09,2017-08-15,Consumer,South,Office Supplies,Art,246.13,1,0.0,13.59
US-00254,2017-08-10,2017-08-15,Consumer,East,Technology,Copiers,2556.0,3,0.0,304.43
US-01298,2017-08-10,2017-08-13,Consumer,West,Technology,Accessories,1344.03,4,0.1,140.53
US-03489,2017-08-10,2017-08-12,Corporate,Central,Office Supplies,Fasteners,8.93,1,0.0,1.78
US-03985,2017-08-10,2017-08-12,Consumer,East,Technology,Machines,810.06,2,0.15,53.53
US-03985,2017-08-10,2017-08-12,Home Office,East,Office Supplies,Storage,364.06,2,0.0,38.68
US-03985,2017-08-10,2017-08-15,Corporate,Central,Furniture,Furnishings,1457.52,5,0.0,280.84
US-04346,2017-08-10,2017-08-15,Corporate,East,Technology,Copiers,527.94,1,0.5,-39.32
US-04475,2017-08-10,2017-08-15,Home Office,South,Office Supplies,Storage,582.99,2,0.15,69.62
US-00559,2017-08-11,2017-08-11,Corporate,Central,Technology,Accessories,119.42,1,0.0,17.43
US-01261,2017-08-11,2017-08-17,Home Office,West,Office Supplies,Binders,70.43,1,0.0,8.22
US-01427,2017-08-11,2017-08-15,Home Office,East,Technology,Phones,1467.27,3,0.0,93.05
US-04018,2017-08-11,2017-08-13,Corporate,South,Office Supplies,Appliances,652.73,1,0.2,116.59
US-04018,2017-08-11,2017-08-13,Corporate,Central,Technology,Machines,844.7,1,0.4,-152.81
US-04263,2017-08-11,2017-08-17,Corporate,East,Office Supplies,Art,121.98,1,0.0,8.73
US-04263,2017-08-11,2017-08-17,Consumer,East,Furniture,Chairs,687.34,4,0.0,178.64
US-04263,2017-08-11,2017-08-14,Corporate,South,Technology,Accessories,335.7,1,0.0,65.79
US-04591,2017-08-11,2017-08-17,Consumer,West,Office Supplies,Paper,211.77,2,0.1,61.4
US-04591,2017-08-11,2017-08-14,Consumer,Central,Furniture,Chairs,961.82,4,0.5,33.18
US-02187,2017-08-12,2017-08-13,Corporate,South,Office Supplies,Supplies,79.46,1,0.0,8.14
US-02187,2017-08-12,2017-08-12,Consumer,Central,Office Supplies,Envelopes,143.71,4,0.1,-2.02
US-02474,2017-08-12,2017-08-17,Home Office,South,Office Supplies,Supplies,116.43,2,0.0,14.34
US-04784,2017-08-12,2017-08-18,Home Office,East,Office Supplies,Binders,173.84,2,0.0,19.87
US-04784,2017-08-12,2017-08-12,Consumer,West,Office Supplies,Storage,108.43,1,0.0,19.4
US-04784,2017-08-12,2017-08-12,Corporate,South,Office Supplies,Labels,131.68,5,0.0,14.08
US-00488,2017-08-14,2017-08-17,Corporate,South,Office Supplies,Labels,26.41,3,0.0,5.15
US-00641,2017-08-14,2017-08-16,Consumer,Central,Office Supplies,Storage,771.73,2,0.15,-34.74
US-02153,2017-08-14,2017-08-17,Corporate,Central,Office Supplies,Storage,345.89,2,0.0,34.49
US-02153,2017-08-14,2017-08-16,Corporate,Central,Office Supplies,Envelopes,81.52,2,0.0,21.48
US-00038,2017-08-15,2017-08-19,Consumer,West,Office Supplies,Storage,263.62,2,0.0,65.69
US-00038,2017-08-15,2017-08-17,Home Office,Central,Furniture,Tables,1314.71,2,0.0,156.66
US-01605,2017-08-15,2017-08-16,Corporate,East,Furniture,Tables,829.81,1,0.0,218.72
US-01605,2017-08-15,2017-08-17,Consumer,South,Office Supplies,Paper,335.95,2,0.0,50.17
US-01605,2017-08-15,2017-08-18,Corporate,West,Office Supplies,Binders,294.4,3,0.0,43.31
US-02882,2017-08-15,2017-08-20,Corporate,West,Office Supplies,Binders,52.32,1,0.0,9.38
US-00012,2017-08-16,2017-08-17,Home Office,Central,Technology,Phones,730.5,1,0.0,154.05
US-00012,2017-08-16,2017-08-16,Consumer,South,Technology,Copiers,6617.76,4,0.0,1625.61
US-00624,2017-08-16,2017-08-17,Consumer,West,Technology,Accessories,30.72,1,0.0,2.14
US-00624,2017-08-16,2017-08-22,Corporate,South,Office Supplies,Paper,87.74,3,0.2,0.15
US-01807,2017-08-16,2017-08-22,Consumer,West,Technology,Phones,1093.7,4,0.0,225.15
US-04713,2017-08-16,2017-08-17,Consumer,South,Furniture,Furnishings,982.65,5,0.0,283.31
US-04713,2017-08-16,2017-08-16,Consumer,East,Furniture,Tables,2352.3,4,0.0,644.83
US-02681,2017-08-17,2017-08-19,Consumer,Central,Technology,Accessories,775.69,2,0.0,55.77
US-03575,2017-08-17,2017-08-22,Consumer,West,Office Supplies,Fasteners,53.51,2,0.0,6.87
US-04497,2017-08-17,2017-08-18,Corporate,Central,Office Supplies,Supplies,137.13,4,0.0,11.48
US-00360,2017-08-18,2017-08-23,Consumer,South,Technology,Machines,1176.61,1,0.0,254.55
US-00360,2017-08-18,2017-08-18,Consumer,Central,Technology,Phones,1854.11,4,0.0,198.09
US-01721,2017-08-18,2017-08-19,Home Office,South,Office Supplies,Paper,366.41,2,0.0,121.01
US-01721,2017-08-18,2017-08-21,Consumer,East,Office Supplies,Appliances,1425.58,4,0.15,46.56
US-01721,2017-08-18,2017-08-21,Home Office,East,Furniture,Bookcases,337.63,2,0.0,88.1
US-00244,2017-08-19,2017-08-21,Home Office,East,Furniture,Bookcases,156.41,1,0.0,33.03
US-02822,2017-08-19,2017-08-22,Corporate,South,Office Supplies,Paper,193.18,1,0.0,48.35
US-03857,2017-08-19,2017-08-24,Home Office,South,Furniture,Bookcases,1995.64,3,0.2,123.4
US-03857,2017-08-19,2017-08-19,Consumer,Central,Technology,Accessories,588.9,5,0.15,86.34
US-02356,2017-08-20,2017-08-26,Home Office,West,Technology,Machines,816.14,3,0.0,252.24
US-02356,2017-08-20,2017-08-26,Home Office,East,Office Supplies,Storage,249.65,1,0.0,81.53
US-03573,2017-08-20,2017-08-24,Corporate,East,Office Supplies,Paper,51.26,1,0.0,7.48
US-04133,2017-08-20,2017-08-25,Consumer,Central,Office Supplies,Paper,569.01,3,0.0,63.77
US-00623,2017-08-21,2017-08-21,Consumer,Central,Furniture,Tables,446.28,1,0.0,103.64
US-00911,2017-08-21,2017-08-22,Corporate,South,Furniture,Bookcases,531.36,4,0.0,116.06
US-00911,2017-08-21,2017-08-21,Consumer,West,Furniture,Furnishings,794.7,2,0.0,167.78
US-00911,2017-08-21,2017-08-21,Corporate,East,Office Supplies,Appliances,2251.23,4,0.5,-930.23
US-00190,2017-08-22,2017-08-27,Consumer,East,Furniture,Furnishings,604.87,3,0.0,62.49
US-00190,2017-08-22,2017-08-22,Home Office,West,Office Supplies,Paper,44.6,1,0.2,1.96
US-00190,2017-08-22,2017-08-27,Corporate,West,Office Supplies,Binders,138.05,5,0.0,43.57
US-00238,2017-08-22,2017-08-24,Corporate,East,Technology,Machines,2742.14,2,0.1,657.81
US-00238,2017-08-22,2017-08-28,Corporate,Central,Furniture,Bookcases,414.95,1,0.3,28.17
US-01903,2017-08-22,2017-08-26,Corporate,South,Furniture,Bookcases,218.36,1,0.0,17.05
US-03407,2017-08-22,2017-08-24,Corporate,Central,Furniture,Tables,2545.96,2,0.0,395.43
US-04211,2017-08-22,2017-08-24,Home Office,West,Furniture,Bookcases,807.9,2,0.0,260.8
US-04211,2017-08-22,2017-08-23,Corporate,East,Office Supplies,Storage,208.41,1,0.0,68.52
US-00133,2017-08-23,2017-08-29,Corporate,South,Office Supplies,Art,238.76,2,0.1,48.96
US-00133,2017-08-23,2017-08-27,Home Office,West,Furniture,Furnishings,1798.0,4,0.0,576.05
US-00133,2017-08-23,2017-08-24,Consumer,Central,Furniture,Bookcases,1275.15,2,0.0,419.05
US-01886,2017-08-23,2017-08-28,Consumer,East,Office Supplies,Supplies,153.44,2,0.0,34.63
US-02448,2017-08-23,2017-08-28,Home Office,Central,Furniture,Bookcases,168.95,1,0.2,-5.16
US-04099,2017-08-23,2017-08-23,Consumer,Central,Office Supplies,Paper,87.4,1,0.4,5.66
US-00658,2017-08-24,2017-08-24,Consumer,South,Office Supplies,Art,252.53,1,0.0,35.39
US-00658,2017-08-24,2017-08-27,Corporate,West,Technology,Phones,783.36,1,0.0,87.52
US-02434,2017-08-24,2017-08-24,Consumer,East,Technology,Copiers,3873.32,2,0.0,1303.39
US-02434,2017-08-24,2017-08-27,Home Office,Central,Technology,Accessories,123.4,1,0.0,8.29
US-03788,2017-08-24,2017-08-26,Home Office,Central,Office Supplies,Paper,262.49,3,0.0,84.56
US-03788,2017-08-24,2017-08-27,Home Office,Central,Office Supplies,Supplies,233.56,5,0.2,29.6
US-03664,2017-08-25,2017-08-26,Consumer,West,Office Supplies,Storage,625.5,2,0.0,131.38
US-02246,2017-08-26,2017-08-31,Home Office,East,Office Supplies,Labels,16.58,1,0.0,4.71
US-00262,2017-08-27,2017-08-31,Home Office,South,Furniture,Furnishings,582.08,2,0.5,-88.51
US-02547,2017-08-27,2017-08-27,Home Office,East,Office Supplies,Fasteners,26.98,2,0.1,-0.72
US-01647,2017-08-28,2017-08-30,Corporate,Central,Technology,Phones,334.45,1,0.0,95.7
US-01647,2017-08-28,2017-09-03,Corporate,West,Office Supplies,Paper,252.32,2,0.0,30.6
US-04174,2017-08-28,2017-08-28,Consumer,Central,Office Supplies,Art,74.01,1,0.1,0.77
US-02193,2017-08-29,2017-08-31,Corporate,Central,Office Supplies,Envelopes,46.9,1,0.0,7.12
US-02193,2017-08-29,2017-09-04,Corporate,Central,Technology,Machines,1500.18,4,0.1,207.77
US-03863,2017-08-29,2017-09-03,Home Office,Central,Technology,Machines,1699.57,2,0.0,91.68
US-00728,2017-08-30,2017-09-03,Corporate,East,Furniture,Tables,2054.68,2,0.0,484.86
US-04259,2017-08-30,2017-09-01,Corporate,East,Technology,Accessories,542.79,2,0.0,115.44
US-00669,2017-08-31,2017-09-03,Corporate,South,Furniture,Chairs,920.1,4,0.5,-7.37
US-00669,2017-08-31,2017-09-01,Home Office,Central,Office Supplies,Binders,80.61,1,0.0,13.91
US-00669,2017-08-31,2017-09-05,Consumer,South,Furniture,Chairs,71.48,1,0.0,15.47
US-01796,2017-08-31,2017-09-06,Corporate,South,Office Supplies,Fasteners,42.3,2,0.0,12.27
US-01796,2017-08-31,2017-09-01,Corporate,East,Office Supplies,Storage,302.65,1,0.1,78.07
US-01796,2017-08-31,2017-09-05,Corporate,West,Technology,Phones,635.96,1,0.2,-12.71
US-02312,2017-08-31,2017-09-05,Corporate,West,Technology,Copiers,3613.62,4,0.0,1043.11
US-02705,2017-08-31,2017-09-03,Consumer,South,Furniture,Bookcases,2770.97,5,0.0,575.79
US-02773,2017-08-31,2017-09-04,Consumer,South,Furniture,Bookcases,978.04,2,0.3,-110.35
US-04881,2017-08-31,2017-09-04,Consumer,West,Technology,Phones,809.85,3,0.0,244.09
US-00589,2017-09-01,2017-09-01,Home Office,Central,Technology,Copiers,1005.46,1,0.0,238.34
US-00589,2017-09-01,2017-09-01,Consumer,East,Office Supplies,Paper,398.86,2,0.4,-103.05
US-00717,2017-09-01,2017-09-04,Corporate,West,Office Supplies,Paper,67.56,1,0.1,8.44
US-00730,2017-09-01,2017-09-03,Consumer,South,Furniture,Chairs,1332.43,4,0.0,441.22
US-00730,2017-09-01,2017-09-02,Consumer,East,Technology,Accessories,470.53,2,0.1,54.66
US-01346,2017-09-01,2017-09-02,Consumer,East,Furniture,Furnishings,1412.85,3,0.0,93.7
US-02807,2017-09-01,2017-09-02,Consumer,East,Technology,Accessories,242.7,2,0.1,25.59
US-02807,2017-09-01,2017-09-04,Corporate,West,Office Supplies,Fasteners,32.66,3,0.3,-6.88
US-04400,2017-09-01,2017-09-04,Consumer,East,Technology,Copiers,4898.16,4,0.15,1027.93
US-00066,2017-09-02,2017-09-07,Home Office,East,Office Supplies,Supplies,183.43,4,0.0,54.7
US-00066,2017-09-02,2017-09-02,Corporate,Central,Technology,Phones,368.16,1,0.3,-93.71
US-00537,2017-09-02,2017-09-02,Corporate,South,Technology,Copiers,723.95,1,0.0,198.73
US-00663,2017-09-02,2017-09-04,Home Office,Central,Technology,Phones,256.99,3,0.0,67.94
US-01533,2017-09-02,2017-09-07,Corporate,South,Furniture,Chairs,187.2,1,0.0,33.79
US-03187,2017-09-02,2017-09-07,Consumer,East,Office Supplies,Envelopes,26.78,1,0.0,8.57
US-03947,2017-09-02,2017-09-07,Consumer,East,Office Supplies,Supplies,12.08,1,0.3,-1.69
US-03947,2017-09-02,2017-09-03,Home Office,South,Office Supplies,Art,288.39,2,0.1,6.51
US-00266,2017-09-03,2017-09-08,Consumer,Central,Technology,Copiers,1603.41,1,0.0,362.09
US-03202,2017-09-03,2017-09-04,Corporate,West,Technology,Machines,6008.33,5,0.1,-217.67
US-03202,2017-09-03,2017-09-06,Corporate,Central,Office Supplies,Labels,66.38,4,0.0,16.87
US-03202,2017-09-03,2017-09-06,Corporate,South,Furniture,Bookcases,2796.48,5,0.5,-6.9
US-02063,2017-09-04,2017-09-08,Corporate,West,Technology,Phones,1329.46,2,0.15,45.99
US-02063,2017-09-04,2017-09-05,Consumer,Central,Office Supplies,Paper,193.31,2,0.15,3.61
US-03299,2017-09-04,2017-09-08,Corporate,West,Office Supplies,Fasteners,27.21,2,0.0,4.63
US-01581,2017-09-05,2017-09-05,Corporate,South,Technology,Phones,580.64,1,0.0,180.27
US-01581,2017-09-05,2017-09-05,Corporate,South,Technology,Phones,1057.66,3,0.0,222.49
US-01739,2017-09-05,2017-09-06,Consumer,West,Furniture,Chairs,319.36,2,0.4,-74.67
US-01739,2017-09-05,2017-09-09,Home Office,South,Technology,Phones,459.79,1,0.1,-2.22
US-01739,2017-09-05,2017-09-07,Corporate,West,Furniture,Chairs,669.34,2,0.1,-2.32
US-02533,2017-09-05,2017-09-08,Consumer,South,Office Supplies,Paper,487.37,5,0.1,51.73
US-02533,2017-09-05,2017-09-09,Consumer,West,Furniture,Tables,2767.69,4,0.0,796.56
US-04816,2017-09-05,2017-09-07,Consumer,East,Technology,Accessories,928.37,5,0.0,124.04
US-01364,2017-09-06,2017-09-08,Corporate,West,Technology,Machines,334.38,2,0.0,81.16
US-01364,2017-09-06,2017-09-10,Consumer,East,Technology,Phones,871.1,1,0.0,206.11
US-01364,2017-09-06,2017-09-12,Home Office,South,Office Supplies,Envelopes,24.18,2,0.0,6.52
US-02707,2017-09-06,2017-09-11,Consumer,Central,Furniture,Bookcases,499.34,1,0.1,72.96
US-02707,2017-09-06,2017-09-07,Corporate,West,Furniture,Bookcases,2325.05,5,0.15,327.81
US-03029,2017-09-06,2017-09-12,Home Office,Central,Furniture,Chairs,421.54,1,0.15,87.99
US-03713,2017-09-06,2017-09-06,Consumer,Central,Furniture,Chairs,1185.73,2,0.15,96.58
US-00186,2017-09-07,2017-09-13,Consumer,South,Technology,Accessories,593.5,4,0.2,-47.55
US-00265,2017-09-07,2017-09-07,Corporate,East,Office Supplies,Supplies,16.39,2,0.0,1.96
US-00680,2017-09-07,2017-09-09,Consumer,Central,Office Supplies,Fasteners,41.41,2,0.1,5.85
US-01615,2017-09-07,2017-09-12,Corporate,East,Furniture,Chairs,2944.81,4,0.0,510.88
US-02093,2017-09-07,2017-09-07,Consumer,East,Furniture,Bookcases,162.81,1,0.0,19.37
US-02093,2017-09-07,2017-09-13,Home Office,East,Office Supplies,Labels,21.3,1,0.0,6.21
US-03622,2017-09-07,2017-09-12,Home Office,South,Furniture,Bookcases,2110.98,5,0.4,-318.88
US-03622,2017-09-07,2017-09-10,Corporate,West,Office Supplies,Envelopes,37.8,1,0.0,4.39
US-00425,2017-09-08,2017-09-11,Consumer,East,Office Supplies,Storage,76.48,1,0.0,9.79
US-01000,2017-09-08,2017-09-08,Corporate,West,Furniture,Bookcases,420.61,1,0.0,36.29
US-01152,2017-09-08,2017-09-09,Consumer,East,Office Supplies,Binders,9.54,1,0.0,2.21
US-01152,2017-09-08,2017-09-11,Home Office,Central,Office Supplies,Supplies,14.48,1,0.4,-0.92
US-01366,2017-09-08,2017-09-14,Consumer,Central,Technology,Machines,624.76,1,0.0,144.64
US-01568,2017-09-08,2017-09-13,Consumer,East,Furniture,Furnishings,70.27,2,0.0,18.93
US-02372,2017-09-08,2017-09-14,Consumer,East,Office Supplies,Storage,91.61,1,0.4,-8.6
US-02931,2017-09-08,2017-09-12,Home Office,South,Technology,Machines,1871.55,4,0.1,318.23
US-04645,2017-09-08,2017-09-13,Corporate,West,Technology,Phones,234.74,1,0.0,47.32
US-04645,2017-09-08,2017-09-09,Corporate,East,Office Supplies,Art,699.86,5,0.0,166.08
US-02477,2017-09-09,2017-09-11,Consumer,South,Office Supplies,Envelopes,46.91,2,0.2,6.09
US-03750,2017-09-09,2017-09-10,Corporate,Central,Office Supplies,Envelopes,45.44,1,0.0,8.13
US-04469,2017-09-09,2017-09-10,Corporate,Central,Technology,Machines,2963.68,5,0.0,423.89
US-04679,2017-09-09,2017-09-14,Consumer,West,Furniture,Tables,4705.45,5,0.3,-494.95
US-04679,2017-09-09,2017-09-14,Consumer,West,Technology,Phones,1486.2,2,0.1,367.28
US-04679,2017-09-09,2017-09-15,Consumer,Central,Office Supplies,Paper,35.78,2,0.0,2.78
US-00164,2017-09-10,2017-09-13,Home Office,East,Office Supplies,Envelopes,38.15,1,0.0,12.18
US-03427,2017-09-10,2017-09-16,Consumer,East,Office Supplies,Appliances,282.33,1,0.15,-1.73
US-04000,2017-09-10,2017-09-12,Consumer,South,Furniture,Tables,5227.83,5,0.4,-403.36
US-00331,2017-09-11,2017-09-17,Home Office,Central,Office Supplies,Appliances,518.3,1,0.0,70.47
US-02754,2017-09-11,2017-09-13,Consumer,South,Furniture,Furnishings,178.48,4,0.0,47.61
US-02754,2017-09-11,2017-09-12,Consumer,Central,Office Supplies,Binders,8.38,1,0.15,-0.02
US-04169,2017-09-11,2017-09-13,Consumer,East,Furniture,Tables,1102.66,1,0.15,-71.4
US-04500,2017-09-11,2017-09-13,Consumer,Central,Technology,Phones,139.23,2,0.4,-48.4
US-02762,2017-09-12,2017-09-13,Home Office,East,Office Supplies,Fasteners,22.64,2,0.2,0.46
US-03850,2017-09-12,2017-09-14,Consumer,South,Furniture,Bookcases,616.93,1,0.0,59.89
US-03850,2017-09-12,2017-09-14,Home Office,South,Office Supplies,Paper,70.14,1,0.1,4.0
US-02279,2017-09-13,2017-09-15,Corporate,West,Office Supplies,Binders,66.28,2,0.1,5.95
US-02279,2017-09-13,2017-09-16,Home Office,South,Technology,Accessories,357.57,1,0.0,25.67
US-04358,2017-09-13,2017-09-13,Corporate,East,Furniture,Bookcases,696.47,1,0.0,57.13
US-04394,2017-09-13,2017-09-16,Consumer,West,Technology,Phones,845.13,2,0.15,131.7
US-00560,2017-09-14,2017-09-16,Corporate,South,Office Supplies,Envelopes,32.33,2,0.0,4.06
US-00659,2017-09-14,2017-09-16,Consumer,Central,Furniture,Furnishings,1851.58,4,0.2,39.39
US-01219,2017-09-14,2017-09-17,Consumer,Central,Office Supplies,Art,163.36,1,0.1,31.86
US-02183,2017-09-14,2017-09-18,Home Office,Central,Office Supplies,Fasteners,17.2,1,0.0,5.93
US-02256,2017-09-14,2017-09-15,Home Office,East,Furniture,Furnishings,192.06,1,0.0,61.63
US-03816,2017-09-14,2017-09-20,Consumer,West,Office Supplies,Paper,34.78,1,0.2,-0.83
US-00136,2017-09-15,2017-09-17,Consumer,West,Furniture,Furnishings,59.38,1,0.15,5.2
US-00136,2017-09-15,2017-09-19,Consumer,Central,Furniture,Bookcases,1067.21,3,0.0,81.31
US-00243,2017-09-15,2017-09-16,Home Office,East,Technology,Copiers,445.49,1,0.15,16.89
US-00678,2017-09-15,2017-09-18,Home Office,West,Office Supplies,Appliances,423.63,2,0.2,-4.8
US-00678,2017-09-15,2017-09-20,Home Office,South,Technology,Copiers,708.68,1,0.2,81.67
US-00760,2017-09-15,2017-09-16,Consumer,South,Technology,Phones,982.78,5,0.4,-151.64
US-02289,2017-09-15,2017-09-15,Corporate,West,Technology,Accessories,909.07,4,0.0,91.92
US-02289,2017-09-15,2017-09-17,Corporate,South,Furniture,Furnishings,294.75,1,0.0,21.08
US-03802,2017-09-15,2017-09-16,Home Office,East,Furniture,Furnishings,492.32,1,0.0,146.88
US-03802,2017-09-15,2017-09-21,Corporate,East,Office Supplies,Fasteners,9.32,2,0.5,-3.28
US-00034,2017-09-16,2017-09-21,Consumer,South,Furniture,Furnishings,414.72,1,0.4,-79.36
US-01918,2017-09-16,2017-09-22,Consumer,Central,Furniture,Bookcases,275.71,1,0.2,-13.02
US-02556,2017-09-16,2017-09-20,Home Office,West,Office Supplies,Art,257.84,2,0.15,60.28
US-02800,2017-09-16,2017-09-20,Corporate,East,Office Supplies,Storage,247.41,1,0.0,20.14
US-03382,2017-09-16,2017-09-17,Corporate,East,Technology,Phones,833.57,1,0.15,-17.45
US-03382,2017-09-16,2017-09-21,Home Office,West,Office Supplies,Envelopes,73.7,2,0.0,4.25
US-03518,2017-09-16,2017-09-18,Consumer,East,Office Supplies,Binders,22.06,2,0.15,1.17
US-03518,2017-09-16,2017-09-20,Home Office,East,Office Supplies,Supplies,66.2,1,0.0,19.09
US-01140,2017-09-17,2017-09-21,Consumer,East,Technology,Machines,2764.87,3,0.0,923.44
US-04464,2017-09-17,2017-09-20,Home Office,Central,Technology,Phones,2450.35,3,0.1,378.33
US-04464,2017-09-17,2017-09-17,Corporate,East,Furniture,Bookcases,760.32,2,0.15,140.75
US-04464,2017-09-17,2017-09-17,Home Office,South,Office Supplies,Envelopes,18.25,1,0.0,1.51
US-01127,2017-09-18,2017-09-19,Consumer,South,Office Supplies,Envelopes,4.24,1,0.4,0.1
US-01431,2017-09-18,2017-09-18,Home Office,South,Furniture,Bookcases,2028.82,3,0.0,124.41
US-01431,2017-09-18,2017-09-24,Home Office,Central,Furniture,Furnishings,1642.08,5,0.0,168.34
US-02542,2017-09-18,2017-09-24,Corporate,East,Furniture,Tables,610.92,1,0.2,-31.69
US-04932,2017-09-18,2017-09-21,Home Office,South,Office Supplies,Fasteners,3.56,1,0.15,0.46
US-01766,2017-09-19,2017-09-22,Corporate,South,Office Supplies,Labels,8.75,4,0.0,1.06
US-01766,2017-09-19,2017-09-25,Home Office,South,Office Supplies,Art,375.85,3,0.4,-28.82
US-01766,2017-09-19,2017-09-25,Corporate,West,Office Supplies,Appliances,504.49,1,0.5,-217.56
US-02691,2017-09-19,2017-09-23,Corporate,South,Office Supplies,Appliances,1277.31,2,0.0,241.17
US-04153,2017-09-19,2017-09-19,Consumer,East,Technology,Machines,220.74,1,0.0,73.16
US-04153,2017-09-19,2017-09-20,Home Office,West,Technology,Copiers,7685.73,4,0.1,1553.15
US-00783,2017-09-20,2017-09-26,Consumer,Central,Furniture,Furnishings,275.76,1,0.3,-74.37
US-00783,2017-09-20,2017-09-22,Home Office,West,Office Supplies,Fasteners,11.07,1,0.2,0.02
US-02208,2017-09-20,2017-09-24,Home Office,Central,Technology,Machines,2770.17,2,0.2,-137.52
US-00051,2017-09-21,2017-09-21,Corporate,West,Office Supplies,Binders,84.97,5,0.0,6.81
US-02583,2017-09-21,2017-09-27,Home Office,West,Office Supplies,Envelopes,41.13,2,0.1,4.24
US-02583,2017-09-21,2017-09-21,Corporate,West,Technology,Accessories,209.94,1,0.0,61.33
US-02842,2017-09-21,2017-09-25,Consumer,East,Furniture,Chairs,431.95,1,0.0,39.53
US-04373,2017-09-21,2017-09-22,Home Office,West,Furniture,Furnishings,442.82,3,0.15,-15.46
US-00118,2017-09-22,2017-09-28,Home Office,West,Office Supplies,Envelopes,55.4,2,0.0,18.01
US-00118,2017-09-22,2017-09-25,Home Office,East,Furniture,Chairs,727.03,4,0.0,184.73
US-03145,2017-09-22,2017-09-24,Consumer,West,Office Supplies,Appliances,586.48,4,0.15,1.39
US-03659,2017-09-22,2017-09-24,Consumer,West,Furniture,Furnishings,731.93,4,0.15,126.35
US-03659,2017-09-22,2017-09-28,Home Office,West,Office Supplies,Paper,232.46,2,0.0,68.8
US-03757,2017-09-22,2017-09-25,Consumer,West,Technology,Accessories,1553.6,4,0.0,169.9
US-02218,2017-09-23,2017-09-23,Home Office,East,Technology,Accessories,87.99,2,0.0,5.67
US-02406,2017-09-23,2017-09-24,Home Office,West,Office Supplies,Art,81.13,2,0.0,4.33
US-02406,2017-09-23,2017-09-24,Home Office,East,Furniture,Bookcases,1561.82,4,0.15,105.7
US-02572,2017-09-23,2017-09-28,Corporate,East,Technology,Machines,2097.56,2,0.0,512.05
US-04493,2017-09-23,2017-09-26,Corporate,West,Technology,Copiers,3595.3,2,0.1,636.67
US-00810,2017-09-24,2017-09-26,Consumer,East,Furniture,Chairs,1174.63,2,0.4,-177.09
US-02318,2017-09-24,2017-09-24,Consumer,South,Furniture,Furnishings,2020.81,5,0.2,-99.58
US-03159,2017-09-24,2017-09-25,Home Office,Central,Technology,Copiers,1062.56,1,0.0,244.84
US-04416,2017-09-24,2017-09-24,Corporate,East,Office Supplies,Supplies,143.4,3,0.0,33.5
US-04957,2017-09-24,2017-09-24,Corporate,East,Furniture,Tables,1347.73,1,0.1,258.09
US-02094,2017-09-25,2017-09-30,Consumer,Central,Furniture,Tables,1611.06,3,0.0,144.11
US-00019,2017-09-27,2017-09-30,Home Office,East,Technology,Phones,836.9,1,0.0,242.67
US-00019,2017-09-27,2017-09-28,Corporate,East,Technology,Machines,1530.56,3,0.0,477.0
US-03378,2017-09-27,2017-09-29,Consumer,West,Office Supplies,Fasteners,13.13,3,0.0,0.98
US-03734,2017-09-27,2017-10-01,Corporate,West,Office Supplies,Binders,160.75,2,0.0,49.64
US-03734,2017-09-27,2017-09-27,Consumer,West,Technology,Machines,1384.8,1,0.2,131.31
US-04706,2017-09-27,2017-10-02,Consumer,Central,Technology,Machines,4583.15,4,0.1,859.54
US-00454,2017-09-28,2017-10-01,Consumer,South,Furniture,Furnishings,823.49,4,0.0,52.49
US-00454,2017-09-28,2017-10-02,Consumer,West,Office Supplies,Art,527.64,3,0.15,68.76
US-00844,2017-09-28,2017-09-28,Consumer,West,Office Supplies,Envelopes,178.27,4,0.1,34.03
US-00976,2017-09-28,2017-10-04,Consumer,West,Furniture,Chairs,1354.26,2,0.2,183.94
US-00976,2017-09-28,2017-10-02,Corporate,South,Technology,Copiers,1017.83,2,0.15,46.43
US-01497,2017-09-28,2017-09-29,Corporate,East,Office Supplies,Paper,143.06,1,0.0,26.26
US-01497,2017-09-28,2017-09-29,Consumer,East,Office Supplies,Labels,102.69,5,0.0,15.78
US-01690,2017-09-28,2017-10-02,Consumer,South,Furniture,Bookcases,253.49,1,0.4,-38.84
US-01926,2017-09-28,2017-10-01,Home Office,East,Office Supplies,Envelopes,12.2,1,0.0,3.81
US-01926,2017-09-28,2017-10-01,Consumer,South,Furniture,Chairs,643.14,1,0.15,118.34
US-04191,2017-09-28,2017-10-02,Corporate,Central,Technology,Phones,2306.26,3,0.1,-26.22
US-00967,2017-09-29,2017-10-02,Home Office,South,Office Supplies,Paper,182.39,1,0.5,-92.63
US-02276,2017-09-29,2017-10-04,Home Office,West,Furniture,Bookcases,1742.63,5,0.0,427.99
US-02276,2017-09-29,2017-09-30,Consumer,West,Technology,Accessories,161.39,1,0.0,16.73
US-03355,2017-09-29,2017-10-01,Corporate,Central,Office Supplies,Supplies,79.59,1,0.1,19.09
US-03355,2017-09-29,2017-10-02,Consumer,West,Technology,Machines,1999.17,2,0.1,315.78
US-01827,2017-09-30,2017-10-05,Home Office,East,Office Supplies,Labels,33.1,1,0.0,7.38
US-01827,2017-09-30,2017-10-01,Home Office,East,Technology,Phones,1809.63,3,0.2,-278.35
US-04182,2017-09-30,2017-10-05,Consumer,East,Technology,Copiers,1734.21,3,0.0,434.54
US-04182,2017-09-30,2017-10-04,Home Office,East,Furniture,Furnishings,1256.06,4,0.0,262.87
US-01224,2017-10-01,2017-10-01,Home Office,South,Furniture,Chairs,224.34,3,0.0,27.45
US-01224,2017-10-01,2017-10-01,Home Office,South,Technology,Copiers,1506.55,2,0.0,130.13
US-01888,2017-10-01,2017-10-06,Home Office,West,Furniture,Bookcases,594.05,1,0.5,-207.6
US-00993,2017-10-02,2017-10-03,Home Office,South,Technology,Machines,4356.37,3,0.0,1149.22
US-03885,2017-10-03,2017-10-07,Consumer,East,Technology,Machines,883.17,1,0.0,150.83
US-03885,2017-10-03,2017-10-06,Corporate,West,Furniture,Furnishings,201.95,4,0.0,42.97
US-00964,2017-10-04,2017-10-10,Home Office,East,Office Supplies,Labels,72.29,2,0.1,12.08
US-02154,2017-10-04,2017-10-05,Consumer,Central,Furniture,Furnishings,324.82,2,0.0,28.04
US-02154,2017-10-04,2017-10-06,Home Office,Central,Furniture,Bookcases,441.3,3,0.5,-140.05
US-03483,2017-10-04,2017-10-05,Corporate,South,Furniture,Chairs,3538.9,5,0.5,-794.79
US-03592,2017-10-04,2017-10-10,Corporate,South,Furniture,Chairs,518.8,1,0.2,-6.62
US-04878,2017-10-04,2017-10-08,Consumer,East,Technology,Machines,794.68,2,0.0,266.59
US-00620,2017-10-05,2017-10-11,Consumer,South,Technology,Phones,138.85,1,0.0,28.92
US-03656,2017-10-05,2017-10-07,Home Office,West,Furniture,Bookcases,443.55,5,0.2,37.78
US-01362,2017-10-06,2017-10-10,Home Office,East,Furniture,Chairs,279.67,1,0.1,56.56
US-01362,2017-10-06,2017-10-10,Consumer,West,Technology,Machines,1839.61,2,0.0,427.87
US-01616,2017-10-06,2017-10-12,Corporate,South,Office Supplies,Appliances,212.72,5,0.15,-17.27
US-01616,2017-10-06,2017-10-12,Corporate,West,Furniture,Furnishings,173.28,3,0.0,38.18
US-03540,2017-10-06,2017-10-06,Corporate,South,Furniture,Tables,2955.0,2,0.0,268.63
US-04430,2017-10-06,2017-10-08,Consumer,West,Furniture,Furnishings,159.34,1,0.0,53.91
US-00126,2017-10-07,2017-10-12,Consumer,Central,Furniture,Tables,2376.58,4,0.0,254.31
US-00126,2017-10-07,2017-10-12,Consumer,East,Office Supplies,Storage,170.72,1,0.0,23.03
US-01862,2017-10-07,2017-10-10,Corporate,South,Office Supplies,Appliances,3908.56,5,0.4,-322.95
US-01862,2017-10-07,2017-10-11,Consumer,South,Office Supplies,Envelopes,43.5,2,0.0,9.92
US-02096,2017-10-07,2017-10-12,Consumer,South,Furniture,Furnishings,242.07,1,0.3,30.36
US-02096,2017-10-07,2017-10-09,Consumer,West,Office Supplies,Paper,36.55,1,0.2,-2.36
US-02096,2017-10-07,2017-10-11,Home Office,East,Technology,Machines,964.12,1,0.15,-91.03
US-00046,2017-10-08,2017-10-14,Consumer,South,Office Supplies,Appliances,849.58,2,0.0,296.57
US-00046,2017-10-08,2017-10-11,Corporate,Central,Furniture,Bookcases,333.18,1,0.0,32.73
US-00046,2017-10-08,2017-10-12,Home Office,West,Technology,Phones,436.6,1,0.0,148.9
US-00231,2017-10-08,2017-10-12,Corporate,East,Furniture,Tables,1453.01,1,0.15,138.8
US-00231,2017-10-08,2017-10-12,Home Office,East,Furniture,Chairs,600.57,1,0.0,138.23
US-00231,2017-10-08,2017-10-11,Home Office,East,Office Supplies,Paper,309.92,5,0.5,-34.35
US-04542,2017-10-08,2017-10-09,Corporate,East,Furniture,Furnishings,425.83,5,0.0,78.49
US-04542,2017-10-08,2017-10-10,Home Office,East,Technology,Copiers,1538.79,1,0.0,111.54
US-04542,2017-10-08,2017-10-10,Corporate,West,Furniture,Bookcases,445.79,1,0.0,38.28
US-00526,2017-10-09,2017-10-13,Consumer,Central,Office Supplies,Appliances,606.4,1,0.0,209.99
US-02206,2017-10-09,2017-10-12,Consumer,Central,Furniture,Furnishings,412.31,1,0.0,49.85
US-02630,2017-10-09,2017-10-15,Corporate,Central,Office Supplies,Supplies,84.12,1,0.15,-6.43
US-02630,2017-10-09,2017-10-15,Corporate,East,Office Supplies,Appliances,433.47,1,0.1,128.7
US-02630,2017-10-09,2017-10-13,Corporate,South,Furniture,Bookcases,215.97,1,0.1,13.77
US-03828,2017-10-10,2017-10-12,Corporate,South,Office Supplies,Art,227.11,2,0.0,47.11
US-04329,2017-10-10,2017-10-13,Consumer,Central,Technology,Accessories,67.94,1,0.0,20.2
US-04576,2017-10-10,2017-10-14,Home Office,Central,Technology,Phones,489.45,1,0.15,43.77
US-04576,2017-10-10,2017-10-16,Corporate,Central,Technology,Phones,746.51,1,0.0,105.82
US-00107,2017-10-11,2017-10-16,Home Office,Central,Technology,Phones,2181.72,3,0.1,-55.04
US-00148,2017-10-11,2017-10-12,Home Office,West,Office Supplies,Fasteners,20.82,1,0.0,1.77
US-01182,2017-10-11,2017-10-16,Consumer,South,Technology,Phones,851.82,2,0.0,122.75
US-01480,2017-10-11,2017-10-14,Home Office,West,Office Supplies,Storage,273.7,1,0.2,2.6
US-01480,2017-10-11,2017-10-14,Home Office,South,Technology,Copiers,1273.27,1,0.2,-23.34
US-01480,2017-10-11,2017-10-15,Home Office,West,Office Supplies,Fasteners,17.25,1,0.0,4.67
US-03541,2017-10-11,2017-10-13,Corporate,Central,Technology,Copiers,1052.49,2,0.0,327.84
US-03541,2017-10-11,2017-10-15,Home Office,Central,Technology,Copiers,3551.18,2,0.1,870.2
US-02661,2017-10-12,2017-10-14,Consumer,West,Office Supplies,Labels,37.48,2,0.2,-1.56
US-04853,2017-10-12,2017-10-14,Corporate,West,Technology,Machines,1485.86,2,0.1,182.01
US-00053,2017-10-13,2017-10-14,Corporate,South,Office Supplies,Paper,175.75,1,0.0,42.07
US-00053,2017-10-13,2017-10-15,Consumer,West,Office Supplies,Paper,282.9,3,0.3,-71.68
US-00789,2017-10-13,2017-10-17,Home Office,South,Furniture,Chairs,333.46,2,0.1,31.3
US-04186,2017-10-13,2017-10-19,Consumer,West,Furniture,Bookcases,1067.29,2,0.0,126.39
US-04309,2017-10-13,2017-10-15,Corporate,Central,Office Supplies,Supplies,11.58,2,0.0,3.79
US-04309,2017-10-13,2017-10-13,Corporate,West,Furniture,Tables,1530.18,5,0.0,225.23
US-00255,2017-10-14,2017-10-15,Home Office,East,Furniture,Chairs,1077.94,2,0.0,95.25
US-01884,2017-10-14,2017-10-17,Consumer,West,Office Supplies,Fasteners,31.31,2,0.0,5.48
US-01884,2017-10-14,2017-10-17,Home Office,West,Technology,Phones,4363.31,5,0.2,-365.73
US-01884,2017-10-14,2017-10-18,Consumer,Central,Furniture,Furnishings,878.24,2,0.4,-82.33
US-02321,2017-10-14,2017-10-19,Consumer,West,Office Supplies,Storage,392.49,1,0.0,100.99
US-01505,2017-10-16,2017-10-17,Consumer,South,Furniture,Furnishings,1236.63,3,0.2,-158.21
US-02397,2017-10-16,2017-10-17,Corporate,Central,Technology,Phones,52.89,1,0.1,2.31
US-04144,2017-10-16,2017-10-18,Corporate,West,Technology,Machines,2064.38,4,0.15,83.62
US-04144,2017-10-16,2017-10-20,Consumer,East,Furniture,Furnishings,605.87,3,0.0,135.74
US-00430,2017-10-17,2017-10-18,Corporate,West,Technology,Copiers,1446.53,2,0.3,17.47
US-00430,2017-10-17,2017-10-20,Consumer,South,Office Supplies,Fasteners,10.27,1,0.0,0.65
US-00430,2017-10-17,2017-10-20,Home Office,Central,Furniture,Tables,1324.19,2,0.15,-129.6
US-00545,2017-10-17,2017-10-19,Home Office,East,Furniture,Chairs,336.64,3,0.5,-19.65
US-00545,2017-10-17,2017-10-19,Corporate,East,Furniture,Chairs,882.32,3,0.0,299.29
US-00545,2017-10-17,2017-10-23,Home Office,South,Technology,Accessories,71.45,2,0.0,10.72
US-01069,2017-10-17,2017-10-17,Consumer,West,Furniture,Tables,3648.25,4,0.0,602.38
US-01069,2017-10-17,2017-10-17,Home Office,Central,Office Supplies,Envelopes,93.28,2,0.1,-0.95
US-01069,2017-10-17,2017-10-23,Corporate,East,Office Supplies,Fasteners,7.46,1,0.2,0.08
US-01490,2017-10-18,2017-10-24,Consumer,Central,Technology,Phones,701.63,2,0.0,129.7
US-00475,2017-10-19,2017-10-23,Corporate,South,Technology,Accessories,333.31,2,0.0,103.12
US-01900,2017-10-19,2017-10-24,Home Office,South,Technology,Phones,2037.2,4,0.1,183.31
US-01900,2017-10-19,2017-10-24,Home Office,East,Furniture,Furnishings,132.02,2,0.1,27.07
US-01900,2017-10-19,2017-10-23,Consumer,Central,Technology,Machines,428.45,1,0.2,-54.11
US-03492,2017-10-19,2017-10-22,Consumer,Central,Office Supplies,Art,1331.57,5,0.0,323.44
US-03492,2017-10-19,2017-10-22,Corporate,South,Furniture,Chairs,2265.46,4,0.15,394.76
US-00724,2017-10-20,2017-10-25,Corporate,East,Technology,Accessories,34.6,2,0.0,4.5
US-00724,2017-10-20,2017-10-23,Consumer,West,Furniture,Chairs,584.67,1,0.1,102.78
US-00724,2017-10-20,2017-10-21,Home Office,South,Furniture,Furnishings,496.58,2,0.0,72.45
US-02697,2017-10-20,2017-10-21,Home Office,Central,Furniture,Furnishings,238.18,1,0.0,75.25
US-04470,2017-10-20,2017-10-20,Consumer,South,Furniture,Bookcases,2040.49,3,0.0,708.91
US-04470,2017-10-20,2017-10-24,Corporate,South,Office Supplies,Labels,20.01,1,0.4,-3.32
US-04791,2017-10-21,2017-10-23,Home Office,Central,Furniture,Furnishings,864.79,3,0.4,-132.82
US-00950,2017-10-22,2017-10-22,Consumer,South,Technology,Copiers,6796.25,5,0.0,1168.91
US-00248,2017-10-23,2017-10-29,Corporate,South,Office Supplies,Storage,156.32,1,0.0,16.06
US-00533,2017-10-23,2017-10-25,Home Office,East,Office Supplies,Binders,15.13,1,0.2,-1.05
US-01386,2017-10-23,2017-10-25,Corporate,South,Office Supplies,Art,244.6,1,0.0,50.87
US-02121,2017-10-23,2017-10-26,Home Office,South,Office Supplies,Storage,330.22,1,0.0,20.82
US-01699,2017-10-24,2017-10-25,Home Office,Central,Office Supplies,Paper,134.33,1,0.0,42.18
US-01699,2017-10-24,2017-10-26,Consumer,Central,Furniture,Bookcases,690.94,3,0.0,197.36
US-02161,2017-10-24,2017-10-26,Consumer,South,Office Supplies,Fasteners,64.62,4,0.15,15.83
US-02161,2017-10-24,2017-10-25,Corporate,South,Furniture,Chairs,364.45,2,0.0,59.81
US-03365,2017-10-24,2017-10-24,Home Office,East,Furniture,Chairs,469.0,1,0.0,64.19
US-03365,2017-10-24,2017-10-30,Corporate,East,Office Supplies,Storage,578.17,4,0.0,99.94
US-03873,2017-10-24,2017-10-27,Consumer,Central,Technology,Copiers,4982.92,4,0.0,841.77
US-02098,2017-10-25,2017-10-26,Consumer,Central,Office Supplies,Fasteners,142.68,5,0.0,31.67
US-00212,2017-10-26,2017-10-29,Corporate,West,Furniture,Furnishings,438.01,1,0.5,-193.91
US-00665,2017-10-26,2017-10-28,Corporate,East,Furniture,Tables,464.21,2,0.0,159.01
US-00803,2017-10-26,2017-10-27,Corporate,Central,Office Supplies,Paper,128.19,2,0.0,11.0
US-02172,2017-10-27,2017-10-29,Home Office,East,Technology,Machines,1170.69,3,0.0,107.29
US-00847,2017-10-28,2017-10-30,Consumer,West,Office Supplies,Storage,188.35,3,0.0,59.51
US-00847,2017-10-28,2017-10-31,Consumer,East,Technology,Phones,233.15,1,0.0,14.26
US-00847,2017-10-28,2017-10-29,Home Office,West,Furniture,Bookcases,2435.49,5,0.2,151.8
US-03480,2017-10-28,2017-10-29,Home Office,Central,Furniture,Chairs,403.97,2,0.0,30.88
US-03480,2017-10-28,2017-11-01,Home Office,West,Office Supplies,Fasteners,95.21,4,0.15,16.59
US-00648,2017-10-29,2017-11-02,Corporate,East,Office Supplies,Supplies,168.16,2,0.0,26.17
US-01563,2017-10-29,2017-10-30,Corporate,Central,Furniture,Bookcases,589.36,2,0.1,113.5
US-01954,2017-10-29,2017-11-03,Corporate,East,Technology,Accessories,317.82,1,0.4,-99.97
US-04092,2017-10-29,2017-10-30,Consumer,East,Office Supplies,Paper,100.22,1,0.5,-5.13
US-04092,2017-10-29,2017-11-04,Consumer,East,Office Supplies,Paper,101.53,1,0.0,26.44
US-00780,2017-10-30,2017-10-31,Corporate,South,Furniture,Chairs,639.95,1,0.1,87.44
US-01777,2017-10-30,2017-11-01,Consumer,West,Office Supplies,Supplies,42.64,2,0.15,8.08
US-01777,2017-10-30,2017-10-31,Consumer,West,Furniture,Chairs,409.23,1,0.1,87.97
US-01792,2017-10-30,2017-11-01,Consumer,Central,Technology,Phones,1745.57,2,0.3,-431.46
US-00199,2017-10-31,2017-11-04,Home Office,Central,Furniture,Chairs,889.84,3,0.2,-90.57
US-00234,2017-10-31,2017-11-05,Home Office,Central,Technology,Accessories,179.12,2,0.0,33.28
US-00234,2017-10-31,2017-11-03,Home Office,South,Office Supplies,Envelopes,42.5,3,0.15,-0.36
US-00234,2017-10-31,2017-11-06,Home Office,West,Furniture,Furnishings,26.22,1,0.1,4.55
US-00493,2017-10-31,2017-11-02,Home Office,East,Office Supplies,Envelopes,149.78,3,0.15,37.12
US-01853,2017-10-31,2017-11-05,Home Office,West,Office Supplies,Binders,238.95,3,0.0,83.01
US-01853,2017-10-31,2017-11-06,Corporate,East,Technology,Copiers,2884.84,4,0.15,398.93
US-02772,2017-10-31,2017-11-05,Home Office,West,Furniture,Furnishings,1206.21,3,0.0,331.86
US-03278,2017-10-31,2017-11-04,Corporate,East,Office Supplies,Art,1106.62,5,0.2,63.86
US-03536,2017-10-31,2017-11-04,Corporate,South,Furniture,Bookcases,150.25,1,0.0,19.47
US-01646,2017-11-01,2017-11-03,Home Office,East,Office Supplies,Labels,111.31,3,0.0,23.51
US-01646,2017-11-01,2017-11-03,Home Office,Central,Technology,Accessories,388.59,1,0.3,34.42
US-02417,2017-11-01,2017-11-05,Corporate,Central,Office Supplies,Fasteners,20.33,2,0.0,3.47
US-03057,2017-11-01,2017-11-01,Home Office,South,Furniture,Chairs,2182.46,3,0.15,59.75
US-00574,2017-11-02,2017-11-04,Corporate,East,Furniture,Bookcases,694.28,1,0.4,-60.28
US-00574,2017-11-02,2017-11-07,Consumer,East,Technology,Accessories,158.89,2,0.0,40.33
US-00574,2017-11-02,2017-11-08,Corporate,West,Office Supplies,Fasteners,19.18,2,0.0,2.49
US-01407,2017-11-02,2017-11-05,Corporate,South,Furniture,Furnishings,678.89,2,0.0,100.7
US-01407,2017-11-02,2017-11-08,Corporate,South,Furniture,Chairs,378.91,1,0.0,78.48
US-04892,2017-11-02,2017-11-02,Corporate,South,Office Supplies,Appliances,1838.9,3,0.15,262.18
US-00437,2017-11-03,2017-11-05,Consumer,Central,Furniture,Tables,1139.89,1,0.0,378.85
US-04333,2017-11-03,2017-11-09,Corporate,Central,Technology,Copiers,854.83,1,0.1,160.76
US-04512,2017-11-03,2017-11-03,Home Office,East,Office Supplies,Labels,78.92,2,0.0,12.34
US-04512,2017-11-03,2017-11-05,Home Office,South,Office Supplies,Labels,7.42,1,0.0,0.83
US-02019,2017-11-04,2017-11-05,Corporate,West,Office Supplies,Supplies,45.5,1,0.0,3.31
US-02019,2017-11-04,2017-11-10,Corporate,South,Technology,Accessories,698.21,2,0.2,132.98
US-02019,2017-11-04,2017-11-06,Home Office,East,Technology,Copiers,920.23,4,0.0,123.83
US-04700,2017-11-04,2017-11-08,Corporate,South,Furniture,Bookcases,1854.92,4,0.0,493.57
US-01196,2017-11-05,2017-11-05,Corporate,Central,Office Supplies,Fasteners,8.22,2,0.2,0.59
US-03944,2017-11-05,2017-11-11,Corporate,Central,Technology,Phones,3022.19,4,0.0,740.64
US-03944,2017-11-05,2017-11-05,Home Office,East,Furniture,Bookcases,598.12,1,0.2,-6.72
US-04967,2017-11-05,2017-11-09,Corporate,West,Office Supplies,Appliances,1831.83,4,0.3,-346.23
US-00720,2017-11-06,2017-11-09,Corporate,Central,Furniture,Tables,1196.88,1,0.0,165.14
US-00720,2017-11-06,2017-11-06,Home Office,West,Furniture,Bookcases,301.49,1,0.15,12.29
US-01102,2017-11-06,2017-11-06,Corporate,West,Furniture,Bookcases,1118.28,2,0.0,180.52
US-01102,2017-11-06,2017-11-06,Home Office,South,Office Supplies,Labels,56.46,2,0.15,-3.11
US-01933,2017-11-06,2017-11-06,Corporate,West,Furniture,Tables,357.25,1,0.0,94.94
US-02126,2017-11-06,2017-11-12,Home Office,East,Furniture,Bookcases,493.62,3,0.0,111.35
US-02126,2017-11-06,2017-11-07,Consumer,Central,Office Supplies,Binders,58.5,1,0.0,17.35
US-03440,2017-11-06,2017-11-10,Home Office,East,Furniture,Furnishings,433.8,1,0.0,112.08
US-04315,2017-11-06,2017-11-11,Home Office,West,Office Supplies,Binders,277.95,3,0.0,14.5
US-04315,2017-11-06,2017-11-09,Consumer,West,Office Supplies,Envelopes,26.5,2,0.0,2.44
US-04856,2017-11-06,2017-11-12,Home Office,South,Furniture,Bookcases,2614.27,4,0.0,451.88
US-00216,2017-11-07,2017-11-08,Corporate,Central,Office Supplies,Labels,30.5,1,0.3,4.26
US-00742,2017-11-07,2017-11-07,Consumer,West,Furniture,Chairs,624.51,1,0.0,91.18
US-00931,2017-11-07,2017-11-10,Consumer,South,Furniture,Bookcases,314.41,1,0.0,32.24
US-01414,2017-11-07,2017-11-11,Consumer,West,Furniture,Chairs,1291.91,3,0.0,299.61
US-01414,2017-11-07,2017-11-10,Corporate,West,Office Supplies,Supplies,59.2,1,0.1,-0.12
US-01414,2017-11-07,2017-11-11,Home Office,South,Technology,Machines,3351.55,3,0.0,589.86
US-01881,2017-11-07,2017-11-11,Consumer,West,Office Supplies,Appliances,734.13,2,0.4,-227.75
US-01881,2017-11-07,2017-11-13,Corporate,South,Technology,Machines,4305.76,3,0.0,1321.57
US-03088,2017-11-07,2017-11-13,Home Office,Central,Office Supplies,Binders,265.05,4,0.0,14.56
US-00192,2017-11-08,2017-11-11,Consumer,West,Technology,Phones,300.67,1,0.4,-52.73
US-00192,2017-11-08,2017-11-13,Home Office,West,Technology,Accessories,709.0,5,0.3,14.73
US-00609,2017-11-08,2017-11-11,Corporate,West,Office Supplies,Fasteners,55.03,3,0.0,15.86
US-04011,2017-11-08,2017-11-14,Home Office,West,Office Supplies,Appliances,2034.44,3,0.15,287.63
US-01241,2017-11-09,2017-11-10,Corporate,West,Furniture,Bookcases,172.57,1,0.1,-2.49
US-01927,2017-11-09,2017-11-11,Consumer,South,Furniture,Bookcases,945.25,2,0.0,202.54
US-02599,2017-11-09,2017-11-11,Home Office,South,Office Supplies,Envelopes,40.23,1,0.2,1.1
US-02853,2017-11-09,2017-11-09,Consumer,West,Furniture,Furnishings,478.64,2,0.4,-85.96
US-03976,2017-11-09,2017-11-14,Home Office,West,Office Supplies,Labels,8.29,2,0.0,1.19
US-00407,2017-11-10,2017-11-14,Consumer,Central,Technology,Machines,758.4,2,0.0,187.58
US-00830,2017-11-10,2017-11-11,Home Office,South,Technology,Machines,2424.38,2,0.0,362.0
US-00830,2017-11-10,2017-11-10,Home Office,East,Office Supplies,Envelopes,41.23,1,0.0,13.08
US-00830,2017-11-10,2017-11-12,Home Office,Central,Furniture,Chairs,240.34,2,0.1,48.11
US-01170,2017-11-10,2017-11-15,Home Office,West,Furniture,Bookcases,361.74,1,0.2,11.7
US-02286,2017-11-10,2017-11-11,Consumer,East,Office Supplies,Labels,40.96,2,0.2,6.26
US-03484,2017-11-10,2017-11-15,Consumer,Central,Technology,Phones,1775.72,2,0.1,151.91
US-04093,2017-11-10,2017-11-16,Corporate,Central,Furniture,Tables,2263.79,2,0.2,-121.96
US-02139,2017-11-11,2017-11-16,Consumer,South,Technology,Accessories,282.53,2,0.1,15.79
US-03254,2017-11-11,2017-11-11,Consumer,South,Furniture,Furnishings,2073.56,5,0.0,391.71
US-02088,2017-11-12,2017-11-13,Consumer,West,Furniture,Furnishings,99.7,1,0.0,29.42
US-02088,2017-11-12,2017-11-12,Corporate,East,Technology,Phones,669.51,1,0.3,29.01
US-02088,2017-11-12,2017-11-18,Consumer,South,Office Supplies,Labels,7.25,1,0.1,0.27
US-04515,2017-11-12,2017-11-14,Corporate,Central,Technology,Accessories,189.63,1,0.0,49.76
US-04849,2017-11-12,2017-11-13,Corporate,South,Furniture,Bookcases,461.04,1,0.0,44.05
US-01238,2017-11-13,2017-11-13,Consumer,East,Furniture,Furnishings,96.59,1,0.15,15.41
US-01238,2017-11-13,2017-11-17,Consumer,East,Office Supplies,Fasteners,6.04,1,0.4,-2.09
US-02041,2017-11-13,2017-11-19,Consumer,East,Furniture,Furnishings,903.93,2,0.0,118.87
US-02113,2017-11-13,2017-11-16,Consumer,Central,Technology,Machines,1183.33,1,0.0,397.99
US-03605,2017-11-13,2017-11-15,Consumer,Central,Office Supplies,Fasteners,47.21,2,0.0,4.85
US-04504,2017-11-13,2017-11-19,Home Office,East,Office Supplies,Supplies,214.17,5,0.0,31.01
US-04504,2017-11-13,2017-11-18,Consumer,East,Office Supplies,Art,132.11,1,0.4,-46.41
US-01225,2017-11-14,2017-11-15,Home Office,West,Furniture,Bookcases,106.48,1,0.2,-6.42
US-01976,2017-11-14,2017-11-18,Corporate,East,Office Supplies,Fasteners,30.84,2,0.1,-0.12
US-01976,2017-11-14,2017-11-18,Consumer,South,Office Supplies,Supplies,81.34,1,0.15,-4.22
US-02150,2017-11-14,2017-11-18,Home Office,West,Office Supplies,Appliances,381.44,1,0.3,39.56
US-02171,2017-11-14,2017-11-18,Consumer,South,Furniture,Bookcases,835.96,5,0.3,118.67
US-02171,2017-11-14,2017-11-14,Home Office,East,Technology,Accessories,361.15,3,0.1,14.18
US-03818,2017-11-14,2017-11-20,Home Office,West,Office Supplies,Fasteners,5.21,2,0.0,0.48
US-04755,2017-11-14,2017-11-14,Consumer,South,Technology,Copiers,482.91,2,0.0,109.44
US-04755,2017-11-14,2017-11-14,Corporate,West,Furniture,Chairs,421.3,4,0.0,35.88
US-00637,2017-11-15,2017-11-20,Consumer,West,Furniture,Bookcases,1029.95,2,0.0,350.37
US-01875,2017-11-15,2017-11-19,Home Office,East,Technology,Phones,763.98,2,0.0,189.04
US-01875,2017-11-15,2017-11-17,Consumer,East,Furniture,Tables,1608.69,3,0.1,-35.87
US-02593,2017-11-15,2017-11-18,Home Office,West,Furniture,Furnishings,499.53,1,0.0,116.86
US-02593,2017-11-15,2017-11-21,Consumer,South,Office Supplies,Supplies,68.35,3,0.0,18.77
US-02818,2017-11-15,2017-11-20,Home Office,East,Technology,Machines,1424.75,2,0.0,296.7
US-01153,2017-11-16,2017-11-22,Consumer,South,Technology,Phones,1311.2,4,0.0,141.37
US-03268,2017-11-16,2017-11-16,Corporate,East,Furniture,Bookcases,781.98,2,0.5,-322.0
US-03268,2017-11-16,2017-11-19,Home Office,South,Office Supplies,Labels,22.73,1,0.3,-1.59
US-03268,2017-11-16,2017-11-18,Consumer,West,Office Supplies,Binders,178.1,4,0.0,49.51
US-04442,2017-11-16,2017-11-20,Home Office,South,Technology,Copiers,484.37,2,0.0,150.27
US-00480,2017-11-17,2017-11-17,Home Office,Central,Office Supplies,Labels,50.82,2,0.0,9.47
US-01068,2017-11-17,2017-11-21,Corporate,South,Furniture,Tables,1395.99,4,0.0,334.22
US-02502,2017-11-18,2017-11-21,Home Office,South,Furniture,Bookcases,289.26,1,0.0,59.43
US-02502,2017-11-18,2017-11-23,Corporate,West,Technology,Accessories,159.25,1,0.0,53.22
US-03168,2017-11-18,2017-11-21,Corporate,Central,Office Supplies,Art,21.86,1,0.5,-1.14
US-03385,2017-11-18,2017-11-21,Home Office,Central,Technology,Phones,575.26,1,0.1,105.29
US-04456,2017-11-18,2017-11-19,Home Office,East,Office Supplies,Fasteners,62.62,4,0.0,8.37
US-04456,2017-11-18,2017-11-21,Corporate,West,Office Supplies,Supplies,88.05,1,0.0,25.16
US-04543,2017-11-18,2017-11-23,Corporate,East,Technology,Copiers,2331.94,2,0.2,100.72
US-04633,2017-11-18,2017-11-21,Corporate,Central,Technology,Machines,489.51,1,0.0,105.01
US-01329,2017-11-19,2017-11-22,Home Office,Central,Technology,Machines,1965.41,5,0.2,198.04
US-02365,2017-11-19,2017-11-23,Home Office,West,Furniture,Chairs,515.94,1,0.0,59.63
US-02365,2017-11-19,2017-11-21,Consumer,Central,Office Supplies,Storage,395.04,1,0.4,-77.65
US-03345,2017-11-19,2017-11-24,Home Office,West,Technology,Accessories,578.92,3,0.0,81.76
US-04067,2017-11-19,2017-11-19,Corporate,Central,Office Supplies,Fasteners,108.97,4,0.4,-28.92
US-04991,2017-11-19,2017-11-19,Home Office,South,Furniture,Tables,2904.28,3,0.0,645.52
US-00423,2017-11-20,2017-11-22,Home Office,South,Furniture,Chairs,1752.77,3,0.0,137.74
US-00423,2017-11-20,2017-11-21,Corporate,West,Office Supplies,Storage,44.07,2,0.0,15.13
US-03400,2017-11-20,2017-11-22,Consumer,West,Office Supplies,Appliances,736.08,2,0.0,123.25
US-03400,2017-11-20,2017-11-26,Consumer,West,Furniture,Furnishings,894.32,2,0.0,124.43
US-04561,2017-11-20,2017-11-26,Consumer,West,Furniture,Tables,3263.83,5,0.0,904.55
US-04681,2017-11-20,2017-11-21,Consumer,East,Furniture,Bookcases,339.64,1,0.0,113.57
US-04681,2017-11-20,2017-11-25,Home Office,West,Furniture,Tables,2378.97,2,0.15,312.59
US-04681,2017-11-20,2017-11-20,Corporate,West,Technology,Machines,1787.98,3,0.0,343.68
US-04857,2017-11-21,2017-11-22,Consumer,South,Furniture,Chairs,2414.07,4,0.15,402.57
US-04857,2017-11-21,2017-11-21,Corporate,East,Office Supplies,Appliances,22.96,1,0.0,6.12
US-00339,2017-11-22,2017-11-24,Home Office,South,Technology,Accessories,109.17,2,0.0,8.66
US-00959,2017-11-22,2017-11-22,Home Office,Central,Technology,Accessories,794.69,2,0.0,108.72
US-01240,2017-11-22,2017-11-26,Consumer,South,Office Supplies,Envelopes,15.37,2,0.1,-0.17
US-03381,2017-11-22,2017-11-22,Corporate,East,Technology,Machines,3191.24,3,0.0,324.46
US-04332,2017-11-22,2017-11-23,Home Office,West,Technology,Phones,486.74,2,0.0,128.29
US-04989,2017-11-22,2017-11-26,Consumer,East,Technology,Machines,3621.07,5,0.0,383.73
US-00486,2017-11-23,2017-11-24,Home Office,East,Furniture,Tables,4191.95,3,0.0,1284.12
US-02837,2017-11-23,2017-11-29,Home Office,West,Office Supplies,Binders,8.14,1,0.4,-0.54
US-02932,2017-11-23,2017-11-27,Corporate,East,Office Supplies,Art,639.7,3,0.0,74.08
US-03064,2017-11-23,2017-11-28,Corporate,South,Office Supplies,Storage,163.16,1,0.1,38.14
US-03445,2017-11-23,2017-11-23,Corporate,West,Furniture,Tables,1176.1,3,0.15,280.1
US-03445,2017-11-23,2017-11-24,Consumer,West,Office Supplies,Binders,39.35,1,0.0,5.84
US-03445,2017-11-23,2017-11-27,Home Office,South,Office Supplies,Art,781.95,3,0.3,-37.4
US-03794,2017-11-23,2017-11-25,Consumer,West,Technology,Machines,160.22,1,0.15,26.42
US-04690,2017-11-23,2017-11-27,Corporate,East,Technology,Accessories,597.76,3,0.0,44.38
US-04690,2017-11-23,2017-11-23,Consumer,Central,Office Supplies,Fasteners,17.94,1,0.0,1.53
US-00141,2017-11-24,2017-11-25,Consumer,South,Technology,Machines,1457.78,1,0.1,155.97
US-00141,2017-11-24,2017-11-28,Corporate,Central,Furniture,Furnishings,149.33,2,0.0,31.91
US-03255,2017-11-24,2017-11-29,Corporate,West,Office Supplies,Binders,338.99,5,0.1,7.96
US-03255,2017-11-24,2017-11-27,Corporate,South,Furniture,Furnishings,201.87,1,0.1,29.92
US-03255,2017-11-24,2017-11-30,Corporate,East,Office Supplies,Art,217.14,1,0.0,71.74
US-03461,2017-11-24,2017-11-30,Home Office,South,Technology,Copiers,389.22,1,0.3,40.29
US-03635,2017-11-24,2017-11-24,Home Office,Central,Office Supplies,Paper,127.53,1,0.2,9.31
US-04075,2017-11-24,2017-11-27,Consumer,South,Office Supplies,Binders,85.11,1,0.1,12.27
US-04075,2017-11-24,2017-11-28,Home Office,West,Office Supplies,Appliances,670.83,2,0.0,204.23
US-04075,2017-11-24,2017-11-29,Corporate,Central,Furniture,Chairs,2747.05,5,0.0,945.41
US-01447,2017-11-25,2017-11-28,Consumer,East,Technology,Machines,539.21,1,0.0,51.78
US-01447,2017-11-25,2017-11-28,Consumer,Central,Technology,Machines,1163.35,2,0.0,91.48
US-01447,2017-11-25,2017-12-01,Home Office,East,Office Supplies,Envelopes,36.2,4,0.0,2.15
US-01465,2017-11-25,2017-12-01,Corporate,West,Furniture,Bookcases,414.71,2,0.0,61.04
US-02645,2017-11-25,2017-11-29,Home Office,West,Office Supplies,Art,461.98,4,0.1,3.43
US-02645,2017-11-25,2017-11-25,Consumer,East,Technology,Copiers,915.55,1,0.0,111.29
US-04167,2017-11-25,2017-11-28,Consumer,Central,Office Supplies,Supplies,39.51,1,0.0,6.02
US-04167,2017-11-25,2017-11-26,Consumer,Central,Technology,Phones,334.2,1,0.0,54.44
US-04167,2017-11-25,2017-11-29,Home Office,South,Office Supplies,Paper,216.87,4,0.4,-81.87
US-04942,2017-11-25,2017-11-25,Home Office,West,Technology,Phones,1064.14,3,0.15,169.59
US-02307,2017-11-26,2017-11-26,Corporate,South,Technology,Accessories,378.48,2,0.0,64.49
US-02307,2017-11-26,2017-11-26,Home Office,West,Furniture,Chairs,1251.58,5,0.0,204.14
US-02307,2017-11-26,2017-11-26,Consumer,South,Technology,Copiers,5710.96,4,0.0,538.53
US-03814,2017-11-26,2017-11-26,Consumer,South,Furniture,Furnishings,1486.88,3,0.0,82.07
US-04779,2017-11-26,2017-11-28,Home Office,East,Technology,Phones,358.11,1,0.0,52.73
US-04930,2017-11-26,2017-11-30,Consumer,Central,Office Supplies,Binders,17.56,1,0.5,-7.11
US-00466,2017-11-27,2017-12-02,Home Office,West,Office Supplies,Paper,319.18,2,0.0,18.92
US-01879,2017-11-27,2017-12-02,Corporate,East,Furniture,Furnishings,247.83,1,0.0,13.28
US-02309,2017-11-27,2017-11-30,Home Office,Central,Furniture,Bookcases,421.22,2,0.0,135.86
US-03035,2017-11-27,2017-11-30,Consumer,Central,Office Supplies,Art,237.2,1,0.3,22.84
US-03305,2017-11-27,2017-12-03,Consumer,East,Office Supplies,Storage,388.96,1,0.3,52.29
US-03305,2017-11-27,2017-11-28,Home Office,East,Furniture,Tables,2131.7,3,0.0,267.34
US-03582,2017-11-27,2017-12-01,Corporate,Central,Office Supplies,Supplies,56.91,1,0.3,-5.12
US-03582,2017-11-27,2017-11-29,Home Office,East,Furniture,Bookcases,264.99,1,0.0,84.73
US-00671,2017-11-28,2017-11-28,Consumer,Central,Furniture,Furnishings,1803.06,4,0.0,423.7
US-01549,2017-11-28,2017-11-28,Corporate,West,Office Supplies,Fasteners,102.11,5,0.0,11.53
US-03463,2017-11-28,2017-11-30,Corporate,Central,Technology,Phones,616.91,1,0.0,154.97
US-03463,2017-11-28,2017-11-30,Corporate,South,Technology,Phones,988.37,2,0.0,178.32
US-04848,2017-11-28,2017-11-28,Home Office,Central,Office Supplies,Paper,292.93,3,0.15,-34.91
US-00877,2017-11-29,2017-12-02,Corporate,Central,Technology,Accessories,150.21,1,0.0,27.58
US-00894,2017-11-29,2017-12-04,Corporate,South,Furniture,Furnishings,221.26,1,0.0,21.85
US-00894,2017-11-29,2017-12-01,Consumer,South,Technology,Machines,1396.0,2,0.0,479.54
US-00894,2017-11-29,2017-11-30,Corporate,South,Technology,Copiers,1870.1,1,0.0,334.81
US-03091,2017-11-29,2017-12-02,Home Office,West,Furniture,Tables,1183.06,1,0.0,396.26
US-04917,2017-11-29,2017-12-04,Corporate,Central,Technology,Accessories,231.01,2,0.0,43.5
US-01503,2017-11-30,2017-12-06,Consumer,East,Office Supplies,Storage,214.94,2,0.0,29.61
US-03368,2017-11-30,2017-12-05,Corporate,Central,Furniture,Bookcases,278.57,1,0.0,81.66
US-04825,2017-11-30,2017-12-02,Home Office,East,Technology,Copiers,1927.82,1,0.0,508.98
US-04825,2017-11-30,2017-11-30,Home Office,South,Technology,Copiers,711.31,3,0.0,138.04
US-01443,2017-12-01,2017-12-02,Home Office,West,Furniture,Furnishings,146.08,3,0.0,49.6
US-01727,2017-12-01,2017-12-07,Consumer,Central,Technology,Copiers,1903.35,1,0.0,434.19
US-01727,2017-12-01,2017-12-05,Consumer,Central,Furniture,Bookcases,896.77,4,0.0,175.67
US-04280,2017-12-01,2017-12-03,Home Office,East,Furniture,Furnishings,242.6,2,0.0,38.12
US-04710,2017-12-01,2017-12-04,Home Office,West,Technology,Accessories,618.23,2,0.15,-73.35
US-01269,2017-12-02,2017-12-08,Consumer,Central,Office Supplies,Binders,492.19,5,0.1,30.88
US-01269,2017-12-02,2017-12-04,Home Office,Central,Furniture,Furnishings,988.75,4,0.1,127.27
US-01269,2017-12-02,2017-12-08,Consumer,Central,Technology,Phones,951.02,2,0.0,89.08
US-02060,2017-12-02,2017-12-03,Consumer,West,Technology,Machines,4314.78,4,0.15,593.87
US-02060,2017-12-02,2017-12-07,Consumer,Central,Technology,Phones,570.07,2,0.0,39.57
US-04505,2017-12-02,2017-12-04,Corporate,Central,Office Supplies,Labels,46.73,3,0.0,6.16
US-00530,2017-12-03,2017-12-03,Corporate,East,Office Supplies,Paper,581.08,4,0.2,49.46
US-00530,2017-12-03,2017-12-04,Corporate,South,Technology,Accessories,151.08,2,0.0,37.59
US-00530,2017-12-03,2017-12-05,Consumer,South,Technology,Accessories,397.41,1,0.3,-32.82
US-02001,2017-12-03,2017-12-09,Consumer,South,Technology,Machines,1474.4,2,0.0,434.73
US-03108,2017-12-03,2017-12-08,Home Office,Central,Office Supplies,Art,151.38,1,0.0,33.32
US-04850,2017-12-03,2017-12-09,Home Office,South,Furniture,Bookcases,813.15,2,0.0,78.23
US-00825,2017-12-04,2017-12-06,Consumer,East,Technology,Accessories,1022.88,3,0.0,172.25
US-00825,2017-12-04,2017-12-09,Home Office,Central,Office Supplies,Supplies,25.73,1,0.0,3.15
US-00825,2017-12-04,2017-12-04,Consumer,West,Technology,Copiers,313.01,1,0.15,23.51
US-00896,2017-12-04,2017-12-08,Consumer,East,Furniture,Bookcases,633.59,1,0.0,142.47
US-00896,2017-12-04,2017-12-04,Consumer,South,Technology,Copiers,3367.09,2,0.0,462.73
US-01184,2017-12-04,2017-12-08,Corporate,South,Office Supplies,Art,163.48,3,0.0,37.31
US-01184,2017-12-04,2017-12-07,Home Office,East,Office Supplies,Art,158.97,1,0.15,-6.69
US-02936,2017-12-04,2017-12-06,Consumer,East,Technology,Accessories,238.21,1,0.0,64.51
US-03379,2017-12-05,2017-12-06,Home Office,South,Furniture,Furnishings,292.96,1,0.0,85.94
US-03585,2017-12-05,2017-12-07,Corporate,Central,Furniture,Bookcases,110.08,1,0.15,20.17
US-03585,2017-12-05,2017-12-08,Corporate,West,Office Supplies,Supplies,86.31,1,0.0,5.76
US-04102,2017-12-05,2017-12-06,Consumer,Central,Furniture,Tables,439.25,1,0.0,33.01
US-00915,2017-12-06,2017-12-07,Corporate,East,Office Supplies,Appliances,588.42,1,0.15,88.26
US-00915,2017-12-06,2017-12-09,Home Office,Central,Office Supplies,Appliances,1409.46,3,0.2,90.89
US-00915,2017-12-06,2017-12-07,Consumer,Central,Technology,Phones,685.26,2,0.0,221.49
US-03154,2017-12-06,2017-12-08,Consumer,South,Office Supplies,Storage,896.83,3,0.0,98.91
US-04026,2017-12-06,2017-12-12,Corporate,South,Furniture,Chairs,2303.91,3,0.0,559.03
US-04026,2017-12-06,2017-12-11,Corporate,South,Office Supplies,Storage,269.6,2,0.0,48.5
US-00580,2017-12-07,2017-12-13,Corporate,East,Technology,Accessories,21.77,1,0.0,1.59
US-01019,2017-12-07,2017-12-11,Consumer,East,Office Supplies,Fasteners,3.64,1,0.0,1.17
US-01705,2017-12-07,2017-12-12,Corporate,Central,Technology,Phones,632.06,1,0.0,160.75
US-02943,2017-12-07,2017-12-10,Consumer,East,Furniture,Furnishings,393.42,3,0.4,-66.87
US-02943,2017-12-07,2017-12-09,Corporate,Central,Office Supplies,Art,12.91,1,0.1,1.97
US-02943,2017-12-07,2017-12-13,Home Office,South,Office Supplies,Binders,126.99,2,0.0,42.57
US-04463,2017-12-07,2017-12-12,Consumer,East,Technology,Machines,1369.2,2,0.3,-329.71
US-01031,2017-12-08,2017-12-14,Home Office,South,Office Supplies,Supplies,362.32,4,0.0,66.43
US-02463,2017-12-08,2017-12-10,Home Office,South,Furniture,Bookcases,1658.23,4,0.4,-267.3
US-03930,2017-12-08,2017-12-08,Home Office,East,Office Supplies,Binders,86.56,2,0.3,0.46
US-03930,2017-12-08,2017-12-09,Corporate,East,Office Supplies,Envelopes,43.82,1,0.0,8.75
US-03930,2017-12-08,2017-12-13,Corporate,East,Office Supplies,Supplies,99.49,1,0.0,11.01
US-00786,2017-12-09,2017-12-14,Consumer,South,Technology,Copiers,1163.65,1,0.2,-35.4
US-01460,2017-12-09,2017-12-13,Home Office,South,Office Supplies,Fasteners,8.95,2,0.5,-3.86
US-01460,2017-12-09,2017-12-09,Consumer,West,Technology,Machines,971.81,5,0.0,150.6
US-04247,2017-12-09,2017-12-12,Consumer,Central,Technology,Copiers,4835.63,4,0.4,-822.23
US-04247,2017-12-09,2017-12-14,Consumer,East,Furniture,Bookcases,699.78,1,0.0,200.06
US-01757,2017-12-10,2017-12-14,Corporate,South,Office Supplies,Appliances,741.86,1,0.0,223.27
US-01757,2017-12-10,2017-12-10,Corporate,South,Office Supplies,Labels,31.9,1,0.0,1.95
US-01757,2017-12-10,2017-12-16,Corporate,South,Technology,Phones,444.3,1,0.0,125.5
US-04611,2017-12-10,2017-12-10,Home Office,Central,Office Supplies,Art,990.42,4,0.1,1.01
US-02239,2017-12-11,2017-12-16,Home Office,South,Office Supplies,Labels,116.19,3,0.0,12.78
US-02239,2017-12-11,2017-12-12,Consumer,East,Office Supplies,Art,155.73,1,0.0,35.95
US-02930,2017-12-11,2017-12-14,Consumer,Central,Office Supplies,Binders,218.1,3,0.0,42.82
US-02930,2017-12-11,2017-12-16,Consumer,West,Furniture,Tables,799.9,1,0.2,25.25
US-02930,2017-12-11,2017-12-15,Corporate,East,Furniture,Furnishings,1553.19,5,0.2,-3.17
US-03177,2017-12-11,2017-12-11,Corporate,South,Office Supplies,Envelopes,150.5,4,0.4,7.28
US-04759,2017-12-12,2017-12-17,Home Office,West,Furniture,Tables,1853.04,3,0.3,-148.58
US-00333,2017-12-13,2017-12-18,Consumer,West,Office Supplies,Envelopes,70.54,4,0.0,4.6
US-03194,2017-12-13,2017-12-13,Home Office,East,Technology,Machines,2279.65,4,0.0,619.68
US-03456,2017-12-13,2017-12-13,Consumer,East,Furniture,Chairs,2584.12,5,0.1,574.24
US-03456,2017-12-13,2017-12-18,Corporate,South,Furniture,Bookcases,777.37,2,0.0,89.36
US-00346,2017-12-14,2017-12-17,Home Office,West,Furniture,Tables,1154.14,3,0.5,-204.86
US-01088,2017-12-14,2017-12-20,Corporate,Central,Technology,Machines,625.79,1,0.0,69.96
US-01088,2017-12-14,2017-12-14,Home Office,Central,Technology,Accessories,361.9,1,0.0,86.38
US-01088,2017-12-14,2017-12-18,Consumer,West,Office Supplies,Art,1429.01,5,0.0,289.02
US-00384,2017-12-15,2017-12-18,Home Office,East,Technology,Machines,3688.28,3,0.3,-81.07
US-00656,2017-12-15,2017-12-19,Consumer,South,Office Supplies,Labels,145.5,5,0.15,-0.85
US-01392,2017-12-17,2017-12-21,Consumer,East,Office Supplies,Storage,499.63,5,0.0,63.81
US-01636,2017-12-17,2017-12-18,Corporate,West,Office Supplies,Supplies,81.57,1,0.0,8.32
US-01636,2017-12-17,2017-12-19,Corporate,Central,Technology,Phones,803.45,1,0.4,-244.72
US-01967,2017-12-17,2017-12-21,Corporate,West,Technology,Accessories,83.69,3,0.0,13.25
US-02149,2017-12-17,2017-12-18,Home Office,West,Furniture,Furnishings,126.04,3,0.2,-3.57
US-02149,2017-12-17,2017-12-19,Corporate,East,Furniture,Furnishings,1246.15,3,0.0,359.28
US-03690,2017-12-17,2017-12-22,Home Office,South,Office Supplies,Binders,75.36,2,0.2,12.04
US-03690,2017-12-17,2017-12-23,Home Office,Central,Furniture,Bookcases,667.25,1,0.0,95.99
US-04335,2017-12-17,2017-12-18,Corporate,West,Furniture,Furnishings,668.02,3,0.0,155.39
US-01595,2017-12-18,2017-12-23,Corporate,West,Technology,Copiers,3103.42,4,0.0,936.09
US-01078,2017-12-19,2017-12-22,Home Office,Central,Office Supplies,Fasteners,9.46,1,0.2,0.12
US-02214,2017-12-19,2017-12-24,Corporate,East,Office Supplies,Storage,293.62,2,0.0,42.19
US-02265,2017-12-19,2017-12-23,Consumer,West,Technology,Machines,1255.56,1,0.0,399.2
US-02265,2017-12-19,2017-12-24,Corporate,South,Office Supplies,Art,402.21,3,0.0,24.58
US-02265,2017-12-19,2017-12-21,Home Office,East,Furniture,Bookcases,392.48,1,0.0,88.26
US-02493,2017-12-19,2017-12-20,Home Office,Central,Furniture,Chairs,696.85,1,0.0,144.92
US-02493,2017-12-19,2017-12-22,Corporate,South,Furniture,Tables,1224.99,1,0.1,17.57
US-03200,2017-12-19,2017-12-22,Corporate,West,Office Supplies,Art,1427.99,5,0.0,466.13
US-04225,2017-12-19,2017-12-24,Corporate,East,Technology,Phones,1632.09,2,0.0,467.25
US-00719,2017-12-20,2017-12-20,Home Office,South,Furniture,Chairs,763.63,2,0.0,237.01
US-01159,2017-12-20,2017-12-22,Corporate,West,Office Supplies,Fasteners,25.13,4,0.0,6.25
US-01684,2017-12-20,2017-12-24,Corporate,West,Furniture,Furnishings,351.8,4,0.1,-3.47
US-01999,2017-12-20,2017-12-24,Consumer,South,Technology,Phones,549.32,1,0.0,137.73
US-01999,2017-12-20,2017-12-24,Consumer,West,Office Supplies,Supplies,116.32,2,0.0,15.7
US-04753,2017-12-20,2017-12-20,Home Office,West,Office Supplies,Supplies,314.29,4,0.1,55.55
US-00383,2017-12-21,2017-12-22,Consumer,East,Office Supplies,Binders,80.54,5,0.0,14.68
US-00383,2017-12-21,2017-12-21,Home Office,Central,Furniture,Bookcases,686.37,1,0.0,235.18
US-00383,2017-12-21,2017-12-25,Corporate,East,Office Supplies,Paper,950.4,5,0.0,324.13
US-02446,2017-12-21,2017-12-21,Corporate,South,Office Supplies,Supplies,16.71,1,0.0,1.42
US-02446,2017-12-21,2017-12-23,Corporate,South,Technology,Copiers,539.53,1,0.1,19.13
US-00621,2017-12-22,2017-12-26,Home Office,West,Furniture,Chairs,736.45,1,0.0,252.25
US-00621,2017-12-22,2017-12-23,Consumer,West,Technology,Phones,286.16,1,0.0,88.98
US-00621,2017-12-22,2017-12-25,Home Office,West,Furniture,Bookcases,916.59,4,0.0,53.69
US-02293,2017-12-22,2017-12-23,Corporate,East,Furniture,Tables,2193.85,2,0.0,733.06
US-04719,2017-12-22,2017-12-26,Corporate,South,Office Supplies,Appliances,2232.43,3,0.0,197.76
US-00555,2017-12-23,2017-12-26,Corporate,West,Technology,Copiers,881.25,2,0.0,52.42
US-00733,2017-12-23,2017-12-27,Corporate,Central,Furniture,Chairs,557.03,2,0.15,69.74
US-02046,2017-12-23,2017-12-28,Home Office,East,Office Supplies,Binders,59.11,1,0.2,-5.16
US-02686,2017-12-23,2017-12-25,Home Office,South,Furniture,Furnishings,1652.4,4,0.0,329.4
US-02686,2017-12-23,2017-12-24,Home Office,East,Office Supplies,Storage,1348.14,4,0.0,311.03
US-03322,2017-12-23,2017-12-26,Home Office,South,Office Supplies,Binders,71.8,2,0.0,8.01
US-03416,2017-12-23,2017-12-26,Corporate,Central,Furniture,Chairs,2599.3,4,0.15,70.9
US-03416,2017-12-23,2017-12-29,Corporate,South,Furniture,Tables,2352.49,3,0.15,28.46
US-03416,2017-12-23,2017-12-27,Corporate,South,Furniture,Chairs,1021.73,2,0.0,189.83
US-03526,2017-12-23,2017-12-24,Consumer,West,Furniture,Bookcases,2027.51,4,0.0,540.78
US-03653,2017-12-23,2017-12-29,Home Office,East,Technology,Accessories,876.03,4,0.0,61.28
US-00329,2017-12-24,2017-12-25,Consumer,South,Technology,Phones,795.49,1,0.2,-26.03
US-00329,2017-12-24,2017-12-27,Consumer,West,Technology,Accessories,183.07,1,0.0,36.62
US-01878,2017-12-24,2017-12-30,Home Office,Central,Technology,Copiers,1318.3,2,0.0,293.75
US-02795,2017-12-24,2017-12-26,Corporate,Central,Furniture,Bookcases,3162.53,5,0.0,231.97
US-03166,2017-12-24,2017-12-26,Consumer,East,Furniture,Tables,1442.44,2,0.3,-84.82
US-03166,2017-12-24,2017-12-26,Home Office,East,Furniture,Chairs,869.13,4,0.1,185.48
US-00336,2017-12-25,2017-12-30,Consumer,East,Office Supplies,Storage,298.46,4,0.0,47.47
US-00336,2017-12-25,2017-12-31,Corporate,South,Furniture,Furnishings,69.05,2,0.0,13.01
US-01218,2017-12-25,2017-12-30,Home Office,West,Furniture,Chairs,683.51,1,0.0,124.63
US-02302,2017-12-25,2017-12-28,Corporate,Central,Office Supplies,Art,10.66,1,0.15,-0.65
US-01948,2017-12-26,2017-12-27,Consumer,Central,Office Supplies,Binders,59.41,1,0.1,2.06
US-04074,2017-12-26,2017-12-29,Corporate,West,Furniture,Chairs,228.43,2,0.2,-5.67
US-04074,2017-12-26,2017-12-27,Corporate,South,Office Supplies,Storage,371.77,5,0.0,120.64
US-04965,2017-12-26,2017-12-27,Corporate,South,Office Supplies,Paper,178.82,2,0.0,42.69
US-04965,2017-12-26,2017-12-28,Home Office,East,Office Supplies,Art,185.21,1,0.0,14.32
US-04965,2017-12-26,2017-12-30,Corporate,East,Furniture,Bookcases,255.03,1,0.4,-95.23
US-01883,2017-12-27,2017-12-30,Corporate,East,Furniture,Bookcases,1883.37,3,0.0,390.62
US-01938,2017-12-27,2018-01-01,Consumer,Central,Technology,Accessories,1469.61,4,0.0,121.54
US-02355,2017-12-27,2018-01-02,Corporate,West,Office Supplies,Appliances,323.3,1,0.0,100.56
US-02998,2017-12-27,2017-12-29,Corporate,Central,Furniture,Chairs,1484.52,2,0.1,-54.12
US-01519,2017-12-28,2018-01-03,Home Office,South,Office Supplies,Art,41.42,1,0.1,3.19
US-01519,2017-12-28,2018-01-02,Consumer,South,Furniture,Furnishings,271.53,1,0.0,35.25
US-01519,2017-12-28,2017-12-29,Corporate,East,Furniture,Chairs,789.95,1,0.15,-11.3
US-01844,2017-12-28,2017-12-28,Home Office,East,Technology,Accessories,241.07,2,0.0,45.7
US-01860,2017-12-28,2017-12-28,Corporate,West,Office Supplies,Art,39.87,3,0.1,10.53
US-01860,2017-12-28,2017-12-28,Corporate,West,Office Supplies,Storage,568.01,4,0.0,151.46
US-01860,2017-12-28,2017-12-31,Corporate,Central,Office Supplies,Envelopes,61.69,2,0.4,-23.28
US-01869,2017-12-28,2017-12-29,Consumer,South,Technology,Phones,701.72,1,0.0,57.33
US-04663,2017-12-28,2017-12-28,Home Office,West,Technology,Copiers,7936.13,5,0.0,833.5
US-01355,2017-12-29,2018-01-02,Consumer,East,Furniture,Chairs,230.81,1,0.0,43.64
US-03866,2017-12-29,2017-12-29,Home Office,Central,Technology,Accessories,278.16,1,0.0,35.5
US-00134,2017-12-30,2018-01-02,Corporate,East,Office Supplies,Art,347.1,2,0.2,26.88
US-00869,2017-12-30,2017-12-31,Consumer,South,Furniture,Furnishings,299.24,1,0.15,51.11
US-00869,2017-12-30,2018-01-01,Consumer,South,Furniture,Furnishings,200.0,1,0.15,41.31
US-03144,2017-12-30,2017-12-30,Home Office,Central,Office Supplies,Binders,248.35,5,0.0,36.33
US-04032,2017-12-30,2018-01-05,Corporate,Central,Furniture,Bookcases,664.69,5,0.0,206.38
US-04032,2017-12-30,2018-01-02,Corporate,East,Technology,Accessories,316.08,1,0.0,50.26
US-04206,2017-12-30,2017-12-31,Home Office,Central,Furniture,Chairs,155.0,1,0.0,43.39
US-04206,2017-12-30,2018-01-01,Corporate,South,Office Supplies,Labels,15.45,1,0.2,0.22
US-04206,2017-12-30,2018-01-05,Consumer,East,Office Supplies,Fasteners,96.75,4,0.5,-34.01
US-01327,2017-12-31,2018-01-05,Consumer,Central,Office Supplies,Appliances,198.05,1,0.0,15.26
US-01327,2017-12-31,2018-01-06,Home Office,West,Technology,Copiers,2280.22,4,0.0,394.73
